[2026-05-19 04:48:54] laravel.EMERGENCY: Unable to create configured logger. Using emergency logger. {"exception":"[object] (InvalidArgumentException(code: 0): Log [] is not defined. at D:/Kuliah/Semester 4/Pemweb/Projek/vendor/laravel/framework/src/Illuminate/Log/LogManager.php:212)
[stacktrace]
#0 D:/Kuliah/Semester 4/Pemweb/Projek/vendor/laravel/framework/src/Illuminate/Log/LogManager.php(137): Illuminate/Log/LogManager->resolve(NULL, NULL)
#1 D:/Kuliah/Semester 4/Pemweb/Projek/vendor/laravel/framework/src/Illuminate/Log/LogManager.php(124): Illuminate/Log/LogManager->get(NULL)
#2 D:/Kuliah/Semester 4/Pemweb/Projek/vendor/laravel/framework/src/Illuminate/Log/LogManager.php(681): Illuminate/Log/LogManager->driver()
#3 D:/Kuliah/Semester 4/Pemweb/Projek/vendor/laravel/framework/src/Illuminate/Foundation/Exceptions/Handler.php(317): Illuminate/Log/LogManager->error('The D://Kuliah//S...', Array)
#4 D:/Kuliah/Semester 4/Pemweb/Projek/vendor/laravel/framework/src/Illuminate/Foundation/Exceptions/Handler.php(278): Illuminate/Foundation/Exceptions/Handler->reportThrowable(Object(Exception))
#5 D:/Kuliah/Semester 4/Pemweb/Projek/vendor/laravel/framework/src/Illuminate/Foundation/Console/Kernel.php(523): Illuminate/Foundation/Exceptions/Handler->report(Object(Exception))
#6 D:/Kuliah/Semester 4/Pemweb/Projek/vendor/laravel/framework/src/Illuminate/Foundation/Console/Kernel.php(203): Illuminate/Foundation/Console/Kernel->reportException(Object(Exception))
#7 D:/Kuliah/Semester 4/Pemweb/Projek/artisan(17): Illuminate/Foundation/Console/Kernel->handle(Object(Symfony/Component/Console/Input/ArgvInput), Object(Symfony/Component/Console/Output/ConsoleOutput))
#8 {main}
"} 
[2026-05-19 04:48:54] laravel.ERROR: The D:\Kuliah\Semester 4\Pemweb\Projek\bootstrap\cache directory must be present and writable. {"exception":"[object] (Exception(code: 0): The D:\\Kuliah\\Semester 4\\Pemweb\\Projek\\bootstrap\\cache directory must be present and writable. at D:/Kuliah/Semester 4/Pemweb/Projek/vendor/laravel/framework/src/Illuminate/Foundation/PackageManifest.php:178)
[stacktrace]
#0 D:/Kuliah/Semester 4/Pemweb/Projek/vendor/laravel/framework/src/Illuminate/Foundation/PackageManifest.php(131): Illuminate/Foundation/PackageManifest->write(Array)
#1 D:/Kuliah/Semester 4/Pemweb/Projek/vendor/laravel/framework/src/Illuminate/Foundation/PackageManifest.php(107): Illuminate/Foundation/PackageManifest->build()
#2 D:/Kuliah/Semester 4/Pemweb/Projek/vendor/laravel/framework/src/Illuminate/Foundation/PackageManifest.php(90): Illuminate/Foundation/PackageManifest->getManifest()
#3 D:/Kuliah/Semester 4/Pemweb/Projek/vendor/laravel/framework/src/Illuminate/Foundation/PackageManifest.php(79): Illuminate/Foundation/PackageManifest->config('aliases')
#4 D:/Kuliah/Semester 4/Pemweb/Projek/vendor/laravel/framework/src/Illuminate/Foundation/Bootstrap/RegisterFacades.php(26): Illuminate/Foundation/PackageManifest->aliases()
#5 D:/Kuliah/Semester 4/Pemweb/Projek/vendor/laravel/framework/src/Illuminate/Foundation/Application.php(286): Illuminate/Foundation/Bootstrap/RegisterFacades->bootstrap(Object(Illuminate/Foundation/Application))
#6 D:/Kuliah/Semester 4/Pemweb/Projek/vendor/laravel/framework/src/Illuminate/Foundation/Console/Kernel.php(447): Illuminate/Foundation/Application->bootstrapWith(Array)
#7 D:/Kuliah/Semester 4/Pemweb/Projek/vendor/laravel/framework/src/Illuminate/Foundation/Console/Kernel.php(199): Illuminate/Foundation/Console/Kernel->bootstrap()
#8 D:/Kuliah/Semester 4/Pemweb/Projek/artisan(17): Illuminate/Foundation/Console/Kernel->handle(Object(Symfony/Component/Console/Input/ArgvInput), Object(Symfony/Component/Console/Output/ConsoleOutput))
#9 {main}
"} 
[2026-05-19 04:50:01] laravel.EMERGENCY: Unable to create configured logger. Using emergency logger. {"exception":"[object] (InvalidArgumentException(code: 0): Log [] is not defined. at D:/Kuliah/Semester 4/Pemweb/Projek/vendor/laravel/framework/src/Illuminate/Log/LogManager.php:212)
[stacktrace]
#0 D:/Kuliah/Semester 4/Pemweb/Projek/vendor/laravel/framework/src/Illuminate/Log/LogManager.php(137): Illuminate/Log/LogManager->resolve(NULL, NULL)
#1 D:/Kuliah/Semester 4/Pemweb/Projek/vendor/laravel/framework/src/Illuminate/Log/LogManager.php(124): Illuminate/Log/LogManager->get(NULL)
#2 D:/Kuliah/Semester 4/Pemweb/Projek/vendor/laravel/framework/src/Illuminate/Log/LogManager.php(681): Illuminate/Log/LogManager->driver()
#3 D:/Kuliah/Semester 4/Pemweb/Projek/vendor/laravel/framework/src/Illuminate/Foundation/Exceptions/Handler.php(317): Illuminate/Log/LogManager->error('Method Illumina...', Array)
#4 D:/Kuliah/Semester 4/Pemweb/Projek/vendor/laravel/framework/src/Illuminate/Foundation/Exceptions/Handler.php(278): Illuminate/Foundation/Exceptions/Handler->reportThrowable(Object(BadMethodCallException))
#5 D:/Kuliah/Semester 4/Pemweb/Projek/vendor/nunomaduro/collision/src/Adapters/Laravel/ExceptionHandler.php(46): Illuminate/Foundation/Exceptions/Handler->report(Object(BadMethodCallException))
#6 D:/Kuliah/Semester 4/Pemweb/Projek/vendor/laravel/framework/src/Illuminate/Foundation/Console/Kernel.php(523): NunoMaduro/Collision/Adapters/Laravel/ExceptionHandler->report(Object(BadMethodCallException))
#7 D:/Kuliah/Semester 4/Pemweb/Projek/vendor/laravel/framework/src/Illuminate/Foundation/Console/Kernel.php(203): Illuminate/Foundation/Console/Kernel->reportException(Object(BadMethodCallException))
#8 D:/Kuliah/Semester 4/Pemweb/Projek/artisan(17): Illuminate/Foundation/Console/Kernel->handle(Object(Symfony/Component/Console/Input/ArgvInput), Object(Symfony/Component/Console/Output/ConsoleOutput))
#9 {main}
"} 
[2026-05-19 04:50:01] laravel.ERROR: Method Illuminate\Foundation\Console\ClosureCommand::hourly does not exist. {"exception":"[object] (BadMethodCallException(code: 0): Method Illuminate\\Foundation\\Console\\ClosureCommand::hourly does not exist. at D:/Kuliah/Semester 4/Pemweb/Projek/vendor/laravel/framework/src/Illuminate/Macroable/Traits/Macroable.php:112)
[stacktrace]
#0 D:/Kuliah/Semester 4/Pemweb/Projek/routes/console.php(10): Illuminate/Console/Command->__call('hourly', Array)
#1 D:/Kuliah/Semester 4/Pemweb/Projek/app/Console/Kernel.php(25): require('D://Kuliah//Semes...')
#2 D:/Kuliah/Semester 4/Pemweb/Projek/vendor/laravel/framework/src/Illuminate/Foundation/Console/Kernel.php(453): App/Console/Kernel->commands()
#3 D:/Kuliah/Semester 4/Pemweb/Projek/vendor/laravel/framework/src/Illuminate/Foundation/Console/Kernel.php(199): Illuminate/Foundation/Console/Kernel->bootstrap()
#4 D:/Kuliah/Semester 4/Pemweb/Projek/artisan(17): Illuminate/Foundation/Console/Kernel->handle(Object(Symfony/Component/Console/Input/ArgvInput), Object(Symfony/Component/Console/Output/ConsoleOutput))
#5 {main}
"} 
[2026-05-19 04:50:09] laravel.EMERGENCY: Unable to create configured logger. Using emergency logger. {"exception":"[object] (InvalidArgumentException(code: 0): Log [] is not defined. at D:/Kuliah/Semester 4/Pemweb/Projek/vendor/laravel/framework/src/Illuminate/Log/LogManager.php:212)
[stacktrace]
#0 D:/Kuliah/Semester 4/Pemweb/Projek/vendor/laravel/framework/src/Illuminate/Log/LogManager.php(137): Illuminate/Log/LogManager->resolve(NULL, NULL)
#1 D:/Kuliah/Semester 4/Pemweb/Projek/vendor/laravel/framework/src/Illuminate/Log/LogManager.php(124): Illuminate/Log/LogManager->get(NULL)
#2 D:/Kuliah/Semester 4/Pemweb/Projek/vendor/laravel/framework/src/Illuminate/Log/LogManager.php(681): Illuminate/Log/LogManager->driver()
#3 D:/Kuliah/Semester 4/Pemweb/Projek/vendor/laravel/framework/src/Illuminate/Foundation/Exceptions/Handler.php(317): Illuminate/Log/LogManager->error('Method Illumina...', Array)
#4 D:/Kuliah/Semester 4/Pemweb/Projek/vendor/laravel/framework/src/Illuminate/Foundation/Exceptions/Handler.php(278): Illuminate/Foundation/Exceptions/Handler->reportThrowable(Object(BadMethodCallException))
#5 D:/Kuliah/Semester 4/Pemweb/Projek/vendor/nunomaduro/collision/src/Adapters/Laravel/ExceptionHandler.php(46): Illuminate/Foundation/Exceptions/Handler->report(Object(BadMethodCallException))
#6 D:/Kuliah/Semester 4/Pemweb/Projek/vendor/laravel/framework/src/Illuminate/Foundation/Console/Kernel.php(523): NunoMaduro/Collision/Adapters/Laravel/ExceptionHandler->report(Object(BadMethodCallException))
#7 D:/Kuliah/Semester 4/Pemweb/Projek/vendor/laravel/framework/src/Illuminate/Foundation/Console/Kernel.php(203): Illuminate/Foundation/Console/Kernel->reportException(Object(BadMethodCallException))
#8 D:/Kuliah/Semester 4/Pemweb/Projek/artisan(17): Illuminate/Foundation/Console/Kernel->handle(Object(Symfony/Component/Console/Input/ArgvInput), Object(Symfony/Component/Console/Output/ConsoleOutput))
#9 {main}
"} 
[2026-05-19 04:50:09] laravel.ERROR: Method Illuminate\Foundation\Console\ClosureCommand::hourly does not exist. {"exception":"[object] (BadMethodCallException(code: 0): Method Illuminate\\Foundation\\Console\\ClosureCommand::hourly does not exist. at D:/Kuliah/Semester 4/Pemweb/Projek/vendor/laravel/framework/src/Illuminate/Macroable/Traits/Macroable.php:112)
[stacktrace]
#0 D:/Kuliah/Semester 4/Pemweb/Projek/routes/console.php(10): Illuminate/Console/Command->__call('hourly', Array)
#1 D:/Kuliah/Semester 4/Pemweb/Projek/app/Console/Kernel.php(25): require('D://Kuliah//Semes...')
#2 D:/Kuliah/Semester 4/Pemweb/Projek/vendor/laravel/framework/src/Illuminate/Foundation/Console/Kernel.php(453): App/Console/Kernel->commands()
#3 D:/Kuliah/Semester 4/Pemweb/Projek/vendor/laravel/framework/src/Illuminate/Foundation/Console/Kernel.php(199): Illuminate/Foundation/Console/Kernel->bootstrap()
#4 D:/Kuliah/Semester 4/Pemweb/Projek/artisan(17): Illuminate/Foundation/Console/Kernel->handle(Object(Symfony/Component/Console/Input/ArgvInput), Object(Symfony/Component/Console/Output/ConsoleOutput))
#5 {main}
"} 
[2026-05-19 04:51:41] laravel.EMERGENCY: Unable to create configured logger. Using emergency logger. {"exception":"[object] (InvalidArgumentException(code: 0): Log [] is not defined. at D:/Kuliah/Semester 4/Pemweb/Projek/vendor/laravel/framework/src/Illuminate/Log/LogManager.php:212)
[stacktrace]
#0 D:/Kuliah/Semester 4/Pemweb/Projek/vendor/laravel/framework/src/Illuminate/Log/LogManager.php(137): Illuminate/Log/LogManager->resolve(NULL, NULL)
#1 D:/Kuliah/Semester 4/Pemweb/Projek/vendor/laravel/framework/src/Illuminate/Log/LogManager.php(124): Illuminate/Log/LogManager->get(NULL)
#2 D:/Kuliah/Semester 4/Pemweb/Projek/vendor/laravel/framework/src/Illuminate/Log/LogManager.php(681): Illuminate/Log/LogManager->driver()
#3 D:/Kuliah/Semester 4/Pemweb/Projek/vendor/laravel/framework/src/Illuminate/Foundation/Exceptions/Handler.php(317): Illuminate/Log/LogManager->error('Method Illumina...', Array)
#4 D:/Kuliah/Semester 4/Pemweb/Projek/vendor/laravel/framework/src/Illuminate/Foundation/Exceptions/Handler.php(278): Illuminate/Foundation/Exceptions/Handler->reportThrowable(Object(BadMethodCallException))
#5 D:/Kuliah/Semester 4/Pemweb/Projek/vendor/nunomaduro/collision/src/Adapters/Laravel/ExceptionHandler.php(46): Illuminate/Foundation/Exceptions/Handler->report(Object(BadMethodCallException))
#6 D:/Kuliah/Semester 4/Pemweb/Projek/vendor/laravel/framework/src/Illuminate/Foundation/Console/Kernel.php(523): NunoMaduro/Collision/Adapters/Laravel/ExceptionHandler->report(Object(BadMethodCallException))
#7 D:/Kuliah/Semester 4/Pemweb/Projek/vendor/laravel/framework/src/Illuminate/Foundation/Console/Kernel.php(203): Illuminate/Foundation/Console/Kernel->reportException(Object(BadMethodCallException))
#8 D:/Kuliah/Semester 4/Pemweb/Projek/artisan(17): Illuminate/Foundation/Console/Kernel->handle(Object(Symfony/Component/Console/Input/ArgvInput), Object(Symfony/Component/Console/Output/ConsoleOutput))
#9 {main}
"} 
[2026-05-19 04:51:41] laravel.ERROR: Method Illuminate\Foundation\Console\ClosureCommand::hourly does not exist. {"exception":"[object] (BadMethodCallException(code: 0): Method Illuminate\\Foundation\\Console\\ClosureCommand::hourly does not exist. at D:/Kuliah/Semester 4/Pemweb/Projek/vendor/laravel/framework/src/Illuminate/Macroable/Traits/Macroable.php:112)
[stacktrace]
#0 D:/Kuliah/Semester 4/Pemweb/Projek/routes/console.php(10): Illuminate/Console/Command->__call('hourly', Array)
#1 D:/Kuliah/Semester 4/Pemweb/Projek/app/Console/Kernel.php(25): require('D://Kuliah//Semes...')
#2 D:/Kuliah/Semester 4/Pemweb/Projek/vendor/laravel/framework/src/Illuminate/Foundation/Console/Kernel.php(453): App/Console/Kernel->commands()
#3 D:/Kuliah/Semester 4/Pemweb/Projek/vendor/laravel/framework/src/Illuminate/Foundation/Console/Kernel.php(199): Illuminate/Foundation/Console/Kernel->bootstrap()
#4 D:/Kuliah/Semester 4/Pemweb/Projek/artisan(17): Illuminate/Foundation/Console/Kernel->handle(Object(Symfony/Component/Console/Input/ArgvInput), Object(Symfony/Component/Console/Output/ConsoleOutput))
#5 {main}
"} 
[2026-05-19 04:54:24] laravel.EMERGENCY: Unable to create configured logger. Using emergency logger. {"exception":"[object] (InvalidArgumentException(code: 0): Log [] is not defined. at D:/Kuliah/Semester 4/Pemweb/Projek/vendor/laravel/framework/src/Illuminate/Log/LogManager.php:212)
[stacktrace]
#0 D:/Kuliah/Semester 4/Pemweb/Projek/vendor/laravel/framework/src/Illuminate/Log/LogManager.php(137): Illuminate/Log/LogManager->resolve(NULL, NULL)
#1 D:/Kuliah/Semester 4/Pemweb/Projek/vendor/laravel/framework/src/Illuminate/Log/LogManager.php(124): Illuminate/Log/LogManager->get(NULL)
#2 D:/Kuliah/Semester 4/Pemweb/Projek/vendor/laravel/framework/src/Illuminate/Log/LogManager.php(681): Illuminate/Log/LogManager->driver()
#3 D:/Kuliah/Semester 4/Pemweb/Projek/vendor/laravel/framework/src/Illuminate/Foundation/Exceptions/Handler.php(317): Illuminate/Log/LogManager->error('Command \"serve\"...', Array)
#4 D:/Kuliah/Semester 4/Pemweb/Projek/vendor/laravel/framework/src/Illuminate/Foundation/Exceptions/Handler.php(278): Illuminate/Foundation/Exceptions/Handler->reportThrowable(Object(Symfony/Component/Console/Exception/CommandNotFoundException))
#5 D:/Kuliah/Semester 4/Pemweb/Projek/vendor/nunomaduro/collision/src/Adapters/Laravel/ExceptionHandler.php(46): Illuminate/Foundation/Exceptions/Handler->report(Object(Symfony/Component/Console/Exception/CommandNotFoundException))
#6 D:/Kuliah/Semester 4/Pemweb/Projek/vendor/laravel/framework/src/Illuminate/Foundation/Console/Kernel.php(523): NunoMaduro/Collision/Adapters/Laravel/ExceptionHandler->report(Object(Symfony/Component/Console/Exception/CommandNotFoundException))
#7 D:/Kuliah/Semester 4/Pemweb/Projek/vendor/laravel/framework/src/Illuminate/Foundation/Console/Kernel.php(203): Illuminate/Foundation/Console/Kernel->reportException(Object(Symfony/Component/Console/Exception/CommandNotFoundException))
#8 D:/Kuliah/Semester 4/Pemweb/Projek/artisan(17): Illuminate/Foundation/Console/Kernel->handle(Object(Symfony/Component/Console/Input/ArgvInput), Object(Symfony/Component/Console/Output/ConsoleOutput))
#9 {main}
"} 
[2026-05-19 04:54:24] laravel.ERROR: Command "serve" is not defined. {"exception":"[object] (Symfony\\Component\\Console\\Exception\\CommandNotFoundException(code: 0): Command \"serve\" is not defined. at D:/Kuliah/Semester 4/Pemweb/Projek/vendor/symfony/console/Application.php:745)
[stacktrace]
#0 D:/Kuliah/Semester 4/Pemweb/Projek/vendor/symfony/console/Application.php(266): Symfony/Component/Console/Application->find('serve')
#1 D:/Kuliah/Semester 4/Pemweb/Projek/vendor/symfony/console/Application.php(175): Symfony/Component/Console/Application->doRun(Object(Symfony/Component/Console/Input/ArgvInput), Object(Symfony/Component/Console/Output/ConsoleOutput))
#2 D:/Kuliah/Semester 4/Pemweb/Projek/vendor/laravel/framework/src/Illuminate/Foundation/Console/Kernel.php(201): Symfony/Component/Console/Application->run(Object(Symfony/Component/Console/Input/ArgvInput), Object(Symfony/Component/Console/Output/ConsoleOutput))
#3 D:/Kuliah/Semester 4/Pemweb/Projek/artisan(17): Illuminate/Foundation/Console/Kernel->handle(Object(Symfony/Component/Console/Input/ArgvInput), Object(Symfony/Component/Console/Output/ConsoleOutput))
#4 {main}
"} 
[2026-05-19 04:56:56] laravel.EMERGENCY: Unable to create configured logger. Using emergency logger. {"exception":"[object] (InvalidArgumentException(code: 0): Log [] is not defined. at D:/Kuliah/Semester 4/Pemweb/Projek/vendor/laravel/framework/src/Illuminate/Log/LogManager.php:212)
[stacktrace]
#0 D:/Kuliah/Semester 4/Pemweb/Projek/vendor/laravel/framework/src/Illuminate/Log/LogManager.php(137): Illuminate/Log/LogManager->resolve(NULL, NULL)
#1 D:/Kuliah/Semester 4/Pemweb/Projek/vendor/laravel/framework/src/Illuminate/Log/LogManager.php(124): Illuminate/Log/LogManager->get(NULL)
#2 D:/Kuliah/Semester 4/Pemweb/Projek/vendor/laravel/framework/src/Illuminate/Log/LogManager.php(681): Illuminate/Log/LogManager->driver()
#3 D:/Kuliah/Semester 4/Pemweb/Projek/vendor/laravel/framework/src/Illuminate/Foundation/Exceptions/Handler.php(317): Illuminate/Log/LogManager->error('There are no co...', Array)
#4 D:/Kuliah/Semester 4/Pemweb/Projek/vendor/laravel/framework/src/Illuminate/Foundation/Exceptions/Handler.php(278): Illuminate/Foundation/Exceptions/Handler->reportThrowable(Object(Symfony/Component/Console/Exception/NamespaceNotFoundException))
#5 D:/Kuliah/Semester 4/Pemweb/Projek/vendor/nunomaduro/collision/src/Adapters/Laravel/ExceptionHandler.php(46): Illuminate/Foundation/Exceptions/Handler->report(Object(Symfony/Component/Console/Exception/NamespaceNotFoundException))
#6 D:/Kuliah/Semester 4/Pemweb/Projek/vendor/laravel/framework/src/Illuminate/Foundation/Console/Kernel.php(523): NunoMaduro/Collision/Adapters/Laravel/ExceptionHandler->report(Object(Symfony/Component/Console/Exception/NamespaceNotFoundException))
#7 D:/Kuliah/Semester 4/Pemweb/Projek/vendor/laravel/framework/src/Illuminate/Foundation/Console/Kernel.php(203): Illuminate/Foundation/Console/Kernel->reportException(Object(Symfony/Component/Console/Exception/NamespaceNotFoundException))
#8 D:/Kuliah/Semester 4/Pemweb/Projek/artisan(17): Illuminate/Foundation/Console/Kernel->handle(Object(Symfony/Component/Console/Input/ArgvInput), Object(Symfony/Component/Console/Output/ConsoleOutput))
#9 {main}
"} 
[2026-05-19 04:56:56] laravel.ERROR: There are no commands defined in the "package" namespace. {"exception":"[object] (Symfony\\Component\\Console\\Exception\\NamespaceNotFoundException(code: 0): There are no commands defined in the \"package\" namespace. at D:/Kuliah/Semester 4/Pemweb/Projek/vendor/symfony/console/Application.php:678)
[stacktrace]
#0 D:/Kuliah/Semester 4/Pemweb/Projek/vendor/symfony/console/Application.php(729): Symfony/Component/Console/Application->findNamespace('package')
#1 D:/Kuliah/Semester 4/Pemweb/Projek/vendor/symfony/console/Application.php(266): Symfony/Component/Console/Application->find('package:discove...')
#2 D:/Kuliah/Semester 4/Pemweb/Projek/vendor/symfony/console/Application.php(175): Symfony/Component/Console/Application->doRun(Object(Symfony/Component/Console/Input/ArgvInput), Object(Symfony/Component/Console/Output/ConsoleOutput))
#3 D:/Kuliah/Semester 4/Pemweb/Projek/vendor/laravel/framework/src/Illuminate/Foundation/Console/Kernel.php(201): Symfony/Component/Console/Application->run(Object(Symfony/Component/Console/Input/ArgvInput), Object(Symfony/Component/Console/Output/ConsoleOutput))
#4 D:/Kuliah/Semester 4/Pemweb/Projek/artisan(17): Illuminate/Foundation/Console/Kernel->handle(Object(Symfony/Component/Console/Input/ArgvInput), Object(Symfony/Component/Console/Output/ConsoleOutput))
#5 {main}
"} 
[2026-05-19 05:06:53] laravel.EMERGENCY: Unable to create configured logger. Using emergency logger. {"exception":"[object] (InvalidArgumentException(code: 0): Log [] is not defined. at D:/Kuliah/Semester 4/Pemweb/Projek/vendor/laravel/framework/src/Illuminate/Log/LogManager.php:212)
[stacktrace]
#0 D:/Kuliah/Semester 4/Pemweb/Projek/vendor/laravel/framework/src/Illuminate/Log/LogManager.php(137): Illuminate/Log/LogManager->resolve(NULL, NULL)
#1 D:/Kuliah/Semester 4/Pemweb/Projek/vendor/laravel/framework/src/Illuminate/Log/LogManager.php(124): Illuminate/Log/LogManager->get(NULL)
#2 D:/Kuliah/Semester 4/Pemweb/Projek/vendor/laravel/framework/src/Illuminate/Log/LogManager.php(681): Illuminate/Log/LogManager->driver()
#3 D:/Kuliah/Semester 4/Pemweb/Projek/vendor/laravel/framework/src/Illuminate/Foundation/Exceptions/Handler.php(317): Illuminate/Log/LogManager->error('Command \"serve\"...', Array)
#4 D:/Kuliah/Semester 4/Pemweb/Projek/vendor/laravel/framework/src/Illuminate/Foundation/Exceptions/Handler.php(278): Illuminate/Foundation/Exceptions/Handler->reportThrowable(Object(Symfony/Component/Console/Exception/CommandNotFoundException))
#5 D:/Kuliah/Semester 4/Pemweb/Projek/vendor/nunomaduro/collision/src/Adapters/Laravel/ExceptionHandler.php(46): Illuminate/Foundation/Exceptions/Handler->report(Object(Symfony/Component/Console/Exception/CommandNotFoundException))
#6 D:/Kuliah/Semester 4/Pemweb/Projek/vendor/laravel/framework/src/Illuminate/Foundation/Console/Kernel.php(523): NunoMaduro/Collision/Adapters/Laravel/ExceptionHandler->report(Object(Symfony/Component/Console/Exception/CommandNotFoundException))
#7 D:/Kuliah/Semester 4/Pemweb/Projek/vendor/laravel/framework/src/Illuminate/Foundation/Console/Kernel.php(203): Illuminate/Foundation/Console/Kernel->reportException(Object(Symfony/Component/Console/Exception/CommandNotFoundException))
#8 D:/Kuliah/Semester 4/Pemweb/Projek/artisan(17): Illuminate/Foundation/Console/Kernel->handle(Object(Symfony/Component/Console/Input/ArgvInput), Object(Symfony/Component/Console/Output/ConsoleOutput))
#9 {main}
"} 
[2026-05-19 05:06:53] laravel.ERROR: Command "serve" is not defined. {"exception":"[object] (Symfony\\Component\\Console\\Exception\\CommandNotFoundException(code: 0): Command \"serve\" is not defined. at D:/Kuliah/Semester 4/Pemweb/Projek/vendor/symfony/console/Application.php:745)
[stacktrace]
#0 D:/Kuliah/Semester 4/Pemweb/Projek/vendor/symfony/console/Application.php(266): Symfony/Component/Console/Application->find('serve')
#1 D:/Kuliah/Semester 4/Pemweb/Projek/vendor/symfony/console/Application.php(175): Symfony/Component/Console/Application->doRun(Object(Symfony/Component/Console/Input/ArgvInput), Object(Symfony/Component/Console/Output/ConsoleOutput))
#2 D:/Kuliah/Semester 4/Pemweb/Projek/vendor/laravel/framework/src/Illuminate/Foundation/Console/Kernel.php(201): Symfony/Component/Console/Application->run(Object(Symfony/Component/Console/Input/ArgvInput), Object(Symfony/Component/Console/Output/ConsoleOutput))
#3 D:/Kuliah/Semester 4/Pemweb/Projek/artisan(17): Illuminate/Foundation/Console/Kernel->handle(Object(Symfony/Component/Console/Input/ArgvInput), Object(Symfony/Component/Console/Output/ConsoleOutput))
#4 {main}
"} 
[2026-05-20 12:28:50] laravel.EMERGENCY: Unable to create configured logger. Using emergency logger. {"exception":"[object] (InvalidArgumentException(code: 0): Log [] is not defined. at D:/Kuliah/Semester 4/Pemweb/Projek/vendor/laravel/framework/src/Illuminate/Log/LogManager.php:212)
[stacktrace]
#0 D:/Kuliah/Semester 4/Pemweb/Projek/vendor/laravel/framework/src/Illuminate/Log/LogManager.php(137): Illuminate/Log/LogManager->resolve(NULL, NULL)
#1 D:/Kuliah/Semester 4/Pemweb/Projek/vendor/laravel/framework/src/Illuminate/Log/LogManager.php(124): Illuminate/Log/LogManager->get(NULL)
#2 D:/Kuliah/Semester 4/Pemweb/Projek/vendor/laravel/framework/src/Illuminate/Log/LogManager.php(681): Illuminate/Log/LogManager->driver()
#3 D:/Kuliah/Semester 4/Pemweb/Projek/vendor/laravel/framework/src/Illuminate/Foundation/Exceptions/Handler.php(317): Illuminate/Log/LogManager->error('Command \"serve\"...', Array)
#4 D:/Kuliah/Semester 4/Pemweb/Projek/vendor/laravel/framework/src/Illuminate/Foundation/Exceptions/Handler.php(278): Illuminate/Foundation/Exceptions/Handler->reportThrowable(Object(Symfony/Component/Console/Exception/CommandNotFoundException))
#5 D:/Kuliah/Semester 4/Pemweb/Projek/vendor/nunomaduro/collision/src/Adapters/Laravel/ExceptionHandler.php(46): Illuminate/Foundation/Exceptions/Handler->report(Object(Symfony/Component/Console/Exception/CommandNotFoundException))
#6 D:/Kuliah/Semester 4/Pemweb/Projek/vendor/laravel/framework/src/Illuminate/Foundation/Console/Kernel.php(523): NunoMaduro/Collision/Adapters/Laravel/ExceptionHandler->report(Object(Symfony/Component/Console/Exception/CommandNotFoundException))
#7 D:/Kuliah/Semester 4/Pemweb/Projek/vendor/laravel/framework/src/Illuminate/Foundation/Console/Kernel.php(203): Illuminate/Foundation/Console/Kernel->reportException(Object(Symfony/Component/Console/Exception/CommandNotFoundException))
#8 D:/Kuliah/Semester 4/Pemweb/Projek/artisan(17): Illuminate/Foundation/Console/Kernel->handle(Object(Symfony/Component/Console/Input/ArgvInput), Object(Symfony/Component/Console/Output/ConsoleOutput))
#9 {main}
"} 
[2026-05-20 12:28:50] laravel.ERROR: Command "serve" is not defined. {"exception":"[object] (Symfony\\Component\\Console\\Exception\\CommandNotFoundException(code: 0): Command \"serve\" is not defined. at D:/Kuliah/Semester 4/Pemweb/Projek/vendor/symfony/console/Application.php:745)
[stacktrace]
#0 D:/Kuliah/Semester 4/Pemweb/Projek/vendor/symfony/console/Application.php(266): Symfony/Component/Console/Application->find('serve')
#1 D:/Kuliah/Semester 4/Pemweb/Projek/vendor/symfony/console/Application.php(175): Symfony/Component/Console/Application->doRun(Object(Symfony/Component/Console/Input/ArgvInput), Object(Symfony/Component/Console/Output/ConsoleOutput))
#2 D:/Kuliah/Semester 4/Pemweb/Projek/vendor/laravel/framework/src/Illuminate/Foundation/Console/Kernel.php(201): Symfony/Component/Console/Application->run(Object(Symfony/Component/Console/Input/ArgvInput), Object(Symfony/Component/Console/Output/ConsoleOutput))
#3 D:/Kuliah/Semester 4/Pemweb/Projek/artisan(17): Illuminate/Foundation/Console/Kernel->handle(Object(Symfony/Component/Console/Input/ArgvInput), Object(Symfony/Component/Console/Output/ConsoleOutput))
#4 {main}
"} 
[2026-05-20 13:35:42] laravel.EMERGENCY: Unable to create configured logger. Using emergency logger. {"exception":"[object] (InvalidArgumentException(code: 0): Log [] is not defined. at D:/Kuliah/Semester 4/Pemweb/Projek/vendor/laravel/framework/src/Illuminate/Log/LogManager.php:212)
[stacktrace]
#0 D:/Kuliah/Semester 4/Pemweb/Projek/vendor/laravel/framework/src/Illuminate/Log/LogManager.php(137): Illuminate/Log/LogManager->resolve(NULL, NULL)
#1 D:/Kuliah/Semester 4/Pemweb/Projek/vendor/laravel/framework/src/Illuminate/Log/LogManager.php(124): Illuminate/Log/LogManager->get(NULL)
#2 D:/Kuliah/Semester 4/Pemweb/Projek/vendor/laravel/framework/src/Illuminate/Log/LogManager.php(681): Illuminate/Log/LogManager->driver()
#3 D:/Kuliah/Semester 4/Pemweb/Projek/vendor/laravel/framework/src/Illuminate/Foundation/Exceptions/Handler.php(317): Illuminate/Log/LogManager->error('Class \"App//Prov...', Array)
#4 D:/Kuliah/Semester 4/Pemweb/Projek/vendor/laravel/framework/src/Illuminate/Foundation/Exceptions/Handler.php(278): Illuminate/Foundation/Exceptions/Handler->reportThrowable(Object(Error))
#5 D:/Kuliah/Semester 4/Pemweb/Projek/vendor/laravel/framework/src/Illuminate/Foundation/Console/Kernel.php(523): Illuminate/Foundation/Exceptions/Handler->report(Object(Error))
#6 D:/Kuliah/Semester 4/Pemweb/Projek/vendor/laravel/framework/src/Illuminate/Foundation/Console/Kernel.php(203): Illuminate/Foundation/Console/Kernel->reportException(Object(Error))
#7 D:/Kuliah/Semester 4/Pemweb/Projek/artisan(17): Illuminate/Foundation/Console/Kernel->handle(Object(Symfony/Component/Console/Input/ArgvInput), Object(Symfony/Component/Console/Output/ConsoleOutput))
#8 {main}
"} 
[2026-05-20 13:35:42] laravel.ERROR: Class "App\Providers\AuthServiceProvider" not found {"exception":"[object] (Error(code: 0): Class \"App\\Providers\\AuthServiceProvider\" not found at D:/Kuliah/Semester 4/Pemweb/Projek/vendor/laravel/framework/src/Illuminate/Foundation/ProviderRepository.php:206)
[stacktrace]
#0 D:/Kuliah/Semester 4/Pemweb/Projek/vendor/laravel/framework/src/Illuminate/Foundation/ProviderRepository.php(142): Illuminate/Foundation/ProviderRepository->createProvider('App//Providers//A...')
#1 D:/Kuliah/Semester 4/Pemweb/Projek/vendor/laravel/framework/src/Illuminate/Foundation/ProviderRepository.php(61): Illuminate/Foundation/ProviderRepository->compileManifest(Array)
#2 D:/Kuliah/Semester 4/Pemweb/Projek/vendor/laravel/framework/src/Illuminate/Foundation/Application.php(794): Illuminate/Foundation/ProviderRepository->load(Array)
#3 D:/Kuliah/Semester 4/Pemweb/Projek/vendor/laravel/framework/src/Illuminate/Foundation/Bootstrap/RegisterProviders.php(17): Illuminate/Foundation/Application->registerConfiguredProviders()
#4 D:/Kuliah/Semester 4/Pemweb/Projek/vendor/laravel/framework/src/Illuminate/Foundation/Application.php(286): Illuminate/Foundation/Bootstrap/RegisterProviders->bootstrap(Object(Illuminate/Foundation/Application))
#5 D:/Kuliah/Semester 4/Pemweb/Projek/vendor/laravel/framework/src/Illuminate/Foundation/Console/Kernel.php(447): Illuminate/Foundation/Application->bootstrapWith(Array)
#6 D:/Kuliah/Semester 4/Pemweb/Projek/vendor/laravel/framework/src/Illuminate/Foundation/Console/Kernel.php(199): Illuminate/Foundation/Console/Kernel->bootstrap()
#7 D:/Kuliah/Semester 4/Pemweb/Projek/artisan(17): Illuminate/Foundation/Console/Kernel->handle(Object(Symfony/Component/Console/Input/ArgvInput), Object(Symfony/Component/Console/Output/ConsoleOutput))
#8 {main}
"} 
[2026-05-20 14:15:11] laravel.EMERGENCY: Unable to create configured logger. Using emergency logger. {"exception":"[object] (InvalidArgumentException(code: 0): Log [] is not defined. at D:/Kuliah/Semester 4/Pemweb/Projek/vendor/laravel/framework/src/Illuminate/Log/LogManager.php:212)
[stacktrace]
#0 D:/Kuliah/Semester 4/Pemweb/Projek/vendor/laravel/framework/src/Illuminate/Log/LogManager.php(137): Illuminate/Log/LogManager->resolve(NULL, NULL)
#1 D:/Kuliah/Semester 4/Pemweb/Projek/vendor/laravel/framework/src/Illuminate/Log/LogManager.php(124): Illuminate/Log/LogManager->get(NULL)
#2 D:/Kuliah/Semester 4/Pemweb/Projek/vendor/laravel/framework/src/Illuminate/Log/LogManager.php(681): Illuminate/Log/LogManager->driver()
#3 D:/Kuliah/Semester 4/Pemweb/Projek/vendor/laravel/framework/src/Illuminate/Foundation/Exceptions/Handler.php(317): Illuminate/Log/LogManager->error('Session store n...', Array)
#4 D:/Kuliah/Semester 4/Pemweb/Projek/vendor/laravel/framework/src/Illuminate/Foundation/Exceptions/Handler.php(278): Illuminate/Foundation/Exceptions/Handler->reportThrowable(Object(RuntimeException))
#5 D:/Kuliah/Semester 4/Pemweb/Projek/vendor/laravel/framework/src/Illuminate/Routing/Pipeline.php(49): Illuminate/Foundation/Exceptions/Handler->report(Object(RuntimeException))
#6 D:/Kuliah/Semester 4/Pemweb/Projek/vendor/laravel/framework/src/Illuminate/Pipeline/Pipeline.php(188): Illuminate/Routing/Pipeline->handleException(Object(Illuminate/Http/Request), Object(RuntimeException))
#7 D:/Kuliah/Semester 4/Pemweb/Projek/vendor/laravel/framework/src/Illuminate/Session/Middleware/StartSession.php(54): Illuminate/Pipeline/Pipeline->{closure:{closure:Illuminate/Pipeline/Pipeline::carry():158}:159}(Object(Illuminate/Http/Request))
#8 D:/Kuliah/Semester 4/Pemweb/Projek/vendor/laravel/framework/src/Illuminate/Pipeline/Pipeline.php(183): Illuminate/Session/Middleware/StartSession->handle(Object(Illuminate/Http/Request), Object(Closure))
#9 D:/Kuliah/Semester 4/Pemweb/Projek/vendor/laravel/framework/src/Illuminate/Cookie/Middleware/AddQueuedCookiesToResponse.php(37): Illuminate/Pipeline/Pipeline->{closure:{closure:Illuminate/Pipeline/Pipeline::carry():158}:159}(Object(Illuminate/Http/Request))
#10 D:/Kuliah/Semester 4/Pemweb/Projek/vendor/laravel/framework/src/Illuminate/Pipeline/Pipeline.php(183): Illuminate/Cookie/Middleware/AddQueuedCookiesToResponse->handle(Object(Illuminate/Http/Request), Object(Closure))
#11 D:/Kuliah/Semester 4/Pemweb/Projek/vendor/laravel/framework/src/Illuminate/Cookie/Middleware/EncryptCookies.php(67): Illuminate/Pipeline/Pipeline->{closure:{closure:Illuminate/Pipeline/Pipeline::carry():158}:159}(Object(Illuminate/Http/Request))
#12 D:/Kuliah/Semester 4/Pemweb/Projek/vendor/laravel/framework/src/Illuminate/Pipeline/Pipeline.php(183): Illuminate/Cookie/Middleware/EncryptCookies->handle(Object(Illuminate/Http/Request), Object(Closure))
#13 D:/Kuliah/Semester 4/Pemweb/Projek/vendor/laravel/framework/src/Illuminate/Pipeline/Pipeline.php(119): Illuminate/Pipeline/Pipeline->{closure:{closure:Illuminate/Pipeline/Pipeline::carry():158}:159}(Object(Illuminate/Http/Request))
#14 D:/Kuliah/Semester 4/Pemweb/Projek/vendor/laravel/framework/src/Illuminate/Routing/Router.php(805): Illuminate/Pipeline/Pipeline->then(Object(Closure))
#15 D:/Kuliah/Semester 4/Pemweb/Projek/vendor/laravel/framework/src/Illuminate/Routing/Router.php(784): Illuminate/Routing/Router->runRouteWithinStack(Object(Illuminate/Routing/Route), Object(Illuminate/Http/Request))
#16 D:/Kuliah/Semester 4/Pemweb/Projek/vendor/laravel/framework/src/Illuminate/Routing/Router.php(748): Illuminate/Routing/Router->runRoute(Object(Illuminate/Http/Request), Object(Illuminate/Routing/Route))
#17 D:/Kuliah/Semester 4/Pemweb/Projek/vendor/laravel/framework/src/Illuminate/Routing/Router.php(737): Illuminate/Routing/Router->dispatchToRoute(Object(Illuminate/Http/Request))
#18 D:/Kuliah/Semester 4/Pemweb/Projek/vendor/laravel/framework/src/Illuminate/Foundation/Http/Kernel.php(200): Illuminate/Routing/Router->dispatch(Object(Illuminate/Http/Request))
#19 D:/Kuliah/Semester 4/Pemweb/Projek/vendor/laravel/framework/src/Illuminate/Pipeline/Pipeline.php(144): Illuminate/Foundation/Http/Kernel->{closure:Illuminate/Foundation/Http/Kernel::dispatchToRouter():197}(Object(Illuminate/Http/Request))
#20 D:/Kuliah/Semester 4/Pemweb/Projek/vendor/laravel/framework/src/Illuminate/Foundation/Http/Middleware/TransformsRequest.php(21): Illuminate/Pipeline/Pipeline->{closure:Illuminate/Pipeline/Pipeline::prepareDestination():142}(Object(Illuminate/Http/Request))
#21 D:/Kuliah/Semester 4/Pemweb/Projek/vendor/laravel/framework/src/Illuminate/Foundation/Http/Middleware/ConvertEmptyStringsToNull.php(31): Illuminate/Foundation/Http/Middleware/TransformsRequest->handle(Object(Illuminate/Http/Request), Object(Closure))
#22 D:/Kuliah/Semester 4/Pemweb/Projek/vendor/laravel/framework/src/Illuminate/Pipeline/Pipeline.php(183): Illuminate/Foundation/Http/Middleware/ConvertEmptyStringsToNull->handle(Object(Illuminate/Http/Request), Object(Closure))
#23 D:/Kuliah/Semester 4/Pemweb/Projek/vendor/laravel/framework/src/Illuminate/Foundation/Http/Middleware/TransformsRequest.php(21): Illuminate/Pipeline/Pipeline->{closure:{closure:Illuminate/Pipeline/Pipeline::carry():158}:159}(Object(Illuminate/Http/Request))
#24 D:/Kuliah/Semester 4/Pemweb/Projek/vendor/laravel/framework/src/Illuminate/Foundation/Http/Middleware/TrimStrings.php(40): Illuminate/Foundation/Http/Middleware/TransformsRequest->handle(Object(Illuminate/Http/Request), Object(Closure))
#25 D:/Kuliah/Semester 4/Pemweb/Projek/vendor/laravel/framework/src/Illuminate/Pipeline/Pipeline.php(183): Illuminate/Foundation/Http/Middleware/TrimStrings->handle(Object(Illuminate/Http/Request), Object(Closure))
#26 D:/Kuliah/Semester 4/Pemweb/Projek/vendor/laravel/framework/src/Illuminate/Foundation/Http/Middleware/ValidatePostSize.php(27): Illuminate/Pipeline/Pipeline->{closure:{closure:Illuminate/Pipeline/Pipeline::carry():158}:159}(Object(Illuminate/Http/Request))
#27 D:/Kuliah/Semester 4/Pemweb/Projek/vendor/laravel/framework/src/Illuminate/Pipeline/Pipeline.php(183): Illuminate/Foundation/Http/Middleware/ValidatePostSize->handle(Object(Illuminate/Http/Request), Object(Closure))
#28 D:/Kuliah/Semester 4/Pemweb/Projek/vendor/laravel/framework/src/Illuminate/Foundation/Http/Middleware/PreventRequestsDuringMaintenance.php(99): Illuminate/Pipeline/Pipeline->{closure:{closure:Illuminate/Pipeline/Pipeline::carry():158}:159}(Object(Illuminate/Http/Request))
#29 D:/Kuliah/Semester 4/Pemweb/Projek/vendor/laravel/framework/src/Illuminate/Pipeline/Pipeline.php(183): Illuminate/Foundation/Http/Middleware/PreventRequestsDuringMaintenance->handle(Object(Illuminate/Http/Request), Object(Closure))
#30 D:/Kuliah/Semester 4/Pemweb/Projek/vendor/laravel/framework/src/Illuminate/Pipeline/Pipeline.php(119): Illuminate/Pipeline/Pipeline->{closure:{closure:Illuminate/Pipeline/Pipeline::carry():158}:159}(Object(Illuminate/Http/Request))
#31 D:/Kuliah/Semester 4/Pemweb/Projek/vendor/laravel/framework/src/Illuminate/Foundation/Http/Kernel.php(175): Illuminate/Pipeline/Pipeline->then(Object(Closure))
#32 D:/Kuliah/Semester 4/Pemweb/Projek/vendor/laravel/framework/src/Illuminate/Foundation/Http/Kernel.php(144): Illuminate/Foundation/Http/Kernel->sendRequestThroughRouter(Object(Illuminate/Http/Request))
#33 D:/Kuliah/Semester 4/Pemweb/Projek/public/index.php(25): Illuminate/Foundation/Http/Kernel->handle(Object(Illuminate/Http/Request))
#34 D:/Kuliah/Semester 4/Pemweb/Projek/vendor/laravel/framework/src/Illuminate/Foundation/resources/server.php(16): require_once('D://Kuliah//Semes...')
#35 {main}
"} 
[2026-05-20 14:15:11] laravel.ERROR: Session store not set on request. {"exception":"[object] (RuntimeException(code: 0): Session store not set on request. at D:/Kuliah/Semester 4/Pemweb/Projek/vendor/laravel/framework/src/Illuminate/Http/Request.php:560)
[stacktrace]
#0 D:/Kuliah/Semester 4/Pemweb/Projek/vendor/laravel/framework/src/Illuminate/View/Middleware/ShareErrorsFromSession.php(42): Illuminate/Http/Request->session()
#1 D:/Kuliah/Semester 4/Pemweb/Projek/vendor/laravel/framework/src/Illuminate/Pipeline/Pipeline.php(183): Illuminate/View/Middleware/ShareErrorsFromSession->handle(Object(Illuminate/Http/Request), Object(Closure))
#2 D:/Kuliah/Semester 4/Pemweb/Projek/vendor/laravel/framework/src/Illuminate/Session/Middleware/StartSession.php(54): Illuminate/Pipeline/Pipeline->{closure:{closure:Illuminate/Pipeline/Pipeline::carry():158}:159}(Object(Illuminate/Http/Request))
#3 D:/Kuliah/Semester 4/Pemweb/Projek/vendor/laravel/framework/src/Illuminate/Pipeline/Pipeline.php(183): Illuminate/Session/Middleware/StartSession->handle(Object(Illuminate/Http/Request), Object(Closure))
#4 D:/Kuliah/Semester 4/Pemweb/Projek/vendor/laravel/framework/src/Illuminate/Cookie/Middleware/AddQueuedCookiesToResponse.php(37): Illuminate/Pipeline/Pipeline->{closure:{closure:Illuminate/Pipeline/Pipeline::carry():158}:159}(Object(Illuminate/Http/Request))
#5 D:/Kuliah/Semester 4/Pemweb/Projek/vendor/laravel/framework/src/Illuminate/Pipeline/Pipeline.php(183): Illuminate/Cookie/Middleware/AddQueuedCookiesToResponse->handle(Object(Illuminate/Http/Request), Object(Closure))
#6 D:/Kuliah/Semester 4/Pemweb/Projek/vendor/laravel/framework/src/Illuminate/Cookie/Middleware/EncryptCookies.php(67): Illuminate/Pipeline/Pipeline->{closure:{closure:Illuminate/Pipeline/Pipeline::carry():158}:159}(Object(Illuminate/Http/Request))
#7 D:/Kuliah/Semester 4/Pemweb/Projek/vendor/laravel/framework/src/Illuminate/Pipeline/Pipeline.php(183): Illuminate/Cookie/Middleware/EncryptCookies->handle(Object(Illuminate/Http/Request), Object(Closure))
#8 D:/Kuliah/Semester 4/Pemweb/Projek/vendor/laravel/framework/src/Illuminate/Pipeline/Pipeline.php(119): Illuminate/Pipeline/Pipeline->{closure:{closure:Illuminate/Pipeline/Pipeline::carry():158}:159}(Object(Illuminate/Http/Request))
#9 D:/Kuliah/Semester 4/Pemweb/Projek/vendor/laravel/framework/src/Illuminate/Routing/Router.php(805): Illuminate/Pipeline/Pipeline->then(Object(Closure))
#10 D:/Kuliah/Semester 4/Pemweb/Projek/vendor/laravel/framework/src/Illuminate/Routing/Router.php(784): Illuminate/Routing/Router->runRouteWithinStack(Object(Illuminate/Routing/Route), Object(Illuminate/Http/Request))
#11 D:/Kuliah/Semester 4/Pemweb/Projek/vendor/laravel/framework/src/Illuminate/Routing/Router.php(748): Illuminate/Routing/Router->runRoute(Object(Illuminate/Http/Request), Object(Illuminate/Routing/Route))
#12 D:/Kuliah/Semester 4/Pemweb/Projek/vendor/laravel/framework/src/Illuminate/Routing/Router.php(737): Illuminate/Routing/Router->dispatchToRoute(Object(Illuminate/Http/Request))
#13 D:/Kuliah/Semester 4/Pemweb/Projek/vendor/laravel/framework/src/Illuminate/Foundation/Http/Kernel.php(200): Illuminate/Routing/Router->dispatch(Object(Illuminate/Http/Request))
#14 D:/Kuliah/Semester 4/Pemweb/Projek/vendor/laravel/framework/src/Illuminate/Pipeline/Pipeline.php(144): Illuminate/Foundation/Http/Kernel->{closure:Illuminate/Foundation/Http/Kernel::dispatchToRouter():197}(Object(Illuminate/Http/Request))
#15 D:/Kuliah/Semester 4/Pemweb/Projek/vendor/laravel/framework/src/Illuminate/Foundation/Http/Middleware/TransformsRequest.php(21): Illuminate/Pipeline/Pipeline->{closure:Illuminate/Pipeline/Pipeline::prepareDestination():142}(Object(Illuminate/Http/Request))
#16 D:/Kuliah/Semester 4/Pemweb/Projek/vendor/laravel/framework/src/Illuminate/Foundation/Http/Middleware/ConvertEmptyStringsToNull.php(31): Illuminate/Foundation/Http/Middleware/TransformsRequest->handle(Object(Illuminate/Http/Request), Object(Closure))
#17 D:/Kuliah/Semester 4/Pemweb/Projek/vendor/laravel/framework/src/Illuminate/Pipeline/Pipeline.php(183): Illuminate/Foundation/Http/Middleware/ConvertEmptyStringsToNull->handle(Object(Illuminate/Http/Request), Object(Closure))
#18 D:/Kuliah/Semester 4/Pemweb/Projek/vendor/laravel/framework/src/Illuminate/Foundation/Http/Middleware/TransformsRequest.php(21): Illuminate/Pipeline/Pipeline->{closure:{closure:Illuminate/Pipeline/Pipeline::carry():158}:159}(Object(Illuminate/Http/Request))
#19 D:/Kuliah/Semester 4/Pemweb/Projek/vendor/laravel/framework/src/Illuminate/Foundation/Http/Middleware/TrimStrings.php(40): Illuminate/Foundation/Http/Middleware/TransformsRequest->handle(Object(Illuminate/Http/Request), Object(Closure))
#20 D:/Kuliah/Semester 4/Pemweb/Projek/vendor/laravel/framework/src/Illuminate/Pipeline/Pipeline.php(183): Illuminate/Foundation/Http/Middleware/TrimStrings->handle(Object(Illuminate/Http/Request), Object(Closure))
#21 D:/Kuliah/Semester 4/Pemweb/Projek/vendor/laravel/framework/src/Illuminate/Foundation/Http/Middleware/ValidatePostSize.php(27): Illuminate/Pipeline/Pipeline->{closure:{closure:Illuminate/Pipeline/Pipeline::carry():158}:159}(Object(Illuminate/Http/Request))
#22 D:/Kuliah/Semester 4/Pemweb/Projek/vendor/laravel/framework/src/Illuminate/Pipeline/Pipeline.php(183): Illuminate/Foundation/Http/Middleware/ValidatePostSize->handle(Object(Illuminate/Http/Request), Object(Closure))
#23 D:/Kuliah/Semester 4/Pemweb/Projek/vendor/laravel/framework/src/Illuminate/Foundation/Http/Middleware/PreventRequestsDuringMaintenance.php(99): Illuminate/Pipeline/Pipeline->{closure:{closure:Illuminate/Pipeline/Pipeline::carry():158}:159}(Object(Illuminate/Http/Request))
#24 D:/Kuliah/Semester 4/Pemweb/Projek/vendor/laravel/framework/src/Illuminate/Pipeline/Pipeline.php(183): Illuminate/Foundation/Http/Middleware/PreventRequestsDuringMaintenance->handle(Object(Illuminate/Http/Request), Object(Closure))
#25 D:/Kuliah/Semester 4/Pemweb/Projek/vendor/laravel/framework/src/Illuminate/Pipeline/Pipeline.php(119): Illuminate/Pipeline/Pipeline->{closure:{closure:Illuminate/Pipeline/Pipeline::carry():158}:159}(Object(Illuminate/Http/Request))
#26 D:/Kuliah/Semester 4/Pemweb/Projek/vendor/laravel/framework/src/Illuminate/Foundation/Http/Kernel.php(175): Illuminate/Pipeline/Pipeline->then(Object(Closure))
#27 D:/Kuliah/Semester 4/Pemweb/Projek/vendor/laravel/framework/src/Illuminate/Foundation/Http/Kernel.php(144): Illuminate/Foundation/Http/Kernel->sendRequestThroughRouter(Object(Illuminate/Http/Request))
#28 D:/Kuliah/Semester 4/Pemweb/Projek/public/index.php(25): Illuminate/Foundation/Http/Kernel->handle(Object(Illuminate/Http/Request))
#29 D:/Kuliah/Semester 4/Pemweb/Projek/vendor/laravel/framework/src/Illuminate/Foundation/resources/server.php(16): require_once('D://Kuliah//Semes...')
#30 {main}
"} 
[2026-05-20 14:15:13] laravel.EMERGENCY: Unable to create configured logger. Using emergency logger. {"exception":"[object] (InvalidArgumentException(code: 0): Log [] is not defined. at D:/Kuliah/Semester 4/Pemweb/Projek/vendor/laravel/framework/src/Illuminate/Log/LogManager.php:212)
[stacktrace]
#0 D:/Kuliah/Semester 4/Pemweb/Projek/vendor/laravel/framework/src/Illuminate/Log/LogManager.php(137): Illuminate/Log/LogManager->resolve(NULL, NULL)
#1 D:/Kuliah/Semester 4/Pemweb/Projek/vendor/laravel/framework/src/Illuminate/Log/LogManager.php(124): Illuminate/Log/LogManager->get(NULL)
#2 D:/Kuliah/Semester 4/Pemweb/Projek/vendor/laravel/framework/src/Illuminate/Log/LogManager.php(681): Illuminate/Log/LogManager->driver()
#3 D:/Kuliah/Semester 4/Pemweb/Projek/vendor/laravel/framework/src/Illuminate/Foundation/Exceptions/Handler.php(317): Illuminate/Log/LogManager->error('Session store n...', Array)
#4 D:/Kuliah/Semester 4/Pemweb/Projek/vendor/laravel/framework/src/Illuminate/Foundation/Exceptions/Handler.php(278): Illuminate/Foundation/Exceptions/Handler->reportThrowable(Object(RuntimeException))
#5 D:/Kuliah/Semester 4/Pemweb/Projek/vendor/laravel/framework/src/Illuminate/Routing/Pipeline.php(49): Illuminate/Foundation/Exceptions/Handler->report(Object(RuntimeException))
#6 D:/Kuliah/Semester 4/Pemweb/Projek/vendor/laravel/framework/src/Illuminate/Pipeline/Pipeline.php(188): Illuminate/Routing/Pipeline->handleException(Object(Illuminate/Http/Request), Object(RuntimeException))
#7 D:/Kuliah/Semester 4/Pemweb/Projek/vendor/laravel/framework/src/Illuminate/Session/Middleware/StartSession.php(54): Illuminate/Pipeline/Pipeline->{closure:{closure:Illuminate/Pipeline/Pipeline::carry():158}:159}(Object(Illuminate/Http/Request))
#8 D:/Kuliah/Semester 4/Pemweb/Projek/vendor/laravel/framework/src/Illuminate/Pipeline/Pipeline.php(183): Illuminate/Session/Middleware/StartSession->handle(Object(Illuminate/Http/Request), Object(Closure))
#9 D:/Kuliah/Semester 4/Pemweb/Projek/vendor/laravel/framework/src/Illuminate/Cookie/Middleware/AddQueuedCookiesToResponse.php(37): Illuminate/Pipeline/Pipeline->{closure:{closure:Illuminate/Pipeline/Pipeline::carry():158}:159}(Object(Illuminate/Http/Request))
#10 D:/Kuliah/Semester 4/Pemweb/Projek/vendor/laravel/framework/src/Illuminate/Pipeline/Pipeline.php(183): Illuminate/Cookie/Middleware/AddQueuedCookiesToResponse->handle(Object(Illuminate/Http/Request), Object(Closure))
#11 D:/Kuliah/Semester 4/Pemweb/Projek/vendor/laravel/framework/src/Illuminate/Cookie/Middleware/EncryptCookies.php(67): Illuminate/Pipeline/Pipeline->{closure:{closure:Illuminate/Pipeline/Pipeline::carry():158}:159}(Object(Illuminate/Http/Request))
#12 D:/Kuliah/Semester 4/Pemweb/Projek/vendor/laravel/framework/src/Illuminate/Pipeline/Pipeline.php(183): Illuminate/Cookie/Middleware/EncryptCookies->handle(Object(Illuminate/Http/Request), Object(Closure))
#13 D:/Kuliah/Semester 4/Pemweb/Projek/vendor/laravel/framework/src/Illuminate/Pipeline/Pipeline.php(119): Illuminate/Pipeline/Pipeline->{closure:{closure:Illuminate/Pipeline/Pipeline::carry():158}:159}(Object(Illuminate/Http/Request))
#14 D:/Kuliah/Semester 4/Pemweb/Projek/vendor/laravel/framework/src/Illuminate/Routing/Router.php(805): Illuminate/Pipeline/Pipeline->then(Object(Closure))
#15 D:/Kuliah/Semester 4/Pemweb/Projek/vendor/laravel/framework/src/Illuminate/Routing/Router.php(784): Illuminate/Routing/Router->runRouteWithinStack(Object(Illuminate/Routing/Route), Object(Illuminate/Http/Request))
#16 D:/Kuliah/Semester 4/Pemweb/Projek/vendor/laravel/framework/src/Illuminate/Routing/Router.php(748): Illuminate/Routing/Router->runRoute(Object(Illuminate/Http/Request), Object(Illuminate/Routing/Route))
#17 D:/Kuliah/Semester 4/Pemweb/Projek/vendor/laravel/framework/src/Illuminate/Routing/Router.php(737): Illuminate/Routing/Router->dispatchToRoute(Object(Illuminate/Http/Request))
#18 D:/Kuliah/Semester 4/Pemweb/Projek/vendor/laravel/framework/src/Illuminate/Foundation/Http/Kernel.php(200): Illuminate/Routing/Router->dispatch(Object(Illuminate/Http/Request))
#19 D:/Kuliah/Semester 4/Pemweb/Projek/vendor/laravel/framework/src/Illuminate/Pipeline/Pipeline.php(144): Illuminate/Foundation/Http/Kernel->{closure:Illuminate/Foundation/Http/Kernel::dispatchToRouter():197}(Object(Illuminate/Http/Request))
#20 D:/Kuliah/Semester 4/Pemweb/Projek/vendor/laravel/framework/src/Illuminate/Foundation/Http/Middleware/TransformsRequest.php(21): Illuminate/Pipeline/Pipeline->{closure:Illuminate/Pipeline/Pipeline::prepareDestination():142}(Object(Illuminate/Http/Request))
#21 D:/Kuliah/Semester 4/Pemweb/Projek/vendor/laravel/framework/src/Illuminate/Foundation/Http/Middleware/ConvertEmptyStringsToNull.php(31): Illuminate/Foundation/Http/Middleware/TransformsRequest->handle(Object(Illuminate/Http/Request), Object(Closure))
#22 D:/Kuliah/Semester 4/Pemweb/Projek/vendor/laravel/framework/src/Illuminate/Pipeline/Pipeline.php(183): Illuminate/Foundation/Http/Middleware/ConvertEmptyStringsToNull->handle(Object(Illuminate/Http/Request), Object(Closure))
#23 D:/Kuliah/Semester 4/Pemweb/Projek/vendor/laravel/framework/src/Illuminate/Foundation/Http/Middleware/TransformsRequest.php(21): Illuminate/Pipeline/Pipeline->{closure:{closure:Illuminate/Pipeline/Pipeline::carry():158}:159}(Object(Illuminate/Http/Request))
#24 D:/Kuliah/Semester 4/Pemweb/Projek/vendor/laravel/framework/src/Illuminate/Foundation/Http/Middleware/TrimStrings.php(40): Illuminate/Foundation/Http/Middleware/TransformsRequest->handle(Object(Illuminate/Http/Request), Object(Closure))
#25 D:/Kuliah/Semester 4/Pemweb/Projek/vendor/laravel/framework/src/Illuminate/Pipeline/Pipeline.php(183): Illuminate/Foundation/Http/Middleware/TrimStrings->handle(Object(Illuminate/Http/Request), Object(Closure))
#26 D:/Kuliah/Semester 4/Pemweb/Projek/vendor/laravel/framework/src/Illuminate/Foundation/Http/Middleware/ValidatePostSize.php(27): Illuminate/Pipeline/Pipeline->{closure:{closure:Illuminate/Pipeline/Pipeline::carry():158}:159}(Object(Illuminate/Http/Request))
#27 D:/Kuliah/Semester 4/Pemweb/Projek/vendor/laravel/framework/src/Illuminate/Pipeline/Pipeline.php(183): Illuminate/Foundation/Http/Middleware/ValidatePostSize->handle(Object(Illuminate/Http/Request), Object(Closure))
#28 D:/Kuliah/Semester 4/Pemweb/Projek/vendor/laravel/framework/src/Illuminate/Foundation/Http/Middleware/PreventRequestsDuringMaintenance.php(99): Illuminate/Pipeline/Pipeline->{closure:{closure:Illuminate/Pipeline/Pipeline::carry():158}:159}(Object(Illuminate/Http/Request))
#29 D:/Kuliah/Semester 4/Pemweb/Projek/vendor/laravel/framework/src/Illuminate/Pipeline/Pipeline.php(183): Illuminate/Foundation/Http/Middleware/PreventRequestsDuringMaintenance->handle(Object(Illuminate/Http/Request), Object(Closure))
#30 D:/Kuliah/Semester 4/Pemweb/Projek/vendor/laravel/framework/src/Illuminate/Pipeline/Pipeline.php(119): Illuminate/Pipeline/Pipeline->{closure:{closure:Illuminate/Pipeline/Pipeline::carry():158}:159}(Object(Illuminate/Http/Request))
#31 D:/Kuliah/Semester 4/Pemweb/Projek/vendor/laravel/framework/src/Illuminate/Foundation/Http/Kernel.php(175): Illuminate/Pipeline/Pipeline->then(Object(Closure))
#32 D:/Kuliah/Semester 4/Pemweb/Projek/vendor/laravel/framework/src/Illuminate/Foundation/Http/Kernel.php(144): Illuminate/Foundation/Http/Kernel->sendRequestThroughRouter(Object(Illuminate/Http/Request))
#33 D:/Kuliah/Semester 4/Pemweb/Projek/public/index.php(25): Illuminate/Foundation/Http/Kernel->handle(Object(Illuminate/Http/Request))
#34 D:/Kuliah/Semester 4/Pemweb/Projek/vendor/laravel/framework/src/Illuminate/Foundation/resources/server.php(16): require_once('D://Kuliah//Semes...')
#35 {main}
"} 
[2026-05-20 14:15:13] laravel.ERROR: Session store not set on request. {"exception":"[object] (RuntimeException(code: 0): Session store not set on request. at D:/Kuliah/Semester 4/Pemweb/Projek/vendor/laravel/framework/src/Illuminate/Http/Request.php:560)
[stacktrace]
#0 D:/Kuliah/Semester 4/Pemweb/Projek/vendor/laravel/framework/src/Illuminate/View/Middleware/ShareErrorsFromSession.php(42): Illuminate/Http/Request->session()
#1 D:/Kuliah/Semester 4/Pemweb/Projek/vendor/laravel/framework/src/Illuminate/Pipeline/Pipeline.php(183): Illuminate/View/Middleware/ShareErrorsFromSession->handle(Object(Illuminate/Http/Request), Object(Closure))
#2 D:/Kuliah/Semester 4/Pemweb/Projek/vendor/laravel/framework/src/Illuminate/Session/Middleware/StartSession.php(54): Illuminate/Pipeline/Pipeline->{closure:{closure:Illuminate/Pipeline/Pipeline::carry():158}:159}(Object(Illuminate/Http/Request))
#3 D:/Kuliah/Semester 4/Pemweb/Projek/vendor/laravel/framework/src/Illuminate/Pipeline/Pipeline.php(183): Illuminate/Session/Middleware/StartSession->handle(Object(Illuminate/Http/Request), Object(Closure))
#4 D:/Kuliah/Semester 4/Pemweb/Projek/vendor/laravel/framework/src/Illuminate/Cookie/Middleware/AddQueuedCookiesToResponse.php(37): Illuminate/Pipeline/Pipeline->{closure:{closure:Illuminate/Pipeline/Pipeline::carry():158}:159}(Object(Illuminate/Http/Request))
#5 D:/Kuliah/Semester 4/Pemweb/Projek/vendor/laravel/framework/src/Illuminate/Pipeline/Pipeline.php(183): Illuminate/Cookie/Middleware/AddQueuedCookiesToResponse->handle(Object(Illuminate/Http/Request), Object(Closure))
#6 D:/Kuliah/Semester 4/Pemweb/Projek/vendor/laravel/framework/src/Illuminate/Cookie/Middleware/EncryptCookies.php(67): Illuminate/Pipeline/Pipeline->{closure:{closure:Illuminate/Pipeline/Pipeline::carry():158}:159}(Object(Illuminate/Http/Request))
#7 D:/Kuliah/Semester 4/Pemweb/Projek/vendor/laravel/framework/src/Illuminate/Pipeline/Pipeline.php(183): Illuminate/Cookie/Middleware/EncryptCookies->handle(Object(Illuminate/Http/Request), Object(Closure))
#8 D:/Kuliah/Semester 4/Pemweb/Projek/vendor/laravel/framework/src/Illuminate/Pipeline/Pipeline.php(119): Illuminate/Pipeline/Pipeline->{closure:{closure:Illuminate/Pipeline/Pipeline::carry():158}:159}(Object(Illuminate/Http/Request))
#9 D:/Kuliah/Semester 4/Pemweb/Projek/vendor/laravel/framework/src/Illuminate/Routing/Router.php(805): Illuminate/Pipeline/Pipeline->then(Object(Closure))
#10 D:/Kuliah/Semester 4/Pemweb/Projek/vendor/laravel/framework/src/Illuminate/Routing/Router.php(784): Illuminate/Routing/Router->runRouteWithinStack(Object(Illuminate/Routing/Route), Object(Illuminate/Http/Request))
#11 D:/Kuliah/Semester 4/Pemweb/Projek/vendor/laravel/framework/src/Illuminate/Routing/Router.php(748): Illuminate/Routing/Router->runRoute(Object(Illuminate/Http/Request), Object(Illuminate/Routing/Route))
#12 D:/Kuliah/Semester 4/Pemweb/Projek/vendor/laravel/framework/src/Illuminate/Routing/Router.php(737): Illuminate/Routing/Router->dispatchToRoute(Object(Illuminate/Http/Request))
#13 D:/Kuliah/Semester 4/Pemweb/Projek/vendor/laravel/framework/src/Illuminate/Foundation/Http/Kernel.php(200): Illuminate/Routing/Router->dispatch(Object(Illuminate/Http/Request))
#14 D:/Kuliah/Semester 4/Pemweb/Projek/vendor/laravel/framework/src/Illuminate/Pipeline/Pipeline.php(144): Illuminate/Foundation/Http/Kernel->{closure:Illuminate/Foundation/Http/Kernel::dispatchToRouter():197}(Object(Illuminate/Http/Request))
#15 D:/Kuliah/Semester 4/Pemweb/Projek/vendor/laravel/framework/src/Illuminate/Foundation/Http/Middleware/TransformsRequest.php(21): Illuminate/Pipeline/Pipeline->{closure:Illuminate/Pipeline/Pipeline::prepareDestination():142}(Object(Illuminate/Http/Request))
#16 D:/Kuliah/Semester 4/Pemweb/Projek/vendor/laravel/framework/src/Illuminate/Foundation/Http/Middleware/ConvertEmptyStringsToNull.php(31): Illuminate/Foundation/Http/Middleware/TransformsRequest->handle(Object(Illuminate/Http/Request), Object(Closure))
#17 D:/Kuliah/Semester 4/Pemweb/Projek/vendor/laravel/framework/src/Illuminate/Pipeline/Pipeline.php(183): Illuminate/Foundation/Http/Middleware/ConvertEmptyStringsToNull->handle(Object(Illuminate/Http/Request), Object(Closure))
#18 D:/Kuliah/Semester 4/Pemweb/Projek/vendor/laravel/framework/src/Illuminate/Foundation/Http/Middleware/TransformsRequest.php(21): Illuminate/Pipeline/Pipeline->{closure:{closure:Illuminate/Pipeline/Pipeline::carry():158}:159}(Object(Illuminate/Http/Request))
#19 D:/Kuliah/Semester 4/Pemweb/Projek/vendor/laravel/framework/src/Illuminate/Foundation/Http/Middleware/TrimStrings.php(40): Illuminate/Foundation/Http/Middleware/TransformsRequest->handle(Object(Illuminate/Http/Request), Object(Closure))
#20 D:/Kuliah/Semester 4/Pemweb/Projek/vendor/laravel/framework/src/Illuminate/Pipeline/Pipeline.php(183): Illuminate/Foundation/Http/Middleware/TrimStrings->handle(Object(Illuminate/Http/Request), Object(Closure))
#21 D:/Kuliah/Semester 4/Pemweb/Projek/vendor/laravel/framework/src/Illuminate/Foundation/Http/Middleware/ValidatePostSize.php(27): Illuminate/Pipeline/Pipeline->{closure:{closure:Illuminate/Pipeline/Pipeline::carry():158}:159}(Object(Illuminate/Http/Request))
#22 D:/Kuliah/Semester 4/Pemweb/Projek/vendor/laravel/framework/src/Illuminate/Pipeline/Pipeline.php(183): Illuminate/Foundation/Http/Middleware/ValidatePostSize->handle(Object(Illuminate/Http/Request), Object(Closure))
#23 D:/Kuliah/Semester 4/Pemweb/Projek/vendor/laravel/framework/src/Illuminate/Foundation/Http/Middleware/PreventRequestsDuringMaintenance.php(99): Illuminate/Pipeline/Pipeline->{closure:{closure:Illuminate/Pipeline/Pipeline::carry():158}:159}(Object(Illuminate/Http/Request))
#24 D:/Kuliah/Semester 4/Pemweb/Projek/vendor/laravel/framework/src/Illuminate/Pipeline/Pipeline.php(183): Illuminate/Foundation/Http/Middleware/PreventRequestsDuringMaintenance->handle(Object(Illuminate/Http/Request), Object(Closure))
#25 D:/Kuliah/Semester 4/Pemweb/Projek/vendor/laravel/framework/src/Illuminate/Pipeline/Pipeline.php(119): Illuminate/Pipeline/Pipeline->{closure:{closure:Illuminate/Pipeline/Pipeline::carry():158}:159}(Object(Illuminate/Http/Request))
#26 D:/Kuliah/Semester 4/Pemweb/Projek/vendor/laravel/framework/src/Illuminate/Foundation/Http/Kernel.php(175): Illuminate/Pipeline/Pipeline->then(Object(Closure))
#27 D:/Kuliah/Semester 4/Pemweb/Projek/vendor/laravel/framework/src/Illuminate/Foundation/Http/Kernel.php(144): Illuminate/Foundation/Http/Kernel->sendRequestThroughRouter(Object(Illuminate/Http/Request))
#28 D:/Kuliah/Semester 4/Pemweb/Projek/public/index.php(25): Illuminate/Foundation/Http/Kernel->handle(Object(Illuminate/Http/Request))
#29 D:/Kuliah/Semester 4/Pemweb/Projek/vendor/laravel/framework/src/Illuminate/Foundation/resources/server.php(16): require_once('D://Kuliah//Semes...')
#30 {main}
"} 
[2026-05-20 14:16:04] laravel.EMERGENCY: Unable to create configured logger. Using emergency logger. {"exception":"[object] (InvalidArgumentException(code: 0): Log [] is not defined. at D:/Kuliah/Semester 4/Pemweb/Projek/vendor/laravel/framework/src/Illuminate/Log/LogManager.php:212)
[stacktrace]
#0 D:/Kuliah/Semester 4/Pemweb/Projek/vendor/laravel/framework/src/Illuminate/Log/LogManager.php(137): Illuminate/Log/LogManager->resolve(NULL, NULL)
#1 D:/Kuliah/Semester 4/Pemweb/Projek/vendor/laravel/framework/src/Illuminate/Log/LogManager.php(124): Illuminate/Log/LogManager->get(NULL)
#2 D:/Kuliah/Semester 4/Pemweb/Projek/vendor/laravel/framework/src/Illuminate/Log/LogManager.php(681): Illuminate/Log/LogManager->driver()
#3 D:/Kuliah/Semester 4/Pemweb/Projek/vendor/laravel/framework/src/Illuminate/Foundation/Exceptions/Handler.php(317): Illuminate/Log/LogManager->error('Session store n...', Array)
#4 D:/Kuliah/Semester 4/Pemweb/Projek/vendor/laravel/framework/src/Illuminate/Foundation/Exceptions/Handler.php(278): Illuminate/Foundation/Exceptions/Handler->reportThrowable(Object(RuntimeException))
#5 D:/Kuliah/Semester 4/Pemweb/Projek/vendor/laravel/framework/src/Illuminate/Routing/Pipeline.php(49): Illuminate/Foundation/Exceptions/Handler->report(Object(RuntimeException))
#6 D:/Kuliah/Semester 4/Pemweb/Projek/vendor/laravel/framework/src/Illuminate/Pipeline/Pipeline.php(188): Illuminate/Routing/Pipeline->handleException(Object(Illuminate/Http/Request), Object(RuntimeException))
#7 D:/Kuliah/Semester 4/Pemweb/Projek/vendor/laravel/framework/src/Illuminate/Session/Middleware/StartSession.php(54): Illuminate/Pipeline/Pipeline->{closure:{closure:Illuminate/Pipeline/Pipeline::carry():158}:159}(Object(Illuminate/Http/Request))
#8 D:/Kuliah/Semester 4/Pemweb/Projek/vendor/laravel/framework/src/Illuminate/Pipeline/Pipeline.php(183): Illuminate/Session/Middleware/StartSession->handle(Object(Illuminate/Http/Request), Object(Closure))
#9 D:/Kuliah/Semester 4/Pemweb/Projek/vendor/laravel/framework/src/Illuminate/Cookie/Middleware/AddQueuedCookiesToResponse.php(37): Illuminate/Pipeline/Pipeline->{closure:{closure:Illuminate/Pipeline/Pipeline::carry():158}:159}(Object(Illuminate/Http/Request))
#10 D:/Kuliah/Semester 4/Pemweb/Projek/vendor/laravel/framework/src/Illuminate/Pipeline/Pipeline.php(183): Illuminate/Cookie/Middleware/AddQueuedCookiesToResponse->handle(Object(Illuminate/Http/Request), Object(Closure))
#11 D:/Kuliah/Semester 4/Pemweb/Projek/vendor/laravel/framework/src/Illuminate/Cookie/Middleware/EncryptCookies.php(67): Illuminate/Pipeline/Pipeline->{closure:{closure:Illuminate/Pipeline/Pipeline::carry():158}:159}(Object(Illuminate/Http/Request))
#12 D:/Kuliah/Semester 4/Pemweb/Projek/vendor/laravel/framework/src/Illuminate/Pipeline/Pipeline.php(183): Illuminate/Cookie/Middleware/EncryptCookies->handle(Object(Illuminate/Http/Request), Object(Closure))
#13 D:/Kuliah/Semester 4/Pemweb/Projek/vendor/laravel/framework/src/Illuminate/Pipeline/Pipeline.php(119): Illuminate/Pipeline/Pipeline->{closure:{closure:Illuminate/Pipeline/Pipeline::carry():158}:159}(Object(Illuminate/Http/Request))
#14 D:/Kuliah/Semester 4/Pemweb/Projek/vendor/laravel/framework/src/Illuminate/Routing/Router.php(805): Illuminate/Pipeline/Pipeline->then(Object(Closure))
#15 D:/Kuliah/Semester 4/Pemweb/Projek/vendor/laravel/framework/src/Illuminate/Routing/Router.php(784): Illuminate/Routing/Router->runRouteWithinStack(Object(Illuminate/Routing/Route), Object(Illuminate/Http/Request))
#16 D:/Kuliah/Semester 4/Pemweb/Projek/vendor/laravel/framework/src/Illuminate/Routing/Router.php(748): Illuminate/Routing/Router->runRoute(Object(Illuminate/Http/Request), Object(Illuminate/Routing/Route))
#17 D:/Kuliah/Semester 4/Pemweb/Projek/vendor/laravel/framework/src/Illuminate/Routing/Router.php(737): Illuminate/Routing/Router->dispatchToRoute(Object(Illuminate/Http/Request))
#18 D:/Kuliah/Semester 4/Pemweb/Projek/vendor/laravel/framework/src/Illuminate/Foundation/Http/Kernel.php(200): Illuminate/Routing/Router->dispatch(Object(Illuminate/Http/Request))
#19 D:/Kuliah/Semester 4/Pemweb/Projek/vendor/laravel/framework/src/Illuminate/Pipeline/Pipeline.php(144): Illuminate/Foundation/Http/Kernel->{closure:Illuminate/Foundation/Http/Kernel::dispatchToRouter():197}(Object(Illuminate/Http/Request))
#20 D:/Kuliah/Semester 4/Pemweb/Projek/vendor/laravel/framework/src/Illuminate/Foundation/Http/Middleware/TransformsRequest.php(21): Illuminate/Pipeline/Pipeline->{closure:Illuminate/Pipeline/Pipeline::prepareDestination():142}(Object(Illuminate/Http/Request))
#21 D:/Kuliah/Semester 4/Pemweb/Projek/vendor/laravel/framework/src/Illuminate/Foundation/Http/Middleware/ConvertEmptyStringsToNull.php(31): Illuminate/Foundation/Http/Middleware/TransformsRequest->handle(Object(Illuminate/Http/Request), Object(Closure))
#22 D:/Kuliah/Semester 4/Pemweb/Projek/vendor/laravel/framework/src/Illuminate/Pipeline/Pipeline.php(183): Illuminate/Foundation/Http/Middleware/ConvertEmptyStringsToNull->handle(Object(Illuminate/Http/Request), Object(Closure))
#23 D:/Kuliah/Semester 4/Pemweb/Projek/vendor/laravel/framework/src/Illuminate/Foundation/Http/Middleware/TransformsRequest.php(21): Illuminate/Pipeline/Pipeline->{closure:{closure:Illuminate/Pipeline/Pipeline::carry():158}:159}(Object(Illuminate/Http/Request))
#24 D:/Kuliah/Semester 4/Pemweb/Projek/vendor/laravel/framework/src/Illuminate/Foundation/Http/Middleware/TrimStrings.php(40): Illuminate/Foundation/Http/Middleware/TransformsRequest->handle(Object(Illuminate/Http/Request), Object(Closure))
#25 D:/Kuliah/Semester 4/Pemweb/Projek/vendor/laravel/framework/src/Illuminate/Pipeline/Pipeline.php(183): Illuminate/Foundation/Http/Middleware/TrimStrings->handle(Object(Illuminate/Http/Request), Object(Closure))
#26 D:/Kuliah/Semester 4/Pemweb/Projek/vendor/laravel/framework/src/Illuminate/Foundation/Http/Middleware/ValidatePostSize.php(27): Illuminate/Pipeline/Pipeline->{closure:{closure:Illuminate/Pipeline/Pipeline::carry():158}:159}(Object(Illuminate/Http/Request))
#27 D:/Kuliah/Semester 4/Pemweb/Projek/vendor/laravel/framework/src/Illuminate/Pipeline/Pipeline.php(183): Illuminate/Foundation/Http/Middleware/ValidatePostSize->handle(Object(Illuminate/Http/Request), Object(Closure))
#28 D:/Kuliah/Semester 4/Pemweb/Projek/vendor/laravel/framework/src/Illuminate/Foundation/Http/Middleware/PreventRequestsDuringMaintenance.php(99): Illuminate/Pipeline/Pipeline->{closure:{closure:Illuminate/Pipeline/Pipeline::carry():158}:159}(Object(Illuminate/Http/Request))
#29 D:/Kuliah/Semester 4/Pemweb/Projek/vendor/laravel/framework/src/Illuminate/Pipeline/Pipeline.php(183): Illuminate/Foundation/Http/Middleware/PreventRequestsDuringMaintenance->handle(Object(Illuminate/Http/Request), Object(Closure))
#30 D:/Kuliah/Semester 4/Pemweb/Projek/vendor/laravel/framework/src/Illuminate/Pipeline/Pipeline.php(119): Illuminate/Pipeline/Pipeline->{closure:{closure:Illuminate/Pipeline/Pipeline::carry():158}:159}(Object(Illuminate/Http/Request))
#31 D:/Kuliah/Semester 4/Pemweb/Projek/vendor/laravel/framework/src/Illuminate/Foundation/Http/Kernel.php(175): Illuminate/Pipeline/Pipeline->then(Object(Closure))
#32 D:/Kuliah/Semester 4/Pemweb/Projek/vendor/laravel/framework/src/Illuminate/Foundation/Http/Kernel.php(144): Illuminate/Foundation/Http/Kernel->sendRequestThroughRouter(Object(Illuminate/Http/Request))
#33 D:/Kuliah/Semester 4/Pemweb/Projek/public/index.php(25): Illuminate/Foundation/Http/Kernel->handle(Object(Illuminate/Http/Request))
#34 D:/Kuliah/Semester 4/Pemweb/Projek/vendor/laravel/framework/src/Illuminate/Foundation/resources/server.php(16): require_once('D://Kuliah//Semes...')
#35 {main}
"} 
[2026-05-20 14:16:04] laravel.ERROR: Session store not set on request. {"exception":"[object] (RuntimeException(code: 0): Session store not set on request. at D:/Kuliah/Semester 4/Pemweb/Projek/vendor/laravel/framework/src/Illuminate/Http/Request.php:560)
[stacktrace]
#0 D:/Kuliah/Semester 4/Pemweb/Projek/vendor/laravel/framework/src/Illuminate/View/Middleware/ShareErrorsFromSession.php(42): Illuminate/Http/Request->session()
#1 D:/Kuliah/Semester 4/Pemweb/Projek/vendor/laravel/framework/src/Illuminate/Pipeline/Pipeline.php(183): Illuminate/View/Middleware/ShareErrorsFromSession->handle(Object(Illuminate/Http/Request), Object(Closure))
#2 D:/Kuliah/Semester 4/Pemweb/Projek/vendor/laravel/framework/src/Illuminate/Session/Middleware/StartSession.php(54): Illuminate/Pipeline/Pipeline->{closure:{closure:Illuminate/Pipeline/Pipeline::carry():158}:159}(Object(Illuminate/Http/Request))
#3 D:/Kuliah/Semester 4/Pemweb/Projek/vendor/laravel/framework/src/Illuminate/Pipeline/Pipeline.php(183): Illuminate/Session/Middleware/StartSession->handle(Object(Illuminate/Http/Request), Object(Closure))
#4 D:/Kuliah/Semester 4/Pemweb/Projek/vendor/laravel/framework/src/Illuminate/Cookie/Middleware/AddQueuedCookiesToResponse.php(37): Illuminate/Pipeline/Pipeline->{closure:{closure:Illuminate/Pipeline/Pipeline::carry():158}:159}(Object(Illuminate/Http/Request))
#5 D:/Kuliah/Semester 4/Pemweb/Projek/vendor/laravel/framework/src/Illuminate/Pipeline/Pipeline.php(183): Illuminate/Cookie/Middleware/AddQueuedCookiesToResponse->handle(Object(Illuminate/Http/Request), Object(Closure))
#6 D:/Kuliah/Semester 4/Pemweb/Projek/vendor/laravel/framework/src/Illuminate/Cookie/Middleware/EncryptCookies.php(67): Illuminate/Pipeline/Pipeline->{closure:{closure:Illuminate/Pipeline/Pipeline::carry():158}:159}(Object(Illuminate/Http/Request))
#7 D:/Kuliah/Semester 4/Pemweb/Projek/vendor/laravel/framework/src/Illuminate/Pipeline/Pipeline.php(183): Illuminate/Cookie/Middleware/EncryptCookies->handle(Object(Illuminate/Http/Request), Object(Closure))
#8 D:/Kuliah/Semester 4/Pemweb/Projek/vendor/laravel/framework/src/Illuminate/Pipeline/Pipeline.php(119): Illuminate/Pipeline/Pipeline->{closure:{closure:Illuminate/Pipeline/Pipeline::carry():158}:159}(Object(Illuminate/Http/Request))
#9 D:/Kuliah/Semester 4/Pemweb/Projek/vendor/laravel/framework/src/Illuminate/Routing/Router.php(805): Illuminate/Pipeline/Pipeline->then(Object(Closure))
#10 D:/Kuliah/Semester 4/Pemweb/Projek/vendor/laravel/framework/src/Illuminate/Routing/Router.php(784): Illuminate/Routing/Router->runRouteWithinStack(Object(Illuminate/Routing/Route), Object(Illuminate/Http/Request))
#11 D:/Kuliah/Semester 4/Pemweb/Projek/vendor/laravel/framework/src/Illuminate/Routing/Router.php(748): Illuminate/Routing/Router->runRoute(Object(Illuminate/Http/Request), Object(Illuminate/Routing/Route))
#12 D:/Kuliah/Semester 4/Pemweb/Projek/vendor/laravel/framework/src/Illuminate/Routing/Router.php(737): Illuminate/Routing/Router->dispatchToRoute(Object(Illuminate/Http/Request))
#13 D:/Kuliah/Semester 4/Pemweb/Projek/vendor/laravel/framework/src/Illuminate/Foundation/Http/Kernel.php(200): Illuminate/Routing/Router->dispatch(Object(Illuminate/Http/Request))
#14 D:/Kuliah/Semester 4/Pemweb/Projek/vendor/laravel/framework/src/Illuminate/Pipeline/Pipeline.php(144): Illuminate/Foundation/Http/Kernel->{closure:Illuminate/Foundation/Http/Kernel::dispatchToRouter():197}(Object(Illuminate/Http/Request))
#15 D:/Kuliah/Semester 4/Pemweb/Projek/vendor/laravel/framework/src/Illuminate/Foundation/Http/Middleware/TransformsRequest.php(21): Illuminate/Pipeline/Pipeline->{closure:Illuminate/Pipeline/Pipeline::prepareDestination():142}(Object(Illuminate/Http/Request))
#16 D:/Kuliah/Semester 4/Pemweb/Projek/vendor/laravel/framework/src/Illuminate/Foundation/Http/Middleware/ConvertEmptyStringsToNull.php(31): Illuminate/Foundation/Http/Middleware/TransformsRequest->handle(Object(Illuminate/Http/Request), Object(Closure))
#17 D:/Kuliah/Semester 4/Pemweb/Projek/vendor/laravel/framework/src/Illuminate/Pipeline/Pipeline.php(183): Illuminate/Foundation/Http/Middleware/ConvertEmptyStringsToNull->handle(Object(Illuminate/Http/Request), Object(Closure))
#18 D:/Kuliah/Semester 4/Pemweb/Projek/vendor/laravel/framework/src/Illuminate/Foundation/Http/Middleware/TransformsRequest.php(21): Illuminate/Pipeline/Pipeline->{closure:{closure:Illuminate/Pipeline/Pipeline::carry():158}:159}(Object(Illuminate/Http/Request))
#19 D:/Kuliah/Semester 4/Pemweb/Projek/vendor/laravel/framework/src/Illuminate/Foundation/Http/Middleware/TrimStrings.php(40): Illuminate/Foundation/Http/Middleware/TransformsRequest->handle(Object(Illuminate/Http/Request), Object(Closure))
#20 D:/Kuliah/Semester 4/Pemweb/Projek/vendor/laravel/framework/src/Illuminate/Pipeline/Pipeline.php(183): Illuminate/Foundation/Http/Middleware/TrimStrings->handle(Object(Illuminate/Http/Request), Object(Closure))
#21 D:/Kuliah/Semester 4/Pemweb/Projek/vendor/laravel/framework/src/Illuminate/Foundation/Http/Middleware/ValidatePostSize.php(27): Illuminate/Pipeline/Pipeline->{closure:{closure:Illuminate/Pipeline/Pipeline::carry():158}:159}(Object(Illuminate/Http/Request))
#22 D:/Kuliah/Semester 4/Pemweb/Projek/vendor/laravel/framework/src/Illuminate/Pipeline/Pipeline.php(183): Illuminate/Foundation/Http/Middleware/ValidatePostSize->handle(Object(Illuminate/Http/Request), Object(Closure))
#23 D:/Kuliah/Semester 4/Pemweb/Projek/vendor/laravel/framework/src/Illuminate/Foundation/Http/Middleware/PreventRequestsDuringMaintenance.php(99): Illuminate/Pipeline/Pipeline->{closure:{closure:Illuminate/Pipeline/Pipeline::carry():158}:159}(Object(Illuminate/Http/Request))
#24 D:/Kuliah/Semester 4/Pemweb/Projek/vendor/laravel/framework/src/Illuminate/Pipeline/Pipeline.php(183): Illuminate/Foundation/Http/Middleware/PreventRequestsDuringMaintenance->handle(Object(Illuminate/Http/Request), Object(Closure))
#25 D:/Kuliah/Semester 4/Pemweb/Projek/vendor/laravel/framework/src/Illuminate/Pipeline/Pipeline.php(119): Illuminate/Pipeline/Pipeline->{closure:{closure:Illuminate/Pipeline/Pipeline::carry():158}:159}(Object(Illuminate/Http/Request))
#26 D:/Kuliah/Semester 4/Pemweb/Projek/vendor/laravel/framework/src/Illuminate/Foundation/Http/Kernel.php(175): Illuminate/Pipeline/Pipeline->then(Object(Closure))
#27 D:/Kuliah/Semester 4/Pemweb/Projek/vendor/laravel/framework/src/Illuminate/Foundation/Http/Kernel.php(144): Illuminate/Foundation/Http/Kernel->sendRequestThroughRouter(Object(Illuminate/Http/Request))
#28 D:/Kuliah/Semester 4/Pemweb/Projek/public/index.php(25): Illuminate/Foundation/Http/Kernel->handle(Object(Illuminate/Http/Request))
#29 D:/Kuliah/Semester 4/Pemweb/Projek/vendor/laravel/framework/src/Illuminate/Foundation/resources/server.php(16): require_once('D://Kuliah//Semes...')
#30 {main}
"} 
[2026-05-20 14:23:37] laravel.EMERGENCY: Unable to create configured logger. Using emergency logger. {"exception":"[object] (InvalidArgumentException(code: 0): Log [] is not defined. at D:/Kuliah/Semester 4/Pemweb/Projek/vendor/laravel/framework/src/Illuminate/Log/LogManager.php:212)
[stacktrace]
#0 D:/Kuliah/Semester 4/Pemweb/Projek/vendor/laravel/framework/src/Illuminate/Log/LogManager.php(137): Illuminate/Log/LogManager->resolve(NULL, NULL)
#1 D:/Kuliah/Semester 4/Pemweb/Projek/vendor/laravel/framework/src/Illuminate/Log/LogManager.php(124): Illuminate/Log/LogManager->get(NULL)
#2 D:/Kuliah/Semester 4/Pemweb/Projek/vendor/laravel/framework/src/Illuminate/Log/LogManager.php(681): Illuminate/Log/LogManager->driver()
#3 D:/Kuliah/Semester 4/Pemweb/Projek/vendor/laravel/framework/src/Illuminate/Foundation/Exceptions/Handler.php(317): Illuminate/Log/LogManager->error('Session store n...', Array)
#4 D:/Kuliah/Semester 4/Pemweb/Projek/vendor/laravel/framework/src/Illuminate/Foundation/Exceptions/Handler.php(278): Illuminate/Foundation/Exceptions/Handler->reportThrowable(Object(RuntimeException))
#5 D:/Kuliah/Semester 4/Pemweb/Projek/vendor/laravel/framework/src/Illuminate/Routing/Pipeline.php(49): Illuminate/Foundation/Exceptions/Handler->report(Object(RuntimeException))
#6 D:/Kuliah/Semester 4/Pemweb/Projek/vendor/laravel/framework/src/Illuminate/Pipeline/Pipeline.php(188): Illuminate/Routing/Pipeline->handleException(Object(Illuminate/Http/Request), Object(RuntimeException))
#7 D:/Kuliah/Semester 4/Pemweb/Projek/vendor/laravel/framework/src/Illuminate/Session/Middleware/StartSession.php(54): Illuminate/Pipeline/Pipeline->{closure:{closure:Illuminate/Pipeline/Pipeline::carry():158}:159}(Object(Illuminate/Http/Request))
#8 D:/Kuliah/Semester 4/Pemweb/Projek/vendor/laravel/framework/src/Illuminate/Pipeline/Pipeline.php(183): Illuminate/Session/Middleware/StartSession->handle(Object(Illuminate/Http/Request), Object(Closure))
#9 D:/Kuliah/Semester 4/Pemweb/Projek/vendor/laravel/framework/src/Illuminate/Cookie/Middleware/AddQueuedCookiesToResponse.php(37): Illuminate/Pipeline/Pipeline->{closure:{closure:Illuminate/Pipeline/Pipeline::carry():158}:159}(Object(Illuminate/Http/Request))
#10 D:/Kuliah/Semester 4/Pemweb/Projek/vendor/laravel/framework/src/Illuminate/Pipeline/Pipeline.php(183): Illuminate/Cookie/Middleware/AddQueuedCookiesToResponse->handle(Object(Illuminate/Http/Request), Object(Closure))
#11 D:/Kuliah/Semester 4/Pemweb/Projek/vendor/laravel/framework/src/Illuminate/Cookie/Middleware/EncryptCookies.php(67): Illuminate/Pipeline/Pipeline->{closure:{closure:Illuminate/Pipeline/Pipeline::carry():158}:159}(Object(Illuminate/Http/Request))
#12 D:/Kuliah/Semester 4/Pemweb/Projek/vendor/laravel/framework/src/Illuminate/Pipeline/Pipeline.php(183): Illuminate/Cookie/Middleware/EncryptCookies->handle(Object(Illuminate/Http/Request), Object(Closure))
#13 D:/Kuliah/Semester 4/Pemweb/Projek/vendor/laravel/framework/src/Illuminate/Pipeline/Pipeline.php(119): Illuminate/Pipeline/Pipeline->{closure:{closure:Illuminate/Pipeline/Pipeline::carry():158}:159}(Object(Illuminate/Http/Request))
#14 D:/Kuliah/Semester 4/Pemweb/Projek/vendor/laravel/framework/src/Illuminate/Routing/Router.php(805): Illuminate/Pipeline/Pipeline->then(Object(Closure))
#15 D:/Kuliah/Semester 4/Pemweb/Projek/vendor/laravel/framework/src/Illuminate/Routing/Router.php(784): Illuminate/Routing/Router->runRouteWithinStack(Object(Illuminate/Routing/Route), Object(Illuminate/Http/Request))
#16 D:/Kuliah/Semester 4/Pemweb/Projek/vendor/laravel/framework/src/Illuminate/Routing/Router.php(748): Illuminate/Routing/Router->runRoute(Object(Illuminate/Http/Request), Object(Illuminate/Routing/Route))
#17 D:/Kuliah/Semester 4/Pemweb/Projek/vendor/laravel/framework/src/Illuminate/Routing/Router.php(737): Illuminate/Routing/Router->dispatchToRoute(Object(Illuminate/Http/Request))
#18 D:/Kuliah/Semester 4/Pemweb/Projek/vendor/laravel/framework/src/Illuminate/Foundation/Http/Kernel.php(200): Illuminate/Routing/Router->dispatch(Object(Illuminate/Http/Request))
#19 D:/Kuliah/Semester 4/Pemweb/Projek/vendor/laravel/framework/src/Illuminate/Pipeline/Pipeline.php(144): Illuminate/Foundation/Http/Kernel->{closure:Illuminate/Foundation/Http/Kernel::dispatchToRouter():197}(Object(Illuminate/Http/Request))
#20 D:/Kuliah/Semester 4/Pemweb/Projek/vendor/laravel/framework/src/Illuminate/Foundation/Http/Middleware/TransformsRequest.php(21): Illuminate/Pipeline/Pipeline->{closure:Illuminate/Pipeline/Pipeline::prepareDestination():142}(Object(Illuminate/Http/Request))
#21 D:/Kuliah/Semester 4/Pemweb/Projek/vendor/laravel/framework/src/Illuminate/Foundation/Http/Middleware/ConvertEmptyStringsToNull.php(31): Illuminate/Foundation/Http/Middleware/TransformsRequest->handle(Object(Illuminate/Http/Request), Object(Closure))
#22 D:/Kuliah/Semester 4/Pemweb/Projek/vendor/laravel/framework/src/Illuminate/Pipeline/Pipeline.php(183): Illuminate/Foundation/Http/Middleware/ConvertEmptyStringsToNull->handle(Object(Illuminate/Http/Request), Object(Closure))
#23 D:/Kuliah/Semester 4/Pemweb/Projek/vendor/laravel/framework/src/Illuminate/Foundation/Http/Middleware/TransformsRequest.php(21): Illuminate/Pipeline/Pipeline->{closure:{closure:Illuminate/Pipeline/Pipeline::carry():158}:159}(Object(Illuminate/Http/Request))
#24 D:/Kuliah/Semester 4/Pemweb/Projek/vendor/laravel/framework/src/Illuminate/Foundation/Http/Middleware/TrimStrings.php(40): Illuminate/Foundation/Http/Middleware/TransformsRequest->handle(Object(Illuminate/Http/Request), Object(Closure))
#25 D:/Kuliah/Semester 4/Pemweb/Projek/vendor/laravel/framework/src/Illuminate/Pipeline/Pipeline.php(183): Illuminate/Foundation/Http/Middleware/TrimStrings->handle(Object(Illuminate/Http/Request), Object(Closure))
#26 D:/Kuliah/Semester 4/Pemweb/Projek/vendor/laravel/framework/src/Illuminate/Foundation/Http/Middleware/ValidatePostSize.php(27): Illuminate/Pipeline/Pipeline->{closure:{closure:Illuminate/Pipeline/Pipeline::carry():158}:159}(Object(Illuminate/Http/Request))
#27 D:/Kuliah/Semester 4/Pemweb/Projek/vendor/laravel/framework/src/Illuminate/Pipeline/Pipeline.php(183): Illuminate/Foundation/Http/Middleware/ValidatePostSize->handle(Object(Illuminate/Http/Request), Object(Closure))
#28 D:/Kuliah/Semester 4/Pemweb/Projek/vendor/laravel/framework/src/Illuminate/Foundation/Http/Middleware/PreventRequestsDuringMaintenance.php(99): Illuminate/Pipeline/Pipeline->{closure:{closure:Illuminate/Pipeline/Pipeline::carry():158}:159}(Object(Illuminate/Http/Request))
#29 D:/Kuliah/Semester 4/Pemweb/Projek/vendor/laravel/framework/src/Illuminate/Pipeline/Pipeline.php(183): Illuminate/Foundation/Http/Middleware/PreventRequestsDuringMaintenance->handle(Object(Illuminate/Http/Request), Object(Closure))
#30 D:/Kuliah/Semester 4/Pemweb/Projek/vendor/laravel/framework/src/Illuminate/Pipeline/Pipeline.php(119): Illuminate/Pipeline/Pipeline->{closure:{closure:Illuminate/Pipeline/Pipeline::carry():158}:159}(Object(Illuminate/Http/Request))
#31 D:/Kuliah/Semester 4/Pemweb/Projek/vendor/laravel/framework/src/Illuminate/Foundation/Http/Kernel.php(175): Illuminate/Pipeline/Pipeline->then(Object(Closure))
#32 D:/Kuliah/Semester 4/Pemweb/Projek/vendor/laravel/framework/src/Illuminate/Foundation/Http/Kernel.php(144): Illuminate/Foundation/Http/Kernel->sendRequestThroughRouter(Object(Illuminate/Http/Request))
#33 D:/Kuliah/Semester 4/Pemweb/Projek/public/index.php(25): Illuminate/Foundation/Http/Kernel->handle(Object(Illuminate/Http/Request))
#34 D:/Kuliah/Semester 4/Pemweb/Projek/vendor/laravel/framework/src/Illuminate/Foundation/resources/server.php(16): require_once('D://Kuliah//Semes...')
#35 {main}
"} 
[2026-05-20 14:23:37] laravel.ERROR: Session store not set on request. {"exception":"[object] (RuntimeException(code: 0): Session store not set on request. at D:/Kuliah/Semester 4/Pemweb/Projek/vendor/laravel/framework/src/Illuminate/Http/Request.php:560)
[stacktrace]
#0 D:/Kuliah/Semester 4/Pemweb/Projek/vendor/laravel/framework/src/Illuminate/View/Middleware/ShareErrorsFromSession.php(42): Illuminate/Http/Request->session()
#1 D:/Kuliah/Semester 4/Pemweb/Projek/vendor/laravel/framework/src/Illuminate/Pipeline/Pipeline.php(183): Illuminate/View/Middleware/ShareErrorsFromSession->handle(Object(Illuminate/Http/Request), Object(Closure))
#2 D:/Kuliah/Semester 4/Pemweb/Projek/vendor/laravel/framework/src/Illuminate/Session/Middleware/StartSession.php(54): Illuminate/Pipeline/Pipeline->{closure:{closure:Illuminate/Pipeline/Pipeline::carry():158}:159}(Object(Illuminate/Http/Request))
#3 D:/Kuliah/Semester 4/Pemweb/Projek/vendor/laravel/framework/src/Illuminate/Pipeline/Pipeline.php(183): Illuminate/Session/Middleware/StartSession->handle(Object(Illuminate/Http/Request), Object(Closure))
#4 D:/Kuliah/Semester 4/Pemweb/Projek/vendor/laravel/framework/src/Illuminate/Cookie/Middleware/AddQueuedCookiesToResponse.php(37): Illuminate/Pipeline/Pipeline->{closure:{closure:Illuminate/Pipeline/Pipeline::carry():158}:159}(Object(Illuminate/Http/Request))
#5 D:/Kuliah/Semester 4/Pemweb/Projek/vendor/laravel/framework/src/Illuminate/Pipeline/Pipeline.php(183): Illuminate/Cookie/Middleware/AddQueuedCookiesToResponse->handle(Object(Illuminate/Http/Request), Object(Closure))
#6 D:/Kuliah/Semester 4/Pemweb/Projek/vendor/laravel/framework/src/Illuminate/Cookie/Middleware/EncryptCookies.php(67): Illuminate/Pipeline/Pipeline->{closure:{closure:Illuminate/Pipeline/Pipeline::carry():158}:159}(Object(Illuminate/Http/Request))
#7 D:/Kuliah/Semester 4/Pemweb/Projek/vendor/laravel/framework/src/Illuminate/Pipeline/Pipeline.php(183): Illuminate/Cookie/Middleware/EncryptCookies->handle(Object(Illuminate/Http/Request), Object(Closure))
#8 D:/Kuliah/Semester 4/Pemweb/Projek/vendor/laravel/framework/src/Illuminate/Pipeline/Pipeline.php(119): Illuminate/Pipeline/Pipeline->{closure:{closure:Illuminate/Pipeline/Pipeline::carry():158}:159}(Object(Illuminate/Http/Request))
#9 D:/Kuliah/Semester 4/Pemweb/Projek/vendor/laravel/framework/src/Illuminate/Routing/Router.php(805): Illuminate/Pipeline/Pipeline->then(Object(Closure))
#10 D:/Kuliah/Semester 4/Pemweb/Projek/vendor/laravel/framework/src/Illuminate/Routing/Router.php(784): Illuminate/Routing/Router->runRouteWithinStack(Object(Illuminate/Routing/Route), Object(Illuminate/Http/Request))
#11 D:/Kuliah/Semester 4/Pemweb/Projek/vendor/laravel/framework/src/Illuminate/Routing/Router.php(748): Illuminate/Routing/Router->runRoute(Object(Illuminate/Http/Request), Object(Illuminate/Routing/Route))
#12 D:/Kuliah/Semester 4/Pemweb/Projek/vendor/laravel/framework/src/Illuminate/Routing/Router.php(737): Illuminate/Routing/Router->dispatchToRoute(Object(Illuminate/Http/Request))
#13 D:/Kuliah/Semester 4/Pemweb/Projek/vendor/laravel/framework/src/Illuminate/Foundation/Http/Kernel.php(200): Illuminate/Routing/Router->dispatch(Object(Illuminate/Http/Request))
#14 D:/Kuliah/Semester 4/Pemweb/Projek/vendor/laravel/framework/src/Illuminate/Pipeline/Pipeline.php(144): Illuminate/Foundation/Http/Kernel->{closure:Illuminate/Foundation/Http/Kernel::dispatchToRouter():197}(Object(Illuminate/Http/Request))
#15 D:/Kuliah/Semester 4/Pemweb/Projek/vendor/laravel/framework/src/Illuminate/Foundation/Http/Middleware/TransformsRequest.php(21): Illuminate/Pipeline/Pipeline->{closure:Illuminate/Pipeline/Pipeline::prepareDestination():142}(Object(Illuminate/Http/Request))
#16 D:/Kuliah/Semester 4/Pemweb/Projek/vendor/laravel/framework/src/Illuminate/Foundation/Http/Middleware/ConvertEmptyStringsToNull.php(31): Illuminate/Foundation/Http/Middleware/TransformsRequest->handle(Object(Illuminate/Http/Request), Object(Closure))
#17 D:/Kuliah/Semester 4/Pemweb/Projek/vendor/laravel/framework/src/Illuminate/Pipeline/Pipeline.php(183): Illuminate/Foundation/Http/Middleware/ConvertEmptyStringsToNull->handle(Object(Illuminate/Http/Request), Object(Closure))
#18 D:/Kuliah/Semester 4/Pemweb/Projek/vendor/laravel/framework/src/Illuminate/Foundation/Http/Middleware/TransformsRequest.php(21): Illuminate/Pipeline/Pipeline->{closure:{closure:Illuminate/Pipeline/Pipeline::carry():158}:159}(Object(Illuminate/Http/Request))
#19 D:/Kuliah/Semester 4/Pemweb/Projek/vendor/laravel/framework/src/Illuminate/Foundation/Http/Middleware/TrimStrings.php(40): Illuminate/Foundation/Http/Middleware/TransformsRequest->handle(Object(Illuminate/Http/Request), Object(Closure))
#20 D:/Kuliah/Semester 4/Pemweb/Projek/vendor/laravel/framework/src/Illuminate/Pipeline/Pipeline.php(183): Illuminate/Foundation/Http/Middleware/TrimStrings->handle(Object(Illuminate/Http/Request), Object(Closure))
#21 D:/Kuliah/Semester 4/Pemweb/Projek/vendor/laravel/framework/src/Illuminate/Foundation/Http/Middleware/ValidatePostSize.php(27): Illuminate/Pipeline/Pipeline->{closure:{closure:Illuminate/Pipeline/Pipeline::carry():158}:159}(Object(Illuminate/Http/Request))
#22 D:/Kuliah/Semester 4/Pemweb/Projek/vendor/laravel/framework/src/Illuminate/Pipeline/Pipeline.php(183): Illuminate/Foundation/Http/Middleware/ValidatePostSize->handle(Object(Illuminate/Http/Request), Object(Closure))
#23 D:/Kuliah/Semester 4/Pemweb/Projek/vendor/laravel/framework/src/Illuminate/Foundation/Http/Middleware/PreventRequestsDuringMaintenance.php(99): Illuminate/Pipeline/Pipeline->{closure:{closure:Illuminate/Pipeline/Pipeline::carry():158}:159}(Object(Illuminate/Http/Request))
#24 D:/Kuliah/Semester 4/Pemweb/Projek/vendor/laravel/framework/src/Illuminate/Pipeline/Pipeline.php(183): Illuminate/Foundation/Http/Middleware/PreventRequestsDuringMaintenance->handle(Object(Illuminate/Http/Request), Object(Closure))
#25 D:/Kuliah/Semester 4/Pemweb/Projek/vendor/laravel/framework/src/Illuminate/Pipeline/Pipeline.php(119): Illuminate/Pipeline/Pipeline->{closure:{closure:Illuminate/Pipeline/Pipeline::carry():158}:159}(Object(Illuminate/Http/Request))
#26 D:/Kuliah/Semester 4/Pemweb/Projek/vendor/laravel/framework/src/Illuminate/Foundation/Http/Kernel.php(175): Illuminate/Pipeline/Pipeline->then(Object(Closure))
#27 D:/Kuliah/Semester 4/Pemweb/Projek/vendor/laravel/framework/src/Illuminate/Foundation/Http/Kernel.php(144): Illuminate/Foundation/Http/Kernel->sendRequestThroughRouter(Object(Illuminate/Http/Request))
#28 D:/Kuliah/Semester 4/Pemweb/Projek/public/index.php(25): Illuminate/Foundation/Http/Kernel->handle(Object(Illuminate/Http/Request))
#29 D:/Kuliah/Semester 4/Pemweb/Projek/vendor/laravel/framework/src/Illuminate/Foundation/resources/server.php(16): require_once('D://Kuliah//Semes...')
#30 {main}
"} 
[2026-05-20 14:23:42] laravel.EMERGENCY: Unable to create configured logger. Using emergency logger. {"exception":"[object] (InvalidArgumentException(code: 0): Log [] is not defined. at D:/Kuliah/Semester 4/Pemweb/Projek/vendor/laravel/framework/src/Illuminate/Log/LogManager.php:212)
[stacktrace]
#0 D:/Kuliah/Semester 4/Pemweb/Projek/vendor/laravel/framework/src/Illuminate/Log/LogManager.php(137): Illuminate/Log/LogManager->resolve(NULL, NULL)
#1 D:/Kuliah/Semester 4/Pemweb/Projek/vendor/laravel/framework/src/Illuminate/Log/LogManager.php(124): Illuminate/Log/LogManager->get(NULL)
#2 D:/Kuliah/Semester 4/Pemweb/Projek/vendor/laravel/framework/src/Illuminate/Log/LogManager.php(681): Illuminate/Log/LogManager->driver()
#3 D:/Kuliah/Semester 4/Pemweb/Projek/vendor/laravel/framework/src/Illuminate/Foundation/Exceptions/Handler.php(317): Illuminate/Log/LogManager->error('Session store n...', Array)
#4 D:/Kuliah/Semester 4/Pemweb/Projek/vendor/laravel/framework/src/Illuminate/Foundation/Exceptions/Handler.php(278): Illuminate/Foundation/Exceptions/Handler->reportThrowable(Object(RuntimeException))
#5 D:/Kuliah/Semester 4/Pemweb/Projek/vendor/laravel/framework/src/Illuminate/Routing/Pipeline.php(49): Illuminate/Foundation/Exceptions/Handler->report(Object(RuntimeException))
#6 D:/Kuliah/Semester 4/Pemweb/Projek/vendor/laravel/framework/src/Illuminate/Pipeline/Pipeline.php(188): Illuminate/Routing/Pipeline->handleException(Object(Illuminate/Http/Request), Object(RuntimeException))
#7 D:/Kuliah/Semester 4/Pemweb/Projek/vendor/laravel/framework/src/Illuminate/Session/Middleware/StartSession.php(54): Illuminate/Pipeline/Pipeline->{closure:{closure:Illuminate/Pipeline/Pipeline::carry():158}:159}(Object(Illuminate/Http/Request))
#8 D:/Kuliah/Semester 4/Pemweb/Projek/vendor/laravel/framework/src/Illuminate/Pipeline/Pipeline.php(183): Illuminate/Session/Middleware/StartSession->handle(Object(Illuminate/Http/Request), Object(Closure))
#9 D:/Kuliah/Semester 4/Pemweb/Projek/vendor/laravel/framework/src/Illuminate/Cookie/Middleware/AddQueuedCookiesToResponse.php(37): Illuminate/Pipeline/Pipeline->{closure:{closure:Illuminate/Pipeline/Pipeline::carry():158}:159}(Object(Illuminate/Http/Request))
#10 D:/Kuliah/Semester 4/Pemweb/Projek/vendor/laravel/framework/src/Illuminate/Pipeline/Pipeline.php(183): Illuminate/Cookie/Middleware/AddQueuedCookiesToResponse->handle(Object(Illuminate/Http/Request), Object(Closure))
#11 D:/Kuliah/Semester 4/Pemweb/Projek/vendor/laravel/framework/src/Illuminate/Cookie/Middleware/EncryptCookies.php(67): Illuminate/Pipeline/Pipeline->{closure:{closure:Illuminate/Pipeline/Pipeline::carry():158}:159}(Object(Illuminate/Http/Request))
#12 D:/Kuliah/Semester 4/Pemweb/Projek/vendor/laravel/framework/src/Illuminate/Pipeline/Pipeline.php(183): Illuminate/Cookie/Middleware/EncryptCookies->handle(Object(Illuminate/Http/Request), Object(Closure))
#13 D:/Kuliah/Semester 4/Pemweb/Projek/vendor/laravel/framework/src/Illuminate/Pipeline/Pipeline.php(119): Illuminate/Pipeline/Pipeline->{closure:{closure:Illuminate/Pipeline/Pipeline::carry():158}:159}(Object(Illuminate/Http/Request))
#14 D:/Kuliah/Semester 4/Pemweb/Projek/vendor/laravel/framework/src/Illuminate/Routing/Router.php(805): Illuminate/Pipeline/Pipeline->then(Object(Closure))
#15 D:/Kuliah/Semester 4/Pemweb/Projek/vendor/laravel/framework/src/Illuminate/Routing/Router.php(784): Illuminate/Routing/Router->runRouteWithinStack(Object(Illuminate/Routing/Route), Object(Illuminate/Http/Request))
#16 D:/Kuliah/Semester 4/Pemweb/Projek/vendor/laravel/framework/src/Illuminate/Routing/Router.php(748): Illuminate/Routing/Router->runRoute(Object(Illuminate/Http/Request), Object(Illuminate/Routing/Route))
#17 D:/Kuliah/Semester 4/Pemweb/Projek/vendor/laravel/framework/src/Illuminate/Routing/Router.php(737): Illuminate/Routing/Router->dispatchToRoute(Object(Illuminate/Http/Request))
#18 D:/Kuliah/Semester 4/Pemweb/Projek/vendor/laravel/framework/src/Illuminate/Foundation/Http/Kernel.php(200): Illuminate/Routing/Router->dispatch(Object(Illuminate/Http/Request))
#19 D:/Kuliah/Semester 4/Pemweb/Projek/vendor/laravel/framework/src/Illuminate/Pipeline/Pipeline.php(144): Illuminate/Foundation/Http/Kernel->{closure:Illuminate/Foundation/Http/Kernel::dispatchToRouter():197}(Object(Illuminate/Http/Request))
#20 D:/Kuliah/Semester 4/Pemweb/Projek/vendor/laravel/framework/src/Illuminate/Foundation/Http/Middleware/TransformsRequest.php(21): Illuminate/Pipeline/Pipeline->{closure:Illuminate/Pipeline/Pipeline::prepareDestination():142}(Object(Illuminate/Http/Request))
#21 D:/Kuliah/Semester 4/Pemweb/Projek/vendor/laravel/framework/src/Illuminate/Foundation/Http/Middleware/ConvertEmptyStringsToNull.php(31): Illuminate/Foundation/Http/Middleware/TransformsRequest->handle(Object(Illuminate/Http/Request), Object(Closure))
#22 D:/Kuliah/Semester 4/Pemweb/Projek/vendor/laravel/framework/src/Illuminate/Pipeline/Pipeline.php(183): Illuminate/Foundation/Http/Middleware/ConvertEmptyStringsToNull->handle(Object(Illuminate/Http/Request), Object(Closure))
#23 D:/Kuliah/Semester 4/Pemweb/Projek/vendor/laravel/framework/src/Illuminate/Foundation/Http/Middleware/TransformsRequest.php(21): Illuminate/Pipeline/Pipeline->{closure:{closure:Illuminate/Pipeline/Pipeline::carry():158}:159}(Object(Illuminate/Http/Request))
#24 D:/Kuliah/Semester 4/Pemweb/Projek/vendor/laravel/framework/src/Illuminate/Foundation/Http/Middleware/TrimStrings.php(40): Illuminate/Foundation/Http/Middleware/TransformsRequest->handle(Object(Illuminate/Http/Request), Object(Closure))
#25 D:/Kuliah/Semester 4/Pemweb/Projek/vendor/laravel/framework/src/Illuminate/Pipeline/Pipeline.php(183): Illuminate/Foundation/Http/Middleware/TrimStrings->handle(Object(Illuminate/Http/Request), Object(Closure))
#26 D:/Kuliah/Semester 4/Pemweb/Projek/vendor/laravel/framework/src/Illuminate/Foundation/Http/Middleware/ValidatePostSize.php(27): Illuminate/Pipeline/Pipeline->{closure:{closure:Illuminate/Pipeline/Pipeline::carry():158}:159}(Object(Illuminate/Http/Request))
#27 D:/Kuliah/Semester 4/Pemweb/Projek/vendor/laravel/framework/src/Illuminate/Pipeline/Pipeline.php(183): Illuminate/Foundation/Http/Middleware/ValidatePostSize->handle(Object(Illuminate/Http/Request), Object(Closure))
#28 D:/Kuliah/Semester 4/Pemweb/Projek/vendor/laravel/framework/src/Illuminate/Foundation/Http/Middleware/PreventRequestsDuringMaintenance.php(99): Illuminate/Pipeline/Pipeline->{closure:{closure:Illuminate/Pipeline/Pipeline::carry():158}:159}(Object(Illuminate/Http/Request))
#29 D:/Kuliah/Semester 4/Pemweb/Projek/vendor/laravel/framework/src/Illuminate/Pipeline/Pipeline.php(183): Illuminate/Foundation/Http/Middleware/PreventRequestsDuringMaintenance->handle(Object(Illuminate/Http/Request), Object(Closure))
#30 D:/Kuliah/Semester 4/Pemweb/Projek/vendor/laravel/framework/src/Illuminate/Pipeline/Pipeline.php(119): Illuminate/Pipeline/Pipeline->{closure:{closure:Illuminate/Pipeline/Pipeline::carry():158}:159}(Object(Illuminate/Http/Request))
#31 D:/Kuliah/Semester 4/Pemweb/Projek/vendor/laravel/framework/src/Illuminate/Foundation/Http/Kernel.php(175): Illuminate/Pipeline/Pipeline->then(Object(Closure))
#32 D:/Kuliah/Semester 4/Pemweb/Projek/vendor/laravel/framework/src/Illuminate/Foundation/Http/Kernel.php(144): Illuminate/Foundation/Http/Kernel->sendRequestThroughRouter(Object(Illuminate/Http/Request))
#33 D:/Kuliah/Semester 4/Pemweb/Projek/public/index.php(25): Illuminate/Foundation/Http/Kernel->handle(Object(Illuminate/Http/Request))
#34 D:/Kuliah/Semester 4/Pemweb/Projek/vendor/laravel/framework/src/Illuminate/Foundation/resources/server.php(16): require_once('D://Kuliah//Semes...')
#35 {main}
"} 
[2026-05-20 14:23:42] laravel.ERROR: Session store not set on request. {"exception":"[object] (RuntimeException(code: 0): Session store not set on request. at D:/Kuliah/Semester 4/Pemweb/Projek/vendor/laravel/framework/src/Illuminate/Http/Request.php:560)
[stacktrace]
#0 D:/Kuliah/Semester 4/Pemweb/Projek/vendor/laravel/framework/src/Illuminate/View/Middleware/ShareErrorsFromSession.php(42): Illuminate/Http/Request->session()
#1 D:/Kuliah/Semester 4/Pemweb/Projek/vendor/laravel/framework/src/Illuminate/Pipeline/Pipeline.php(183): Illuminate/View/Middleware/ShareErrorsFromSession->handle(Object(Illuminate/Http/Request), Object(Closure))
#2 D:/Kuliah/Semester 4/Pemweb/Projek/vendor/laravel/framework/src/Illuminate/Session/Middleware/StartSession.php(54): Illuminate/Pipeline/Pipeline->{closure:{closure:Illuminate/Pipeline/Pipeline::carry():158}:159}(Object(Illuminate/Http/Request))
#3 D:/Kuliah/Semester 4/Pemweb/Projek/vendor/laravel/framework/src/Illuminate/Pipeline/Pipeline.php(183): Illuminate/Session/Middleware/StartSession->handle(Object(Illuminate/Http/Request), Object(Closure))
#4 D:/Kuliah/Semester 4/Pemweb/Projek/vendor/laravel/framework/src/Illuminate/Cookie/Middleware/AddQueuedCookiesToResponse.php(37): Illuminate/Pipeline/Pipeline->{closure:{closure:Illuminate/Pipeline/Pipeline::carry():158}:159}(Object(Illuminate/Http/Request))
#5 D:/Kuliah/Semester 4/Pemweb/Projek/vendor/laravel/framework/src/Illuminate/Pipeline/Pipeline.php(183): Illuminate/Cookie/Middleware/AddQueuedCookiesToResponse->handle(Object(Illuminate/Http/Request), Object(Closure))
#6 D:/Kuliah/Semester 4/Pemweb/Projek/vendor/laravel/framework/src/Illuminate/Cookie/Middleware/EncryptCookies.php(67): Illuminate/Pipeline/Pipeline->{closure:{closure:Illuminate/Pipeline/Pipeline::carry():158}:159}(Object(Illuminate/Http/Request))
#7 D:/Kuliah/Semester 4/Pemweb/Projek/vendor/laravel/framework/src/Illuminate/Pipeline/Pipeline.php(183): Illuminate/Cookie/Middleware/EncryptCookies->handle(Object(Illuminate/Http/Request), Object(Closure))
#8 D:/Kuliah/Semester 4/Pemweb/Projek/vendor/laravel/framework/src/Illuminate/Pipeline/Pipeline.php(119): Illuminate/Pipeline/Pipeline->{closure:{closure:Illuminate/Pipeline/Pipeline::carry():158}:159}(Object(Illuminate/Http/Request))
#9 D:/Kuliah/Semester 4/Pemweb/Projek/vendor/laravel/framework/src/Illuminate/Routing/Router.php(805): Illuminate/Pipeline/Pipeline->then(Object(Closure))
#10 D:/Kuliah/Semester 4/Pemweb/Projek/vendor/laravel/framework/src/Illuminate/Routing/Router.php(784): Illuminate/Routing/Router->runRouteWithinStack(Object(Illuminate/Routing/Route), Object(Illuminate/Http/Request))
#11 D:/Kuliah/Semester 4/Pemweb/Projek/vendor/laravel/framework/src/Illuminate/Routing/Router.php(748): Illuminate/Routing/Router->runRoute(Object(Illuminate/Http/Request), Object(Illuminate/Routing/Route))
#12 D:/Kuliah/Semester 4/Pemweb/Projek/vendor/laravel/framework/src/Illuminate/Routing/Router.php(737): Illuminate/Routing/Router->dispatchToRoute(Object(Illuminate/Http/Request))
#13 D:/Kuliah/Semester 4/Pemweb/Projek/vendor/laravel/framework/src/Illuminate/Foundation/Http/Kernel.php(200): Illuminate/Routing/Router->dispatch(Object(Illuminate/Http/Request))
#14 D:/Kuliah/Semester 4/Pemweb/Projek/vendor/laravel/framework/src/Illuminate/Pipeline/Pipeline.php(144): Illuminate/Foundation/Http/Kernel->{closure:Illuminate/Foundation/Http/Kernel::dispatchToRouter():197}(Object(Illuminate/Http/Request))
#15 D:/Kuliah/Semester 4/Pemweb/Projek/vendor/laravel/framework/src/Illuminate/Foundation/Http/Middleware/TransformsRequest.php(21): Illuminate/Pipeline/Pipeline->{closure:Illuminate/Pipeline/Pipeline::prepareDestination():142}(Object(Illuminate/Http/Request))
#16 D:/Kuliah/Semester 4/Pemweb/Projek/vendor/laravel/framework/src/Illuminate/Foundation/Http/Middleware/ConvertEmptyStringsToNull.php(31): Illuminate/Foundation/Http/Middleware/TransformsRequest->handle(Object(Illuminate/Http/Request), Object(Closure))
#17 D:/Kuliah/Semester 4/Pemweb/Projek/vendor/laravel/framework/src/Illuminate/Pipeline/Pipeline.php(183): Illuminate/Foundation/Http/Middleware/ConvertEmptyStringsToNull->handle(Object(Illuminate/Http/Request), Object(Closure))
#18 D:/Kuliah/Semester 4/Pemweb/Projek/vendor/laravel/framework/src/Illuminate/Foundation/Http/Middleware/TransformsRequest.php(21): Illuminate/Pipeline/Pipeline->{closure:{closure:Illuminate/Pipeline/Pipeline::carry():158}:159}(Object(Illuminate/Http/Request))
#19 D:/Kuliah/Semester 4/Pemweb/Projek/vendor/laravel/framework/src/Illuminate/Foundation/Http/Middleware/TrimStrings.php(40): Illuminate/Foundation/Http/Middleware/TransformsRequest->handle(Object(Illuminate/Http/Request), Object(Closure))
#20 D:/Kuliah/Semester 4/Pemweb/Projek/vendor/laravel/framework/src/Illuminate/Pipeline/Pipeline.php(183): Illuminate/Foundation/Http/Middleware/TrimStrings->handle(Object(Illuminate/Http/Request), Object(Closure))
#21 D:/Kuliah/Semester 4/Pemweb/Projek/vendor/laravel/framework/src/Illuminate/Foundation/Http/Middleware/ValidatePostSize.php(27): Illuminate/Pipeline/Pipeline->{closure:{closure:Illuminate/Pipeline/Pipeline::carry():158}:159}(Object(Illuminate/Http/Request))
#22 D:/Kuliah/Semester 4/Pemweb/Projek/vendor/laravel/framework/src/Illuminate/Pipeline/Pipeline.php(183): Illuminate/Foundation/Http/Middleware/ValidatePostSize->handle(Object(Illuminate/Http/Request), Object(Closure))
#23 D:/Kuliah/Semester 4/Pemweb/Projek/vendor/laravel/framework/src/Illuminate/Foundation/Http/Middleware/PreventRequestsDuringMaintenance.php(99): Illuminate/Pipeline/Pipeline->{closure:{closure:Illuminate/Pipeline/Pipeline::carry():158}:159}(Object(Illuminate/Http/Request))
#24 D:/Kuliah/Semester 4/Pemweb/Projek/vendor/laravel/framework/src/Illuminate/Pipeline/Pipeline.php(183): Illuminate/Foundation/Http/Middleware/PreventRequestsDuringMaintenance->handle(Object(Illuminate/Http/Request), Object(Closure))
#25 D:/Kuliah/Semester 4/Pemweb/Projek/vendor/laravel/framework/src/Illuminate/Pipeline/Pipeline.php(119): Illuminate/Pipeline/Pipeline->{closure:{closure:Illuminate/Pipeline/Pipeline::carry():158}:159}(Object(Illuminate/Http/Request))
#26 D:/Kuliah/Semester 4/Pemweb/Projek/vendor/laravel/framework/src/Illuminate/Foundation/Http/Kernel.php(175): Illuminate/Pipeline/Pipeline->then(Object(Closure))
#27 D:/Kuliah/Semester 4/Pemweb/Projek/vendor/laravel/framework/src/Illuminate/Foundation/Http/Kernel.php(144): Illuminate/Foundation/Http/Kernel->sendRequestThroughRouter(Object(Illuminate/Http/Request))
#28 D:/Kuliah/Semester 4/Pemweb/Projek/public/index.php(25): Illuminate/Foundation/Http/Kernel->handle(Object(Illuminate/Http/Request))
#29 D:/Kuliah/Semester 4/Pemweb/Projek/vendor/laravel/framework/src/Illuminate/Foundation/resources/server.php(16): require_once('D://Kuliah//Semes...')
#30 {main}
"} 
[2026-05-20 14:29:08] laravel.EMERGENCY: Unable to create configured logger. Using emergency logger. {"exception":"[object] (InvalidArgumentException(code: 0): Log [] is not defined. at D:/Kuliah/Semester 4/Pemweb/Projek/vendor/laravel/framework/src/Illuminate/Log/LogManager.php:212)
[stacktrace]
#0 D:/Kuliah/Semester 4/Pemweb/Projek/vendor/laravel/framework/src/Illuminate/Log/LogManager.php(137): Illuminate/Log/LogManager->resolve(NULL, NULL)
#1 D:/Kuliah/Semester 4/Pemweb/Projek/vendor/laravel/framework/src/Illuminate/Log/LogManager.php(124): Illuminate/Log/LogManager->get(NULL)
#2 D:/Kuliah/Semester 4/Pemweb/Projek/vendor/laravel/framework/src/Illuminate/Log/LogManager.php(681): Illuminate/Log/LogManager->driver()
#3 D:/Kuliah/Semester 4/Pemweb/Projek/vendor/laravel/framework/src/Illuminate/Foundation/Exceptions/Handler.php(317): Illuminate/Log/LogManager->error('Session store n...', Array)
#4 D:/Kuliah/Semester 4/Pemweb/Projek/vendor/laravel/framework/src/Illuminate/Foundation/Exceptions/Handler.php(278): Illuminate/Foundation/Exceptions/Handler->reportThrowable(Object(RuntimeException))
#5 D:/Kuliah/Semester 4/Pemweb/Projek/vendor/laravel/framework/src/Illuminate/Routing/Pipeline.php(49): Illuminate/Foundation/Exceptions/Handler->report(Object(RuntimeException))
#6 D:/Kuliah/Semester 4/Pemweb/Projek/vendor/laravel/framework/src/Illuminate/Pipeline/Pipeline.php(188): Illuminate/Routing/Pipeline->handleException(Object(Illuminate/Http/Request), Object(RuntimeException))
#7 D:/Kuliah/Semester 4/Pemweb/Projek/vendor/laravel/framework/src/Illuminate/Session/Middleware/StartSession.php(54): Illuminate/Pipeline/Pipeline->{closure:{closure:Illuminate/Pipeline/Pipeline::carry():158}:159}(Object(Illuminate/Http/Request))
#8 D:/Kuliah/Semester 4/Pemweb/Projek/vendor/laravel/framework/src/Illuminate/Pipeline/Pipeline.php(183): Illuminate/Session/Middleware/StartSession->handle(Object(Illuminate/Http/Request), Object(Closure))
#9 D:/Kuliah/Semester 4/Pemweb/Projek/vendor/laravel/framework/src/Illuminate/Cookie/Middleware/AddQueuedCookiesToResponse.php(37): Illuminate/Pipeline/Pipeline->{closure:{closure:Illuminate/Pipeline/Pipeline::carry():158}:159}(Object(Illuminate/Http/Request))
#10 D:/Kuliah/Semester 4/Pemweb/Projek/vendor/laravel/framework/src/Illuminate/Pipeline/Pipeline.php(183): Illuminate/Cookie/Middleware/AddQueuedCookiesToResponse->handle(Object(Illuminate/Http/Request), Object(Closure))
#11 D:/Kuliah/Semester 4/Pemweb/Projek/vendor/laravel/framework/src/Illuminate/Cookie/Middleware/EncryptCookies.php(67): Illuminate/Pipeline/Pipeline->{closure:{closure:Illuminate/Pipeline/Pipeline::carry():158}:159}(Object(Illuminate/Http/Request))
#12 D:/Kuliah/Semester 4/Pemweb/Projek/vendor/laravel/framework/src/Illuminate/Pipeline/Pipeline.php(183): Illuminate/Cookie/Middleware/EncryptCookies->handle(Object(Illuminate/Http/Request), Object(Closure))
#13 D:/Kuliah/Semester 4/Pemweb/Projek/vendor/laravel/framework/src/Illuminate/Pipeline/Pipeline.php(119): Illuminate/Pipeline/Pipeline->{closure:{closure:Illuminate/Pipeline/Pipeline::carry():158}:159}(Object(Illuminate/Http/Request))
#14 D:/Kuliah/Semester 4/Pemweb/Projek/vendor/laravel/framework/src/Illuminate/Routing/Router.php(805): Illuminate/Pipeline/Pipeline->then(Object(Closure))
#15 D:/Kuliah/Semester 4/Pemweb/Projek/vendor/laravel/framework/src/Illuminate/Routing/Router.php(784): Illuminate/Routing/Router->runRouteWithinStack(Object(Illuminate/Routing/Route), Object(Illuminate/Http/Request))
#16 D:/Kuliah/Semester 4/Pemweb/Projek/vendor/laravel/framework/src/Illuminate/Routing/Router.php(748): Illuminate/Routing/Router->runRoute(Object(Illuminate/Http/Request), Object(Illuminate/Routing/Route))
#17 D:/Kuliah/Semester 4/Pemweb/Projek/vendor/laravel/framework/src/Illuminate/Routing/Router.php(737): Illuminate/Routing/Router->dispatchToRoute(Object(Illuminate/Http/Request))
#18 D:/Kuliah/Semester 4/Pemweb/Projek/vendor/laravel/framework/src/Illuminate/Foundation/Http/Kernel.php(200): Illuminate/Routing/Router->dispatch(Object(Illuminate/Http/Request))
#19 D:/Kuliah/Semester 4/Pemweb/Projek/vendor/laravel/framework/src/Illuminate/Pipeline/Pipeline.php(144): Illuminate/Foundation/Http/Kernel->{closure:Illuminate/Foundation/Http/Kernel::dispatchToRouter():197}(Object(Illuminate/Http/Request))
#20 D:/Kuliah/Semester 4/Pemweb/Projek/vendor/laravel/framework/src/Illuminate/Foundation/Http/Middleware/TransformsRequest.php(21): Illuminate/Pipeline/Pipeline->{closure:Illuminate/Pipeline/Pipeline::prepareDestination():142}(Object(Illuminate/Http/Request))
#21 D:/Kuliah/Semester 4/Pemweb/Projek/vendor/laravel/framework/src/Illuminate/Foundation/Http/Middleware/ConvertEmptyStringsToNull.php(31): Illuminate/Foundation/Http/Middleware/TransformsRequest->handle(Object(Illuminate/Http/Request), Object(Closure))
#22 D:/Kuliah/Semester 4/Pemweb/Projek/vendor/laravel/framework/src/Illuminate/Pipeline/Pipeline.php(183): Illuminate/Foundation/Http/Middleware/ConvertEmptyStringsToNull->handle(Object(Illuminate/Http/Request), Object(Closure))
#23 D:/Kuliah/Semester 4/Pemweb/Projek/vendor/laravel/framework/src/Illuminate/Foundation/Http/Middleware/TransformsRequest.php(21): Illuminate/Pipeline/Pipeline->{closure:{closure:Illuminate/Pipeline/Pipeline::carry():158}:159}(Object(Illuminate/Http/Request))
#24 D:/Kuliah/Semester 4/Pemweb/Projek/vendor/laravel/framework/src/Illuminate/Foundation/Http/Middleware/TrimStrings.php(40): Illuminate/Foundation/Http/Middleware/TransformsRequest->handle(Object(Illuminate/Http/Request), Object(Closure))
#25 D:/Kuliah/Semester 4/Pemweb/Projek/vendor/laravel/framework/src/Illuminate/Pipeline/Pipeline.php(183): Illuminate/Foundation/Http/Middleware/TrimStrings->handle(Object(Illuminate/Http/Request), Object(Closure))
#26 D:/Kuliah/Semester 4/Pemweb/Projek/vendor/laravel/framework/src/Illuminate/Foundation/Http/Middleware/ValidatePostSize.php(27): Illuminate/Pipeline/Pipeline->{closure:{closure:Illuminate/Pipeline/Pipeline::carry():158}:159}(Object(Illuminate/Http/Request))
#27 D:/Kuliah/Semester 4/Pemweb/Projek/vendor/laravel/framework/src/Illuminate/Pipeline/Pipeline.php(183): Illuminate/Foundation/Http/Middleware/ValidatePostSize->handle(Object(Illuminate/Http/Request), Object(Closure))
#28 D:/Kuliah/Semester 4/Pemweb/Projek/vendor/laravel/framework/src/Illuminate/Foundation/Http/Middleware/PreventRequestsDuringMaintenance.php(99): Illuminate/Pipeline/Pipeline->{closure:{closure:Illuminate/Pipeline/Pipeline::carry():158}:159}(Object(Illuminate/Http/Request))
#29 D:/Kuliah/Semester 4/Pemweb/Projek/vendor/laravel/framework/src/Illuminate/Pipeline/Pipeline.php(183): Illuminate/Foundation/Http/Middleware/PreventRequestsDuringMaintenance->handle(Object(Illuminate/Http/Request), Object(Closure))
#30 D:/Kuliah/Semester 4/Pemweb/Projek/vendor/laravel/framework/src/Illuminate/Pipeline/Pipeline.php(119): Illuminate/Pipeline/Pipeline->{closure:{closure:Illuminate/Pipeline/Pipeline::carry():158}:159}(Object(Illuminate/Http/Request))
#31 D:/Kuliah/Semester 4/Pemweb/Projek/vendor/laravel/framework/src/Illuminate/Foundation/Http/Kernel.php(175): Illuminate/Pipeline/Pipeline->then(Object(Closure))
#32 D:/Kuliah/Semester 4/Pemweb/Projek/vendor/laravel/framework/src/Illuminate/Foundation/Http/Kernel.php(144): Illuminate/Foundation/Http/Kernel->sendRequestThroughRouter(Object(Illuminate/Http/Request))
#33 D:/Kuliah/Semester 4/Pemweb/Projek/public/index.php(20): Illuminate/Foundation/Http/Kernel->handle(Object(Illuminate/Http/Request))
#34 D:/Kuliah/Semester 4/Pemweb/Projek/vendor/laravel/framework/src/Illuminate/Foundation/resources/server.php(16): require_once('D://Kuliah//Semes...')
#35 {main}
"} 
[2026-05-20 14:29:08] laravel.ERROR: Session store not set on request. {"exception":"[object] (RuntimeException(code: 0): Session store not set on request. at D:/Kuliah/Semester 4/Pemweb/Projek/vendor/laravel/framework/src/Illuminate/Http/Request.php:560)
[stacktrace]
#0 D:/Kuliah/Semester 4/Pemweb/Projek/vendor/laravel/framework/src/Illuminate/View/Middleware/ShareErrorsFromSession.php(42): Illuminate/Http/Request->session()
#1 D:/Kuliah/Semester 4/Pemweb/Projek/vendor/laravel/framework/src/Illuminate/Pipeline/Pipeline.php(183): Illuminate/View/Middleware/ShareErrorsFromSession->handle(Object(Illuminate/Http/Request), Object(Closure))
#2 D:/Kuliah/Semester 4/Pemweb/Projek/vendor/laravel/framework/src/Illuminate/Session/Middleware/StartSession.php(54): Illuminate/Pipeline/Pipeline->{closure:{closure:Illuminate/Pipeline/Pipeline::carry():158}:159}(Object(Illuminate/Http/Request))
#3 D:/Kuliah/Semester 4/Pemweb/Projek/vendor/laravel/framework/src/Illuminate/Pipeline/Pipeline.php(183): Illuminate/Session/Middleware/StartSession->handle(Object(Illuminate/Http/Request), Object(Closure))
#4 D:/Kuliah/Semester 4/Pemweb/Projek/vendor/laravel/framework/src/Illuminate/Cookie/Middleware/AddQueuedCookiesToResponse.php(37): Illuminate/Pipeline/Pipeline->{closure:{closure:Illuminate/Pipeline/Pipeline::carry():158}:159}(Object(Illuminate/Http/Request))
#5 D:/Kuliah/Semester 4/Pemweb/Projek/vendor/laravel/framework/src/Illuminate/Pipeline/Pipeline.php(183): Illuminate/Cookie/Middleware/AddQueuedCookiesToResponse->handle(Object(Illuminate/Http/Request), Object(Closure))
#6 D:/Kuliah/Semester 4/Pemweb/Projek/vendor/laravel/framework/src/Illuminate/Cookie/Middleware/EncryptCookies.php(67): Illuminate/Pipeline/Pipeline->{closure:{closure:Illuminate/Pipeline/Pipeline::carry():158}:159}(Object(Illuminate/Http/Request))
#7 D:/Kuliah/Semester 4/Pemweb/Projek/vendor/laravel/framework/src/Illuminate/Pipeline/Pipeline.php(183): Illuminate/Cookie/Middleware/EncryptCookies->handle(Object(Illuminate/Http/Request), Object(Closure))
#8 D:/Kuliah/Semester 4/Pemweb/Projek/vendor/laravel/framework/src/Illuminate/Pipeline/Pipeline.php(119): Illuminate/Pipeline/Pipeline->{closure:{closure:Illuminate/Pipeline/Pipeline::carry():158}:159}(Object(Illuminate/Http/Request))
#9 D:/Kuliah/Semester 4/Pemweb/Projek/vendor/laravel/framework/src/Illuminate/Routing/Router.php(805): Illuminate/Pipeline/Pipeline->then(Object(Closure))
#10 D:/Kuliah/Semester 4/Pemweb/Projek/vendor/laravel/framework/src/Illuminate/Routing/Router.php(784): Illuminate/Routing/Router->runRouteWithinStack(Object(Illuminate/Routing/Route), Object(Illuminate/Http/Request))
#11 D:/Kuliah/Semester 4/Pemweb/Projek/vendor/laravel/framework/src/Illuminate/Routing/Router.php(748): Illuminate/Routing/Router->runRoute(Object(Illuminate/Http/Request), Object(Illuminate/Routing/Route))
#12 D:/Kuliah/Semester 4/Pemweb/Projek/vendor/laravel/framework/src/Illuminate/Routing/Router.php(737): Illuminate/Routing/Router->dispatchToRoute(Object(Illuminate/Http/Request))
#13 D:/Kuliah/Semester 4/Pemweb/Projek/vendor/laravel/framework/src/Illuminate/Foundation/Http/Kernel.php(200): Illuminate/Routing/Router->dispatch(Object(Illuminate/Http/Request))
#14 D:/Kuliah/Semester 4/Pemweb/Projek/vendor/laravel/framework/src/Illuminate/Pipeline/Pipeline.php(144): Illuminate/Foundation/Http/Kernel->{closure:Illuminate/Foundation/Http/Kernel::dispatchToRouter():197}(Object(Illuminate/Http/Request))
#15 D:/Kuliah/Semester 4/Pemweb/Projek/vendor/laravel/framework/src/Illuminate/Foundation/Http/Middleware/TransformsRequest.php(21): Illuminate/Pipeline/Pipeline->{closure:Illuminate/Pipeline/Pipeline::prepareDestination():142}(Object(Illuminate/Http/Request))
#16 D:/Kuliah/Semester 4/Pemweb/Projek/vendor/laravel/framework/src/Illuminate/Foundation/Http/Middleware/ConvertEmptyStringsToNull.php(31): Illuminate/Foundation/Http/Middleware/TransformsRequest->handle(Object(Illuminate/Http/Request), Object(Closure))
#17 D:/Kuliah/Semester 4/Pemweb/Projek/vendor/laravel/framework/src/Illuminate/Pipeline/Pipeline.php(183): Illuminate/Foundation/Http/Middleware/ConvertEmptyStringsToNull->handle(Object(Illuminate/Http/Request), Object(Closure))
#18 D:/Kuliah/Semester 4/Pemweb/Projek/vendor/laravel/framework/src/Illuminate/Foundation/Http/Middleware/TransformsRequest.php(21): Illuminate/Pipeline/Pipeline->{closure:{closure:Illuminate/Pipeline/Pipeline::carry():158}:159}(Object(Illuminate/Http/Request))
#19 D:/Kuliah/Semester 4/Pemweb/Projek/vendor/laravel/framework/src/Illuminate/Foundation/Http/Middleware/TrimStrings.php(40): Illuminate/Foundation/Http/Middleware/TransformsRequest->handle(Object(Illuminate/Http/Request), Object(Closure))
#20 D:/Kuliah/Semester 4/Pemweb/Projek/vendor/laravel/framework/src/Illuminate/Pipeline/Pipeline.php(183): Illuminate/Foundation/Http/Middleware/TrimStrings->handle(Object(Illuminate/Http/Request), Object(Closure))
#21 D:/Kuliah/Semester 4/Pemweb/Projek/vendor/laravel/framework/src/Illuminate/Foundation/Http/Middleware/ValidatePostSize.php(27): Illuminate/Pipeline/Pipeline->{closure:{closure:Illuminate/Pipeline/Pipeline::carry():158}:159}(Object(Illuminate/Http/Request))
#22 D:/Kuliah/Semester 4/Pemweb/Projek/vendor/laravel/framework/src/Illuminate/Pipeline/Pipeline.php(183): Illuminate/Foundation/Http/Middleware/ValidatePostSize->handle(Object(Illuminate/Http/Request), Object(Closure))
#23 D:/Kuliah/Semester 4/Pemweb/Projek/vendor/laravel/framework/src/Illuminate/Foundation/Http/Middleware/PreventRequestsDuringMaintenance.php(99): Illuminate/Pipeline/Pipeline->{closure:{closure:Illuminate/Pipeline/Pipeline::carry():158}:159}(Object(Illuminate/Http/Request))
#24 D:/Kuliah/Semester 4/Pemweb/Projek/vendor/laravel/framework/src/Illuminate/Pipeline/Pipeline.php(183): Illuminate/Foundation/Http/Middleware/PreventRequestsDuringMaintenance->handle(Object(Illuminate/Http/Request), Object(Closure))
#25 D:/Kuliah/Semester 4/Pemweb/Projek/vendor/laravel/framework/src/Illuminate/Pipeline/Pipeline.php(119): Illuminate/Pipeline/Pipeline->{closure:{closure:Illuminate/Pipeline/Pipeline::carry():158}:159}(Object(Illuminate/Http/Request))
#26 D:/Kuliah/Semester 4/Pemweb/Projek/vendor/laravel/framework/src/Illuminate/Foundation/Http/Kernel.php(175): Illuminate/Pipeline/Pipeline->then(Object(Closure))
#27 D:/Kuliah/Semester 4/Pemweb/Projek/vendor/laravel/framework/src/Illuminate/Foundation/Http/Kernel.php(144): Illuminate/Foundation/Http/Kernel->sendRequestThroughRouter(Object(Illuminate/Http/Request))
#28 D:/Kuliah/Semester 4/Pemweb/Projek/public/index.php(20): Illuminate/Foundation/Http/Kernel->handle(Object(Illuminate/Http/Request))
#29 D:/Kuliah/Semester 4/Pemweb/Projek/vendor/laravel/framework/src/Illuminate/Foundation/resources/server.php(16): require_once('D://Kuliah//Semes...')
#30 {main}
"} 
[2026-05-20 14:29:11] laravel.EMERGENCY: Unable to create configured logger. Using emergency logger. {"exception":"[object] (InvalidArgumentException(code: 0): Log [] is not defined. at D:/Kuliah/Semester 4/Pemweb/Projek/vendor/laravel/framework/src/Illuminate/Log/LogManager.php:212)
[stacktrace]
#0 D:/Kuliah/Semester 4/Pemweb/Projek/vendor/laravel/framework/src/Illuminate/Log/LogManager.php(137): Illuminate/Log/LogManager->resolve(NULL, NULL)
#1 D:/Kuliah/Semester 4/Pemweb/Projek/vendor/laravel/framework/src/Illuminate/Log/LogManager.php(124): Illuminate/Log/LogManager->get(NULL)
#2 D:/Kuliah/Semester 4/Pemweb/Projek/vendor/laravel/framework/src/Illuminate/Log/LogManager.php(681): Illuminate/Log/LogManager->driver()
#3 D:/Kuliah/Semester 4/Pemweb/Projek/vendor/laravel/framework/src/Illuminate/Foundation/Exceptions/Handler.php(317): Illuminate/Log/LogManager->error('Session store n...', Array)
#4 D:/Kuliah/Semester 4/Pemweb/Projek/vendor/laravel/framework/src/Illuminate/Foundation/Exceptions/Handler.php(278): Illuminate/Foundation/Exceptions/Handler->reportThrowable(Object(RuntimeException))
#5 D:/Kuliah/Semester 4/Pemweb/Projek/vendor/laravel/framework/src/Illuminate/Routing/Pipeline.php(49): Illuminate/Foundation/Exceptions/Handler->report(Object(RuntimeException))
#6 D:/Kuliah/Semester 4/Pemweb/Projek/vendor/laravel/framework/src/Illuminate/Pipeline/Pipeline.php(188): Illuminate/Routing/Pipeline->handleException(Object(Illuminate/Http/Request), Object(RuntimeException))
#7 D:/Kuliah/Semester 4/Pemweb/Projek/vendor/laravel/framework/src/Illuminate/Session/Middleware/StartSession.php(54): Illuminate/Pipeline/Pipeline->{closure:{closure:Illuminate/Pipeline/Pipeline::carry():158}:159}(Object(Illuminate/Http/Request))
#8 D:/Kuliah/Semester 4/Pemweb/Projek/vendor/laravel/framework/src/Illuminate/Pipeline/Pipeline.php(183): Illuminate/Session/Middleware/StartSession->handle(Object(Illuminate/Http/Request), Object(Closure))
#9 D:/Kuliah/Semester 4/Pemweb/Projek/vendor/laravel/framework/src/Illuminate/Cookie/Middleware/AddQueuedCookiesToResponse.php(37): Illuminate/Pipeline/Pipeline->{closure:{closure:Illuminate/Pipeline/Pipeline::carry():158}:159}(Object(Illuminate/Http/Request))
#10 D:/Kuliah/Semester 4/Pemweb/Projek/vendor/laravel/framework/src/Illuminate/Pipeline/Pipeline.php(183): Illuminate/Cookie/Middleware/AddQueuedCookiesToResponse->handle(Object(Illuminate/Http/Request), Object(Closure))
#11 D:/Kuliah/Semester 4/Pemweb/Projek/vendor/laravel/framework/src/Illuminate/Cookie/Middleware/EncryptCookies.php(67): Illuminate/Pipeline/Pipeline->{closure:{closure:Illuminate/Pipeline/Pipeline::carry():158}:159}(Object(Illuminate/Http/Request))
#12 D:/Kuliah/Semester 4/Pemweb/Projek/vendor/laravel/framework/src/Illuminate/Pipeline/Pipeline.php(183): Illuminate/Cookie/Middleware/EncryptCookies->handle(Object(Illuminate/Http/Request), Object(Closure))
#13 D:/Kuliah/Semester 4/Pemweb/Projek/vendor/laravel/framework/src/Illuminate/Pipeline/Pipeline.php(119): Illuminate/Pipeline/Pipeline->{closure:{closure:Illuminate/Pipeline/Pipeline::carry():158}:159}(Object(Illuminate/Http/Request))
#14 D:/Kuliah/Semester 4/Pemweb/Projek/vendor/laravel/framework/src/Illuminate/Routing/Router.php(805): Illuminate/Pipeline/Pipeline->then(Object(Closure))
#15 D:/Kuliah/Semester 4/Pemweb/Projek/vendor/laravel/framework/src/Illuminate/Routing/Router.php(784): Illuminate/Routing/Router->runRouteWithinStack(Object(Illuminate/Routing/Route), Object(Illuminate/Http/Request))
#16 D:/Kuliah/Semester 4/Pemweb/Projek/vendor/laravel/framework/src/Illuminate/Routing/Router.php(748): Illuminate/Routing/Router->runRoute(Object(Illuminate/Http/Request), Object(Illuminate/Routing/Route))
#17 D:/Kuliah/Semester 4/Pemweb/Projek/vendor/laravel/framework/src/Illuminate/Routing/Router.php(737): Illuminate/Routing/Router->dispatchToRoute(Object(Illuminate/Http/Request))
#18 D:/Kuliah/Semester 4/Pemweb/Projek/vendor/laravel/framework/src/Illuminate/Foundation/Http/Kernel.php(200): Illuminate/Routing/Router->dispatch(Object(Illuminate/Http/Request))
#19 D:/Kuliah/Semester 4/Pemweb/Projek/vendor/laravel/framework/src/Illuminate/Pipeline/Pipeline.php(144): Illuminate/Foundation/Http/Kernel->{closure:Illuminate/Foundation/Http/Kernel::dispatchToRouter():197}(Object(Illuminate/Http/Request))
#20 D:/Kuliah/Semester 4/Pemweb/Projek/vendor/laravel/framework/src/Illuminate/Foundation/Http/Middleware/TransformsRequest.php(21): Illuminate/Pipeline/Pipeline->{closure:Illuminate/Pipeline/Pipeline::prepareDestination():142}(Object(Illuminate/Http/Request))
#21 D:/Kuliah/Semester 4/Pemweb/Projek/vendor/laravel/framework/src/Illuminate/Foundation/Http/Middleware/ConvertEmptyStringsToNull.php(31): Illuminate/Foundation/Http/Middleware/TransformsRequest->handle(Object(Illuminate/Http/Request), Object(Closure))
#22 D:/Kuliah/Semester 4/Pemweb/Projek/vendor/laravel/framework/src/Illuminate/Pipeline/Pipeline.php(183): Illuminate/Foundation/Http/Middleware/ConvertEmptyStringsToNull->handle(Object(Illuminate/Http/Request), Object(Closure))
#23 D:/Kuliah/Semester 4/Pemweb/Projek/vendor/laravel/framework/src/Illuminate/Foundation/Http/Middleware/TransformsRequest.php(21): Illuminate/Pipeline/Pipeline->{closure:{closure:Illuminate/Pipeline/Pipeline::carry():158}:159}(Object(Illuminate/Http/Request))
#24 D:/Kuliah/Semester 4/Pemweb/Projek/vendor/laravel/framework/src/Illuminate/Foundation/Http/Middleware/TrimStrings.php(40): Illuminate/Foundation/Http/Middleware/TransformsRequest->handle(Object(Illuminate/Http/Request), Object(Closure))
#25 D:/Kuliah/Semester 4/Pemweb/Projek/vendor/laravel/framework/src/Illuminate/Pipeline/Pipeline.php(183): Illuminate/Foundation/Http/Middleware/TrimStrings->handle(Object(Illuminate/Http/Request), Object(Closure))
#26 D:/Kuliah/Semester 4/Pemweb/Projek/vendor/laravel/framework/src/Illuminate/Foundation/Http/Middleware/ValidatePostSize.php(27): Illuminate/Pipeline/Pipeline->{closure:{closure:Illuminate/Pipeline/Pipeline::carry():158}:159}(Object(Illuminate/Http/Request))
#27 D:/Kuliah/Semester 4/Pemweb/Projek/vendor/laravel/framework/src/Illuminate/Pipeline/Pipeline.php(183): Illuminate/Foundation/Http/Middleware/ValidatePostSize->handle(Object(Illuminate/Http/Request), Object(Closure))
#28 D:/Kuliah/Semester 4/Pemweb/Projek/vendor/laravel/framework/src/Illuminate/Foundation/Http/Middleware/PreventRequestsDuringMaintenance.php(99): Illuminate/Pipeline/Pipeline->{closure:{closure:Illuminate/Pipeline/Pipeline::carry():158}:159}(Object(Illuminate/Http/Request))
#29 D:/Kuliah/Semester 4/Pemweb/Projek/vendor/laravel/framework/src/Illuminate/Pipeline/Pipeline.php(183): Illuminate/Foundation/Http/Middleware/PreventRequestsDuringMaintenance->handle(Object(Illuminate/Http/Request), Object(Closure))
#30 D:/Kuliah/Semester 4/Pemweb/Projek/vendor/laravel/framework/src/Illuminate/Pipeline/Pipeline.php(119): Illuminate/Pipeline/Pipeline->{closure:{closure:Illuminate/Pipeline/Pipeline::carry():158}:159}(Object(Illuminate/Http/Request))
#31 D:/Kuliah/Semester 4/Pemweb/Projek/vendor/laravel/framework/src/Illuminate/Foundation/Http/Kernel.php(175): Illuminate/Pipeline/Pipeline->then(Object(Closure))
#32 D:/Kuliah/Semester 4/Pemweb/Projek/vendor/laravel/framework/src/Illuminate/Foundation/Http/Kernel.php(144): Illuminate/Foundation/Http/Kernel->sendRequestThroughRouter(Object(Illuminate/Http/Request))
#33 D:/Kuliah/Semester 4/Pemweb/Projek/public/index.php(20): Illuminate/Foundation/Http/Kernel->handle(Object(Illuminate/Http/Request))
#34 D:/Kuliah/Semester 4/Pemweb/Projek/vendor/laravel/framework/src/Illuminate/Foundation/resources/server.php(16): require_once('D://Kuliah//Semes...')
#35 {main}
"} 
[2026-05-20 14:29:11] laravel.ERROR: Session store not set on request. {"exception":"[object] (RuntimeException(code: 0): Session store not set on request. at D:/Kuliah/Semester 4/Pemweb/Projek/vendor/laravel/framework/src/Illuminate/Http/Request.php:560)
[stacktrace]
#0 D:/Kuliah/Semester 4/Pemweb/Projek/vendor/laravel/framework/src/Illuminate/View/Middleware/ShareErrorsFromSession.php(42): Illuminate/Http/Request->session()
#1 D:/Kuliah/Semester 4/Pemweb/Projek/vendor/laravel/framework/src/Illuminate/Pipeline/Pipeline.php(183): Illuminate/View/Middleware/ShareErrorsFromSession->handle(Object(Illuminate/Http/Request), Object(Closure))
#2 D:/Kuliah/Semester 4/Pemweb/Projek/vendor/laravel/framework/src/Illuminate/Session/Middleware/StartSession.php(54): Illuminate/Pipeline/Pipeline->{closure:{closure:Illuminate/Pipeline/Pipeline::carry():158}:159}(Object(Illuminate/Http/Request))
#3 D:/Kuliah/Semester 4/Pemweb/Projek/vendor/laravel/framework/src/Illuminate/Pipeline/Pipeline.php(183): Illuminate/Session/Middleware/StartSession->handle(Object(Illuminate/Http/Request), Object(Closure))
#4 D:/Kuliah/Semester 4/Pemweb/Projek/vendor/laravel/framework/src/Illuminate/Cookie/Middleware/AddQueuedCookiesToResponse.php(37): Illuminate/Pipeline/Pipeline->{closure:{closure:Illuminate/Pipeline/Pipeline::carry():158}:159}(Object(Illuminate/Http/Request))
#5 D:/Kuliah/Semester 4/Pemweb/Projek/vendor/laravel/framework/src/Illuminate/Pipeline/Pipeline.php(183): Illuminate/Cookie/Middleware/AddQueuedCookiesToResponse->handle(Object(Illuminate/Http/Request), Object(Closure))
#6 D:/Kuliah/Semester 4/Pemweb/Projek/vendor/laravel/framework/src/Illuminate/Cookie/Middleware/EncryptCookies.php(67): Illuminate/Pipeline/Pipeline->{closure:{closure:Illuminate/Pipeline/Pipeline::carry():158}:159}(Object(Illuminate/Http/Request))
#7 D:/Kuliah/Semester 4/Pemweb/Projek/vendor/laravel/framework/src/Illuminate/Pipeline/Pipeline.php(183): Illuminate/Cookie/Middleware/EncryptCookies->handle(Object(Illuminate/Http/Request), Object(Closure))
#8 D:/Kuliah/Semester 4/Pemweb/Projek/vendor/laravel/framework/src/Illuminate/Pipeline/Pipeline.php(119): Illuminate/Pipeline/Pipeline->{closure:{closure:Illuminate/Pipeline/Pipeline::carry():158}:159}(Object(Illuminate/Http/Request))
#9 D:/Kuliah/Semester 4/Pemweb/Projek/vendor/laravel/framework/src/Illuminate/Routing/Router.php(805): Illuminate/Pipeline/Pipeline->then(Object(Closure))
#10 D:/Kuliah/Semester 4/Pemweb/Projek/vendor/laravel/framework/src/Illuminate/Routing/Router.php(784): Illuminate/Routing/Router->runRouteWithinStack(Object(Illuminate/Routing/Route), Object(Illuminate/Http/Request))
#11 D:/Kuliah/Semester 4/Pemweb/Projek/vendor/laravel/framework/src/Illuminate/Routing/Router.php(748): Illuminate/Routing/Router->runRoute(Object(Illuminate/Http/Request), Object(Illuminate/Routing/Route))
#12 D:/Kuliah/Semester 4/Pemweb/Projek/vendor/laravel/framework/src/Illuminate/Routing/Router.php(737): Illuminate/Routing/Router->dispatchToRoute(Object(Illuminate/Http/Request))
#13 D:/Kuliah/Semester 4/Pemweb/Projek/vendor/laravel/framework/src/Illuminate/Foundation/Http/Kernel.php(200): Illuminate/Routing/Router->dispatch(Object(Illuminate/Http/Request))
#14 D:/Kuliah/Semester 4/Pemweb/Projek/vendor/laravel/framework/src/Illuminate/Pipeline/Pipeline.php(144): Illuminate/Foundation/Http/Kernel->{closure:Illuminate/Foundation/Http/Kernel::dispatchToRouter():197}(Object(Illuminate/Http/Request))
#15 D:/Kuliah/Semester 4/Pemweb/Projek/vendor/laravel/framework/src/Illuminate/Foundation/Http/Middleware/TransformsRequest.php(21): Illuminate/Pipeline/Pipeline->{closure:Illuminate/Pipeline/Pipeline::prepareDestination():142}(Object(Illuminate/Http/Request))
#16 D:/Kuliah/Semester 4/Pemweb/Projek/vendor/laravel/framework/src/Illuminate/Foundation/Http/Middleware/ConvertEmptyStringsToNull.php(31): Illuminate/Foundation/Http/Middleware/TransformsRequest->handle(Object(Illuminate/Http/Request), Object(Closure))
#17 D:/Kuliah/Semester 4/Pemweb/Projek/vendor/laravel/framework/src/Illuminate/Pipeline/Pipeline.php(183): Illuminate/Foundation/Http/Middleware/ConvertEmptyStringsToNull->handle(Object(Illuminate/Http/Request), Object(Closure))
#18 D:/Kuliah/Semester 4/Pemweb/Projek/vendor/laravel/framework/src/Illuminate/Foundation/Http/Middleware/TransformsRequest.php(21): Illuminate/Pipeline/Pipeline->{closure:{closure:Illuminate/Pipeline/Pipeline::carry():158}:159}(Object(Illuminate/Http/Request))
#19 D:/Kuliah/Semester 4/Pemweb/Projek/vendor/laravel/framework/src/Illuminate/Foundation/Http/Middleware/TrimStrings.php(40): Illuminate/Foundation/Http/Middleware/TransformsRequest->handle(Object(Illuminate/Http/Request), Object(Closure))
#20 D:/Kuliah/Semester 4/Pemweb/Projek/vendor/laravel/framework/src/Illuminate/Pipeline/Pipeline.php(183): Illuminate/Foundation/Http/Middleware/TrimStrings->handle(Object(Illuminate/Http/Request), Object(Closure))
#21 D:/Kuliah/Semester 4/Pemweb/Projek/vendor/laravel/framework/src/Illuminate/Foundation/Http/Middleware/ValidatePostSize.php(27): Illuminate/Pipeline/Pipeline->{closure:{closure:Illuminate/Pipeline/Pipeline::carry():158}:159}(Object(Illuminate/Http/Request))
#22 D:/Kuliah/Semester 4/Pemweb/Projek/vendor/laravel/framework/src/Illuminate/Pipeline/Pipeline.php(183): Illuminate/Foundation/Http/Middleware/ValidatePostSize->handle(Object(Illuminate/Http/Request), Object(Closure))
#23 D:/Kuliah/Semester 4/Pemweb/Projek/vendor/laravel/framework/src/Illuminate/Foundation/Http/Middleware/PreventRequestsDuringMaintenance.php(99): Illuminate/Pipeline/Pipeline->{closure:{closure:Illuminate/Pipeline/Pipeline::carry():158}:159}(Object(Illuminate/Http/Request))
#24 D:/Kuliah/Semester 4/Pemweb/Projek/vendor/laravel/framework/src/Illuminate/Pipeline/Pipeline.php(183): Illuminate/Foundation/Http/Middleware/PreventRequestsDuringMaintenance->handle(Object(Illuminate/Http/Request), Object(Closure))
#25 D:/Kuliah/Semester 4/Pemweb/Projek/vendor/laravel/framework/src/Illuminate/Pipeline/Pipeline.php(119): Illuminate/Pipeline/Pipeline->{closure:{closure:Illuminate/Pipeline/Pipeline::carry():158}:159}(Object(Illuminate/Http/Request))
#26 D:/Kuliah/Semester 4/Pemweb/Projek/vendor/laravel/framework/src/Illuminate/Foundation/Http/Kernel.php(175): Illuminate/Pipeline/Pipeline->then(Object(Closure))
#27 D:/Kuliah/Semester 4/Pemweb/Projek/vendor/laravel/framework/src/Illuminate/Foundation/Http/Kernel.php(144): Illuminate/Foundation/Http/Kernel->sendRequestThroughRouter(Object(Illuminate/Http/Request))
#28 D:/Kuliah/Semester 4/Pemweb/Projek/public/index.php(20): Illuminate/Foundation/Http/Kernel->handle(Object(Illuminate/Http/Request))
#29 D:/Kuliah/Semester 4/Pemweb/Projek/vendor/laravel/framework/src/Illuminate/Foundation/resources/server.php(16): require_once('D://Kuliah//Semes...')
#30 {main}
"} 
[2026-05-20 14:29:11] laravel.EMERGENCY: Unable to create configured logger. Using emergency logger. {"exception":"[object] (InvalidArgumentException(code: 0): Log [] is not defined. at D:/Kuliah/Semester 4/Pemweb/Projek/vendor/laravel/framework/src/Illuminate/Log/LogManager.php:212)
[stacktrace]
#0 D:/Kuliah/Semester 4/Pemweb/Projek/vendor/laravel/framework/src/Illuminate/Log/LogManager.php(137): Illuminate/Log/LogManager->resolve(NULL, NULL)
#1 D:/Kuliah/Semester 4/Pemweb/Projek/vendor/laravel/framework/src/Illuminate/Log/LogManager.php(124): Illuminate/Log/LogManager->get(NULL)
#2 D:/Kuliah/Semester 4/Pemweb/Projek/vendor/laravel/framework/src/Illuminate/Log/LogManager.php(681): Illuminate/Log/LogManager->driver()
#3 D:/Kuliah/Semester 4/Pemweb/Projek/vendor/laravel/framework/src/Illuminate/Foundation/Exceptions/Handler.php(317): Illuminate/Log/LogManager->error('Session store n...', Array)
#4 D:/Kuliah/Semester 4/Pemweb/Projek/vendor/laravel/framework/src/Illuminate/Foundation/Exceptions/Handler.php(278): Illuminate/Foundation/Exceptions/Handler->reportThrowable(Object(RuntimeException))
#5 D:/Kuliah/Semester 4/Pemweb/Projek/vendor/laravel/framework/src/Illuminate/Routing/Pipeline.php(49): Illuminate/Foundation/Exceptions/Handler->report(Object(RuntimeException))
#6 D:/Kuliah/Semester 4/Pemweb/Projek/vendor/laravel/framework/src/Illuminate/Pipeline/Pipeline.php(188): Illuminate/Routing/Pipeline->handleException(Object(Illuminate/Http/Request), Object(RuntimeException))
#7 D:/Kuliah/Semester 4/Pemweb/Projek/vendor/laravel/framework/src/Illuminate/Session/Middleware/StartSession.php(54): Illuminate/Pipeline/Pipeline->{closure:{closure:Illuminate/Pipeline/Pipeline::carry():158}:159}(Object(Illuminate/Http/Request))
#8 D:/Kuliah/Semester 4/Pemweb/Projek/vendor/laravel/framework/src/Illuminate/Pipeline/Pipeline.php(183): Illuminate/Session/Middleware/StartSession->handle(Object(Illuminate/Http/Request), Object(Closure))
#9 D:/Kuliah/Semester 4/Pemweb/Projek/vendor/laravel/framework/src/Illuminate/Cookie/Middleware/AddQueuedCookiesToResponse.php(37): Illuminate/Pipeline/Pipeline->{closure:{closure:Illuminate/Pipeline/Pipeline::carry():158}:159}(Object(Illuminate/Http/Request))
#10 D:/Kuliah/Semester 4/Pemweb/Projek/vendor/laravel/framework/src/Illuminate/Pipeline/Pipeline.php(183): Illuminate/Cookie/Middleware/AddQueuedCookiesToResponse->handle(Object(Illuminate/Http/Request), Object(Closure))
#11 D:/Kuliah/Semester 4/Pemweb/Projek/vendor/laravel/framework/src/Illuminate/Cookie/Middleware/EncryptCookies.php(67): Illuminate/Pipeline/Pipeline->{closure:{closure:Illuminate/Pipeline/Pipeline::carry():158}:159}(Object(Illuminate/Http/Request))
#12 D:/Kuliah/Semester 4/Pemweb/Projek/vendor/laravel/framework/src/Illuminate/Pipeline/Pipeline.php(183): Illuminate/Cookie/Middleware/EncryptCookies->handle(Object(Illuminate/Http/Request), Object(Closure))
#13 D:/Kuliah/Semester 4/Pemweb/Projek/vendor/laravel/framework/src/Illuminate/Pipeline/Pipeline.php(119): Illuminate/Pipeline/Pipeline->{closure:{closure:Illuminate/Pipeline/Pipeline::carry():158}:159}(Object(Illuminate/Http/Request))
#14 D:/Kuliah/Semester 4/Pemweb/Projek/vendor/laravel/framework/src/Illuminate/Routing/Router.php(805): Illuminate/Pipeline/Pipeline->then(Object(Closure))
#15 D:/Kuliah/Semester 4/Pemweb/Projek/vendor/laravel/framework/src/Illuminate/Routing/Router.php(784): Illuminate/Routing/Router->runRouteWithinStack(Object(Illuminate/Routing/Route), Object(Illuminate/Http/Request))
#16 D:/Kuliah/Semester 4/Pemweb/Projek/vendor/laravel/framework/src/Illuminate/Routing/Router.php(748): Illuminate/Routing/Router->runRoute(Object(Illuminate/Http/Request), Object(Illuminate/Routing/Route))
#17 D:/Kuliah/Semester 4/Pemweb/Projek/vendor/laravel/framework/src/Illuminate/Routing/Router.php(737): Illuminate/Routing/Router->dispatchToRoute(Object(Illuminate/Http/Request))
#18 D:/Kuliah/Semester 4/Pemweb/Projek/vendor/laravel/framework/src/Illuminate/Foundation/Http/Kernel.php(200): Illuminate/Routing/Router->dispatch(Object(Illuminate/Http/Request))
#19 D:/Kuliah/Semester 4/Pemweb/Projek/vendor/laravel/framework/src/Illuminate/Pipeline/Pipeline.php(144): Illuminate/Foundation/Http/Kernel->{closure:Illuminate/Foundation/Http/Kernel::dispatchToRouter():197}(Object(Illuminate/Http/Request))
#20 D:/Kuliah/Semester 4/Pemweb/Projek/vendor/laravel/framework/src/Illuminate/Foundation/Http/Middleware/TransformsRequest.php(21): Illuminate/Pipeline/Pipeline->{closure:Illuminate/Pipeline/Pipeline::prepareDestination():142}(Object(Illuminate/Http/Request))
#21 D:/Kuliah/Semester 4/Pemweb/Projek/vendor/laravel/framework/src/Illuminate/Foundation/Http/Middleware/ConvertEmptyStringsToNull.php(31): Illuminate/Foundation/Http/Middleware/TransformsRequest->handle(Object(Illuminate/Http/Request), Object(Closure))
#22 D:/Kuliah/Semester 4/Pemweb/Projek/vendor/laravel/framework/src/Illuminate/Pipeline/Pipeline.php(183): Illuminate/Foundation/Http/Middleware/ConvertEmptyStringsToNull->handle(Object(Illuminate/Http/Request), Object(Closure))
#23 D:/Kuliah/Semester 4/Pemweb/Projek/vendor/laravel/framework/src/Illuminate/Foundation/Http/Middleware/TransformsRequest.php(21): Illuminate/Pipeline/Pipeline->{closure:{closure:Illuminate/Pipeline/Pipeline::carry():158}:159}(Object(Illuminate/Http/Request))
#24 D:/Kuliah/Semester 4/Pemweb/Projek/vendor/laravel/framework/src/Illuminate/Foundation/Http/Middleware/TrimStrings.php(40): Illuminate/Foundation/Http/Middleware/TransformsRequest->handle(Object(Illuminate/Http/Request), Object(Closure))
#25 D:/Kuliah/Semester 4/Pemweb/Projek/vendor/laravel/framework/src/Illuminate/Pipeline/Pipeline.php(183): Illuminate/Foundation/Http/Middleware/TrimStrings->handle(Object(Illuminate/Http/Request), Object(Closure))
#26 D:/Kuliah/Semester 4/Pemweb/Projek/vendor/laravel/framework/src/Illuminate/Foundation/Http/Middleware/ValidatePostSize.php(27): Illuminate/Pipeline/Pipeline->{closure:{closure:Illuminate/Pipeline/Pipeline::carry():158}:159}(Object(Illuminate/Http/Request))
#27 D:/Kuliah/Semester 4/Pemweb/Projek/vendor/laravel/framework/src/Illuminate/Pipeline/Pipeline.php(183): Illuminate/Foundation/Http/Middleware/ValidatePostSize->handle(Object(Illuminate/Http/Request), Object(Closure))
#28 D:/Kuliah/Semester 4/Pemweb/Projek/vendor/laravel/framework/src/Illuminate/Foundation/Http/Middleware/PreventRequestsDuringMaintenance.php(99): Illuminate/Pipeline/Pipeline->{closure:{closure:Illuminate/Pipeline/Pipeline::carry():158}:159}(Object(Illuminate/Http/Request))
#29 D:/Kuliah/Semester 4/Pemweb/Projek/vendor/laravel/framework/src/Illuminate/Pipeline/Pipeline.php(183): Illuminate/Foundation/Http/Middleware/PreventRequestsDuringMaintenance->handle(Object(Illuminate/Http/Request), Object(Closure))
#30 D:/Kuliah/Semester 4/Pemweb/Projek/vendor/laravel/framework/src/Illuminate/Pipeline/Pipeline.php(119): Illuminate/Pipeline/Pipeline->{closure:{closure:Illuminate/Pipeline/Pipeline::carry():158}:159}(Object(Illuminate/Http/Request))
#31 D:/Kuliah/Semester 4/Pemweb/Projek/vendor/laravel/framework/src/Illuminate/Foundation/Http/Kernel.php(175): Illuminate/Pipeline/Pipeline->then(Object(Closure))
#32 D:/Kuliah/Semester 4/Pemweb/Projek/vendor/laravel/framework/src/Illuminate/Foundation/Http/Kernel.php(144): Illuminate/Foundation/Http/Kernel->sendRequestThroughRouter(Object(Illuminate/Http/Request))
#33 D:/Kuliah/Semester 4/Pemweb/Projek/public/index.php(20): Illuminate/Foundation/Http/Kernel->handle(Object(Illuminate/Http/Request))
#34 D:/Kuliah/Semester 4/Pemweb/Projek/vendor/laravel/framework/src/Illuminate/Foundation/resources/server.php(16): require_once('D://Kuliah//Semes...')
#35 {main}
"} 
[2026-05-20 14:29:11] laravel.ERROR: Session store not set on request. {"exception":"[object] (RuntimeException(code: 0): Session store not set on request. at D:/Kuliah/Semester 4/Pemweb/Projek/vendor/laravel/framework/src/Illuminate/Http/Request.php:560)
[stacktrace]
#0 D:/Kuliah/Semester 4/Pemweb/Projek/vendor/laravel/framework/src/Illuminate/View/Middleware/ShareErrorsFromSession.php(42): Illuminate/Http/Request->session()
#1 D:/Kuliah/Semester 4/Pemweb/Projek/vendor/laravel/framework/src/Illuminate/Pipeline/Pipeline.php(183): Illuminate/View/Middleware/ShareErrorsFromSession->handle(Object(Illuminate/Http/Request), Object(Closure))
#2 D:/Kuliah/Semester 4/Pemweb/Projek/vendor/laravel/framework/src/Illuminate/Session/Middleware/StartSession.php(54): Illuminate/Pipeline/Pipeline->{closure:{closure:Illuminate/Pipeline/Pipeline::carry():158}:159}(Object(Illuminate/Http/Request))
#3 D:/Kuliah/Semester 4/Pemweb/Projek/vendor/laravel/framework/src/Illuminate/Pipeline/Pipeline.php(183): Illuminate/Session/Middleware/StartSession->handle(Object(Illuminate/Http/Request), Object(Closure))
#4 D:/Kuliah/Semester 4/Pemweb/Projek/vendor/laravel/framework/src/Illuminate/Cookie/Middleware/AddQueuedCookiesToResponse.php(37): Illuminate/Pipeline/Pipeline->{closure:{closure:Illuminate/Pipeline/Pipeline::carry():158}:159}(Object(Illuminate/Http/Request))
#5 D:/Kuliah/Semester 4/Pemweb/Projek/vendor/laravel/framework/src/Illuminate/Pipeline/Pipeline.php(183): Illuminate/Cookie/Middleware/AddQueuedCookiesToResponse->handle(Object(Illuminate/Http/Request), Object(Closure))
#6 D:/Kuliah/Semester 4/Pemweb/Projek/vendor/laravel/framework/src/Illuminate/Cookie/Middleware/EncryptCookies.php(67): Illuminate/Pipeline/Pipeline->{closure:{closure:Illuminate/Pipeline/Pipeline::carry():158}:159}(Object(Illuminate/Http/Request))
#7 D:/Kuliah/Semester 4/Pemweb/Projek/vendor/laravel/framework/src/Illuminate/Pipeline/Pipeline.php(183): Illuminate/Cookie/Middleware/EncryptCookies->handle(Object(Illuminate/Http/Request), Object(Closure))
#8 D:/Kuliah/Semester 4/Pemweb/Projek/vendor/laravel/framework/src/Illuminate/Pipeline/Pipeline.php(119): Illuminate/Pipeline/Pipeline->{closure:{closure:Illuminate/Pipeline/Pipeline::carry():158}:159}(Object(Illuminate/Http/Request))
#9 D:/Kuliah/Semester 4/Pemweb/Projek/vendor/laravel/framework/src/Illuminate/Routing/Router.php(805): Illuminate/Pipeline/Pipeline->then(Object(Closure))
#10 D:/Kuliah/Semester 4/Pemweb/Projek/vendor/laravel/framework/src/Illuminate/Routing/Router.php(784): Illuminate/Routing/Router->runRouteWithinStack(Object(Illuminate/Routing/Route), Object(Illuminate/Http/Request))
#11 D:/Kuliah/Semester 4/Pemweb/Projek/vendor/laravel/framework/src/Illuminate/Routing/Router.php(748): Illuminate/Routing/Router->runRoute(Object(Illuminate/Http/Request), Object(Illuminate/Routing/Route))
#12 D:/Kuliah/Semester 4/Pemweb/Projek/vendor/laravel/framework/src/Illuminate/Routing/Router.php(737): Illuminate/Routing/Router->dispatchToRoute(Object(Illuminate/Http/Request))
#13 D:/Kuliah/Semester 4/Pemweb/Projek/vendor/laravel/framework/src/Illuminate/Foundation/Http/Kernel.php(200): Illuminate/Routing/Router->dispatch(Object(Illuminate/Http/Request))
#14 D:/Kuliah/Semester 4/Pemweb/Projek/vendor/laravel/framework/src/Illuminate/Pipeline/Pipeline.php(144): Illuminate/Foundation/Http/Kernel->{closure:Illuminate/Foundation/Http/Kernel::dispatchToRouter():197}(Object(Illuminate/Http/Request))
#15 D:/Kuliah/Semester 4/Pemweb/Projek/vendor/laravel/framework/src/Illuminate/Foundation/Http/Middleware/TransformsRequest.php(21): Illuminate/Pipeline/Pipeline->{closure:Illuminate/Pipeline/Pipeline::prepareDestination():142}(Object(Illuminate/Http/Request))
#16 D:/Kuliah/Semester 4/Pemweb/Projek/vendor/laravel/framework/src/Illuminate/Foundation/Http/Middleware/ConvertEmptyStringsToNull.php(31): Illuminate/Foundation/Http/Middleware/TransformsRequest->handle(Object(Illuminate/Http/Request), Object(Closure))
#17 D:/Kuliah/Semester 4/Pemweb/Projek/vendor/laravel/framework/src/Illuminate/Pipeline/Pipeline.php(183): Illuminate/Foundation/Http/Middleware/ConvertEmptyStringsToNull->handle(Object(Illuminate/Http/Request), Object(Closure))
#18 D:/Kuliah/Semester 4/Pemweb/Projek/vendor/laravel/framework/src/Illuminate/Foundation/Http/Middleware/TransformsRequest.php(21): Illuminate/Pipeline/Pipeline->{closure:{closure:Illuminate/Pipeline/Pipeline::carry():158}:159}(Object(Illuminate/Http/Request))
#19 D:/Kuliah/Semester 4/Pemweb/Projek/vendor/laravel/framework/src/Illuminate/Foundation/Http/Middleware/TrimStrings.php(40): Illuminate/Foundation/Http/Middleware/TransformsRequest->handle(Object(Illuminate/Http/Request), Object(Closure))
#20 D:/Kuliah/Semester 4/Pemweb/Projek/vendor/laravel/framework/src/Illuminate/Pipeline/Pipeline.php(183): Illuminate/Foundation/Http/Middleware/TrimStrings->handle(Object(Illuminate/Http/Request), Object(Closure))
#21 D:/Kuliah/Semester 4/Pemweb/Projek/vendor/laravel/framework/src/Illuminate/Foundation/Http/Middleware/ValidatePostSize.php(27): Illuminate/Pipeline/Pipeline->{closure:{closure:Illuminate/Pipeline/Pipeline::carry():158}:159}(Object(Illuminate/Http/Request))
#22 D:/Kuliah/Semester 4/Pemweb/Projek/vendor/laravel/framework/src/Illuminate/Pipeline/Pipeline.php(183): Illuminate/Foundation/Http/Middleware/ValidatePostSize->handle(Object(Illuminate/Http/Request), Object(Closure))
#23 D:/Kuliah/Semester 4/Pemweb/Projek/vendor/laravel/framework/src/Illuminate/Foundation/Http/Middleware/PreventRequestsDuringMaintenance.php(99): Illuminate/Pipeline/Pipeline->{closure:{closure:Illuminate/Pipeline/Pipeline::carry():158}:159}(Object(Illuminate/Http/Request))
#24 D:/Kuliah/Semester 4/Pemweb/Projek/vendor/laravel/framework/src/Illuminate/Pipeline/Pipeline.php(183): Illuminate/Foundation/Http/Middleware/PreventRequestsDuringMaintenance->handle(Object(Illuminate/Http/Request), Object(Closure))
#25 D:/Kuliah/Semester 4/Pemweb/Projek/vendor/laravel/framework/src/Illuminate/Pipeline/Pipeline.php(119): Illuminate/Pipeline/Pipeline->{closure:{closure:Illuminate/Pipeline/Pipeline::carry():158}:159}(Object(Illuminate/Http/Request))
#26 D:/Kuliah/Semester 4/Pemweb/Projek/vendor/laravel/framework/src/Illuminate/Foundation/Http/Kernel.php(175): Illuminate/Pipeline/Pipeline->then(Object(Closure))
#27 D:/Kuliah/Semester 4/Pemweb/Projek/vendor/laravel/framework/src/Illuminate/Foundation/Http/Kernel.php(144): Illuminate/Foundation/Http/Kernel->sendRequestThroughRouter(Object(Illuminate/Http/Request))
#28 D:/Kuliah/Semester 4/Pemweb/Projek/public/index.php(20): Illuminate/Foundation/Http/Kernel->handle(Object(Illuminate/Http/Request))
#29 D:/Kuliah/Semester 4/Pemweb/Projek/vendor/laravel/framework/src/Illuminate/Foundation/resources/server.php(16): require_once('D://Kuliah//Semes...')
#30 {main}
"} 
[2026-05-20 14:29:12] laravel.EMERGENCY: Unable to create configured logger. Using emergency logger. {"exception":"[object] (InvalidArgumentException(code: 0): Log [] is not defined. at D:/Kuliah/Semester 4/Pemweb/Projek/vendor/laravel/framework/src/Illuminate/Log/LogManager.php:212)
[stacktrace]
#0 D:/Kuliah/Semester 4/Pemweb/Projek/vendor/laravel/framework/src/Illuminate/Log/LogManager.php(137): Illuminate/Log/LogManager->resolve(NULL, NULL)
#1 D:/Kuliah/Semester 4/Pemweb/Projek/vendor/laravel/framework/src/Illuminate/Log/LogManager.php(124): Illuminate/Log/LogManager->get(NULL)
#2 D:/Kuliah/Semester 4/Pemweb/Projek/vendor/laravel/framework/src/Illuminate/Log/LogManager.php(681): Illuminate/Log/LogManager->driver()
#3 D:/Kuliah/Semester 4/Pemweb/Projek/vendor/laravel/framework/src/Illuminate/Foundation/Exceptions/Handler.php(317): Illuminate/Log/LogManager->error('Session store n...', Array)
#4 D:/Kuliah/Semester 4/Pemweb/Projek/vendor/laravel/framework/src/Illuminate/Foundation/Exceptions/Handler.php(278): Illuminate/Foundation/Exceptions/Handler->reportThrowable(Object(RuntimeException))
#5 D:/Kuliah/Semester 4/Pemweb/Projek/vendor/laravel/framework/src/Illuminate/Routing/Pipeline.php(49): Illuminate/Foundation/Exceptions/Handler->report(Object(RuntimeException))
#6 D:/Kuliah/Semester 4/Pemweb/Projek/vendor/laravel/framework/src/Illuminate/Pipeline/Pipeline.php(188): Illuminate/Routing/Pipeline->handleException(Object(Illuminate/Http/Request), Object(RuntimeException))
#7 D:/Kuliah/Semester 4/Pemweb/Projek/vendor/laravel/framework/src/Illuminate/Session/Middleware/StartSession.php(54): Illuminate/Pipeline/Pipeline->{closure:{closure:Illuminate/Pipeline/Pipeline::carry():158}:159}(Object(Illuminate/Http/Request))
#8 D:/Kuliah/Semester 4/Pemweb/Projek/vendor/laravel/framework/src/Illuminate/Pipeline/Pipeline.php(183): Illuminate/Session/Middleware/StartSession->handle(Object(Illuminate/Http/Request), Object(Closure))
#9 D:/Kuliah/Semester 4/Pemweb/Projek/vendor/laravel/framework/src/Illuminate/Cookie/Middleware/AddQueuedCookiesToResponse.php(37): Illuminate/Pipeline/Pipeline->{closure:{closure:Illuminate/Pipeline/Pipeline::carry():158}:159}(Object(Illuminate/Http/Request))
#10 D:/Kuliah/Semester 4/Pemweb/Projek/vendor/laravel/framework/src/Illuminate/Pipeline/Pipeline.php(183): Illuminate/Cookie/Middleware/AddQueuedCookiesToResponse->handle(Object(Illuminate/Http/Request), Object(Closure))
#11 D:/Kuliah/Semester 4/Pemweb/Projek/vendor/laravel/framework/src/Illuminate/Cookie/Middleware/EncryptCookies.php(67): Illuminate/Pipeline/Pipeline->{closure:{closure:Illuminate/Pipeline/Pipeline::carry():158}:159}(Object(Illuminate/Http/Request))
#12 D:/Kuliah/Semester 4/Pemweb/Projek/vendor/laravel/framework/src/Illuminate/Pipeline/Pipeline.php(183): Illuminate/Cookie/Middleware/EncryptCookies->handle(Object(Illuminate/Http/Request), Object(Closure))
#13 D:/Kuliah/Semester 4/Pemweb/Projek/vendor/laravel/framework/src/Illuminate/Pipeline/Pipeline.php(119): Illuminate/Pipeline/Pipeline->{closure:{closure:Illuminate/Pipeline/Pipeline::carry():158}:159}(Object(Illuminate/Http/Request))
#14 D:/Kuliah/Semester 4/Pemweb/Projek/vendor/laravel/framework/src/Illuminate/Routing/Router.php(805): Illuminate/Pipeline/Pipeline->then(Object(Closure))
#15 D:/Kuliah/Semester 4/Pemweb/Projek/vendor/laravel/framework/src/Illuminate/Routing/Router.php(784): Illuminate/Routing/Router->runRouteWithinStack(Object(Illuminate/Routing/Route), Object(Illuminate/Http/Request))
#16 D:/Kuliah/Semester 4/Pemweb/Projek/vendor/laravel/framework/src/Illuminate/Routing/Router.php(748): Illuminate/Routing/Router->runRoute(Object(Illuminate/Http/Request), Object(Illuminate/Routing/Route))
#17 D:/Kuliah/Semester 4/Pemweb/Projek/vendor/laravel/framework/src/Illuminate/Routing/Router.php(737): Illuminate/Routing/Router->dispatchToRoute(Object(Illuminate/Http/Request))
#18 D:/Kuliah/Semester 4/Pemweb/Projek/vendor/laravel/framework/src/Illuminate/Foundation/Http/Kernel.php(200): Illuminate/Routing/Router->dispatch(Object(Illuminate/Http/Request))
#19 D:/Kuliah/Semester 4/Pemweb/Projek/vendor/laravel/framework/src/Illuminate/Pipeline/Pipeline.php(144): Illuminate/Foundation/Http/Kernel->{closure:Illuminate/Foundation/Http/Kernel::dispatchToRouter():197}(Object(Illuminate/Http/Request))
#20 D:/Kuliah/Semester 4/Pemweb/Projek/vendor/laravel/framework/src/Illuminate/Foundation/Http/Middleware/TransformsRequest.php(21): Illuminate/Pipeline/Pipeline->{closure:Illuminate/Pipeline/Pipeline::prepareDestination():142}(Object(Illuminate/Http/Request))
#21 D:/Kuliah/Semester 4/Pemweb/Projek/vendor/laravel/framework/src/Illuminate/Foundation/Http/Middleware/ConvertEmptyStringsToNull.php(31): Illuminate/Foundation/Http/Middleware/TransformsRequest->handle(Object(Illuminate/Http/Request), Object(Closure))
#22 D:/Kuliah/Semester 4/Pemweb/Projek/vendor/laravel/framework/src/Illuminate/Pipeline/Pipeline.php(183): Illuminate/Foundation/Http/Middleware/ConvertEmptyStringsToNull->handle(Object(Illuminate/Http/Request), Object(Closure))
#23 D:/Kuliah/Semester 4/Pemweb/Projek/vendor/laravel/framework/src/Illuminate/Foundation/Http/Middleware/TransformsRequest.php(21): Illuminate/Pipeline/Pipeline->{closure:{closure:Illuminate/Pipeline/Pipeline::carry():158}:159}(Object(Illuminate/Http/Request))
#24 D:/Kuliah/Semester 4/Pemweb/Projek/vendor/laravel/framework/src/Illuminate/Foundation/Http/Middleware/TrimStrings.php(40): Illuminate/Foundation/Http/Middleware/TransformsRequest->handle(Object(Illuminate/Http/Request), Object(Closure))
#25 D:/Kuliah/Semester 4/Pemweb/Projek/vendor/laravel/framework/src/Illuminate/Pipeline/Pipeline.php(183): Illuminate/Foundation/Http/Middleware/TrimStrings->handle(Object(Illuminate/Http/Request), Object(Closure))
#26 D:/Kuliah/Semester 4/Pemweb/Projek/vendor/laravel/framework/src/Illuminate/Foundation/Http/Middleware/ValidatePostSize.php(27): Illuminate/Pipeline/Pipeline->{closure:{closure:Illuminate/Pipeline/Pipeline::carry():158}:159}(Object(Illuminate/Http/Request))
#27 D:/Kuliah/Semester 4/Pemweb/Projek/vendor/laravel/framework/src/Illuminate/Pipeline/Pipeline.php(183): Illuminate/Foundation/Http/Middleware/ValidatePostSize->handle(Object(Illuminate/Http/Request), Object(Closure))
#28 D:/Kuliah/Semester 4/Pemweb/Projek/vendor/laravel/framework/src/Illuminate/Foundation/Http/Middleware/PreventRequestsDuringMaintenance.php(99): Illuminate/Pipeline/Pipeline->{closure:{closure:Illuminate/Pipeline/Pipeline::carry():158}:159}(Object(Illuminate/Http/Request))
#29 D:/Kuliah/Semester 4/Pemweb/Projek/vendor/laravel/framework/src/Illuminate/Pipeline/Pipeline.php(183): Illuminate/Foundation/Http/Middleware/PreventRequestsDuringMaintenance->handle(Object(Illuminate/Http/Request), Object(Closure))
#30 D:/Kuliah/Semester 4/Pemweb/Projek/vendor/laravel/framework/src/Illuminate/Pipeline/Pipeline.php(119): Illuminate/Pipeline/Pipeline->{closure:{closure:Illuminate/Pipeline/Pipeline::carry():158}:159}(Object(Illuminate/Http/Request))
#31 D:/Kuliah/Semester 4/Pemweb/Projek/vendor/laravel/framework/src/Illuminate/Foundation/Http/Kernel.php(175): Illuminate/Pipeline/Pipeline->then(Object(Closure))
#32 D:/Kuliah/Semester 4/Pemweb/Projek/vendor/laravel/framework/src/Illuminate/Foundation/Http/Kernel.php(144): Illuminate/Foundation/Http/Kernel->sendRequestThroughRouter(Object(Illuminate/Http/Request))
#33 D:/Kuliah/Semester 4/Pemweb/Projek/public/index.php(20): Illuminate/Foundation/Http/Kernel->handle(Object(Illuminate/Http/Request))
#34 D:/Kuliah/Semester 4/Pemweb/Projek/vendor/laravel/framework/src/Illuminate/Foundation/resources/server.php(16): require_once('D://Kuliah//Semes...')
#35 {main}
"} 
[2026-05-20 14:29:12] laravel.ERROR: Session store not set on request. {"exception":"[object] (RuntimeException(code: 0): Session store not set on request. at D:/Kuliah/Semester 4/Pemweb/Projek/vendor/laravel/framework/src/Illuminate/Http/Request.php:560)
[stacktrace]
#0 D:/Kuliah/Semester 4/Pemweb/Projek/vendor/laravel/framework/src/Illuminate/View/Middleware/ShareErrorsFromSession.php(42): Illuminate/Http/Request->session()
#1 D:/Kuliah/Semester 4/Pemweb/Projek/vendor/laravel/framework/src/Illuminate/Pipeline/Pipeline.php(183): Illuminate/View/Middleware/ShareErrorsFromSession->handle(Object(Illuminate/Http/Request), Object(Closure))
#2 D:/Kuliah/Semester 4/Pemweb/Projek/vendor/laravel/framework/src/Illuminate/Session/Middleware/StartSession.php(54): Illuminate/Pipeline/Pipeline->{closure:{closure:Illuminate/Pipeline/Pipeline::carry():158}:159}(Object(Illuminate/Http/Request))
#3 D:/Kuliah/Semester 4/Pemweb/Projek/vendor/laravel/framework/src/Illuminate/Pipeline/Pipeline.php(183): Illuminate/Session/Middleware/StartSession->handle(Object(Illuminate/Http/Request), Object(Closure))
#4 D:/Kuliah/Semester 4/Pemweb/Projek/vendor/laravel/framework/src/Illuminate/Cookie/Middleware/AddQueuedCookiesToResponse.php(37): Illuminate/Pipeline/Pipeline->{closure:{closure:Illuminate/Pipeline/Pipeline::carry():158}:159}(Object(Illuminate/Http/Request))
#5 D:/Kuliah/Semester 4/Pemweb/Projek/vendor/laravel/framework/src/Illuminate/Pipeline/Pipeline.php(183): Illuminate/Cookie/Middleware/AddQueuedCookiesToResponse->handle(Object(Illuminate/Http/Request), Object(Closure))
#6 D:/Kuliah/Semester 4/Pemweb/Projek/vendor/laravel/framework/src/Illuminate/Cookie/Middleware/EncryptCookies.php(67): Illuminate/Pipeline/Pipeline->{closure:{closure:Illuminate/Pipeline/Pipeline::carry():158}:159}(Object(Illuminate/Http/Request))
#7 D:/Kuliah/Semester 4/Pemweb/Projek/vendor/laravel/framework/src/Illuminate/Pipeline/Pipeline.php(183): Illuminate/Cookie/Middleware/EncryptCookies->handle(Object(Illuminate/Http/Request), Object(Closure))
#8 D:/Kuliah/Semester 4/Pemweb/Projek/vendor/laravel/framework/src/Illuminate/Pipeline/Pipeline.php(119): Illuminate/Pipeline/Pipeline->{closure:{closure:Illuminate/Pipeline/Pipeline::carry():158}:159}(Object(Illuminate/Http/Request))
#9 D:/Kuliah/Semester 4/Pemweb/Projek/vendor/laravel/framework/src/Illuminate/Routing/Router.php(805): Illuminate/Pipeline/Pipeline->then(Object(Closure))
#10 D:/Kuliah/Semester 4/Pemweb/Projek/vendor/laravel/framework/src/Illuminate/Routing/Router.php(784): Illuminate/Routing/Router->runRouteWithinStack(Object(Illuminate/Routing/Route), Object(Illuminate/Http/Request))
#11 D:/Kuliah/Semester 4/Pemweb/Projek/vendor/laravel/framework/src/Illuminate/Routing/Router.php(748): Illuminate/Routing/Router->runRoute(Object(Illuminate/Http/Request), Object(Illuminate/Routing/Route))
#12 D:/Kuliah/Semester 4/Pemweb/Projek/vendor/laravel/framework/src/Illuminate/Routing/Router.php(737): Illuminate/Routing/Router->dispatchToRoute(Object(Illuminate/Http/Request))
#13 D:/Kuliah/Semester 4/Pemweb/Projek/vendor/laravel/framework/src/Illuminate/Foundation/Http/Kernel.php(200): Illuminate/Routing/Router->dispatch(Object(Illuminate/Http/Request))
#14 D:/Kuliah/Semester 4/Pemweb/Projek/vendor/laravel/framework/src/Illuminate/Pipeline/Pipeline.php(144): Illuminate/Foundation/Http/Kernel->{closure:Illuminate/Foundation/Http/Kernel::dispatchToRouter():197}(Object(Illuminate/Http/Request))
#15 D:/Kuliah/Semester 4/Pemweb/Projek/vendor/laravel/framework/src/Illuminate/Foundation/Http/Middleware/TransformsRequest.php(21): Illuminate/Pipeline/Pipeline->{closure:Illuminate/Pipeline/Pipeline::prepareDestination():142}(Object(Illuminate/Http/Request))
#16 D:/Kuliah/Semester 4/Pemweb/Projek/vendor/laravel/framework/src/Illuminate/Foundation/Http/Middleware/ConvertEmptyStringsToNull.php(31): Illuminate/Foundation/Http/Middleware/TransformsRequest->handle(Object(Illuminate/Http/Request), Object(Closure))
#17 D:/Kuliah/Semester 4/Pemweb/Projek/vendor/laravel/framework/src/Illuminate/Pipeline/Pipeline.php(183): Illuminate/Foundation/Http/Middleware/ConvertEmptyStringsToNull->handle(Object(Illuminate/Http/Request), Object(Closure))
#18 D:/Kuliah/Semester 4/Pemweb/Projek/vendor/laravel/framework/src/Illuminate/Foundation/Http/Middleware/TransformsRequest.php(21): Illuminate/Pipeline/Pipeline->{closure:{closure:Illuminate/Pipeline/Pipeline::carry():158}:159}(Object(Illuminate/Http/Request))
#19 D:/Kuliah/Semester 4/Pemweb/Projek/vendor/laravel/framework/src/Illuminate/Foundation/Http/Middleware/TrimStrings.php(40): Illuminate/Foundation/Http/Middleware/TransformsRequest->handle(Object(Illuminate/Http/Request), Object(Closure))
#20 D:/Kuliah/Semester 4/Pemweb/Projek/vendor/laravel/framework/src/Illuminate/Pipeline/Pipeline.php(183): Illuminate/Foundation/Http/Middleware/TrimStrings->handle(Object(Illuminate/Http/Request), Object(Closure))
#21 D:/Kuliah/Semester 4/Pemweb/Projek/vendor/laravel/framework/src/Illuminate/Foundation/Http/Middleware/ValidatePostSize.php(27): Illuminate/Pipeline/Pipeline->{closure:{closure:Illuminate/Pipeline/Pipeline::carry():158}:159}(Object(Illuminate/Http/Request))
#22 D:/Kuliah/Semester 4/Pemweb/Projek/vendor/laravel/framework/src/Illuminate/Pipeline/Pipeline.php(183): Illuminate/Foundation/Http/Middleware/ValidatePostSize->handle(Object(Illuminate/Http/Request), Object(Closure))
#23 D:/Kuliah/Semester 4/Pemweb/Projek/vendor/laravel/framework/src/Illuminate/Foundation/Http/Middleware/PreventRequestsDuringMaintenance.php(99): Illuminate/Pipeline/Pipeline->{closure:{closure:Illuminate/Pipeline/Pipeline::carry():158}:159}(Object(Illuminate/Http/Request))
#24 D:/Kuliah/Semester 4/Pemweb/Projek/vendor/laravel/framework/src/Illuminate/Pipeline/Pipeline.php(183): Illuminate/Foundation/Http/Middleware/PreventRequestsDuringMaintenance->handle(Object(Illuminate/Http/Request), Object(Closure))
#25 D:/Kuliah/Semester 4/Pemweb/Projek/vendor/laravel/framework/src/Illuminate/Pipeline/Pipeline.php(119): Illuminate/Pipeline/Pipeline->{closure:{closure:Illuminate/Pipeline/Pipeline::carry():158}:159}(Object(Illuminate/Http/Request))
#26 D:/Kuliah/Semester 4/Pemweb/Projek/vendor/laravel/framework/src/Illuminate/Foundation/Http/Kernel.php(175): Illuminate/Pipeline/Pipeline->then(Object(Closure))
#27 D:/Kuliah/Semester 4/Pemweb/Projek/vendor/laravel/framework/src/Illuminate/Foundation/Http/Kernel.php(144): Illuminate/Foundation/Http/Kernel->sendRequestThroughRouter(Object(Illuminate/Http/Request))
#28 D:/Kuliah/Semester 4/Pemweb/Projek/public/index.php(20): Illuminate/Foundation/Http/Kernel->handle(Object(Illuminate/Http/Request))
#29 D:/Kuliah/Semester 4/Pemweb/Projek/vendor/laravel/framework/src/Illuminate/Foundation/resources/server.php(16): require_once('D://Kuliah//Semes...')
#30 {main}
"} 
[2026-05-20 14:29:12] laravel.EMERGENCY: Unable to create configured logger. Using emergency logger. {"exception":"[object] (InvalidArgumentException(code: 0): Log [] is not defined. at D:/Kuliah/Semester 4/Pemweb/Projek/vendor/laravel/framework/src/Illuminate/Log/LogManager.php:212)
[stacktrace]
#0 D:/Kuliah/Semester 4/Pemweb/Projek/vendor/laravel/framework/src/Illuminate/Log/LogManager.php(137): Illuminate/Log/LogManager->resolve(NULL, NULL)
#1 D:/Kuliah/Semester 4/Pemweb/Projek/vendor/laravel/framework/src/Illuminate/Log/LogManager.php(124): Illuminate/Log/LogManager->get(NULL)
#2 D:/Kuliah/Semester 4/Pemweb/Projek/vendor/laravel/framework/src/Illuminate/Log/LogManager.php(681): Illuminate/Log/LogManager->driver()
#3 D:/Kuliah/Semester 4/Pemweb/Projek/vendor/laravel/framework/src/Illuminate/Foundation/Exceptions/Handler.php(317): Illuminate/Log/LogManager->error('Session store n...', Array)
#4 D:/Kuliah/Semester 4/Pemweb/Projek/vendor/laravel/framework/src/Illuminate/Foundation/Exceptions/Handler.php(278): Illuminate/Foundation/Exceptions/Handler->reportThrowable(Object(RuntimeException))
#5 D:/Kuliah/Semester 4/Pemweb/Projek/vendor/laravel/framework/src/Illuminate/Routing/Pipeline.php(49): Illuminate/Foundation/Exceptions/Handler->report(Object(RuntimeException))
#6 D:/Kuliah/Semester 4/Pemweb/Projek/vendor/laravel/framework/src/Illuminate/Pipeline/Pipeline.php(188): Illuminate/Routing/Pipeline->handleException(Object(Illuminate/Http/Request), Object(RuntimeException))
#7 D:/Kuliah/Semester 4/Pemweb/Projek/vendor/laravel/framework/src/Illuminate/Session/Middleware/StartSession.php(54): Illuminate/Pipeline/Pipeline->{closure:{closure:Illuminate/Pipeline/Pipeline::carry():158}:159}(Object(Illuminate/Http/Request))
#8 D:/Kuliah/Semester 4/Pemweb/Projek/vendor/laravel/framework/src/Illuminate/Pipeline/Pipeline.php(183): Illuminate/Session/Middleware/StartSession->handle(Object(Illuminate/Http/Request), Object(Closure))
#9 D:/Kuliah/Semester 4/Pemweb/Projek/vendor/laravel/framework/src/Illuminate/Cookie/Middleware/AddQueuedCookiesToResponse.php(37): Illuminate/Pipeline/Pipeline->{closure:{closure:Illuminate/Pipeline/Pipeline::carry():158}:159}(Object(Illuminate/Http/Request))
#10 D:/Kuliah/Semester 4/Pemweb/Projek/vendor/laravel/framework/src/Illuminate/Pipeline/Pipeline.php(183): Illuminate/Cookie/Middleware/AddQueuedCookiesToResponse->handle(Object(Illuminate/Http/Request), Object(Closure))
#11 D:/Kuliah/Semester 4/Pemweb/Projek/vendor/laravel/framework/src/Illuminate/Cookie/Middleware/EncryptCookies.php(67): Illuminate/Pipeline/Pipeline->{closure:{closure:Illuminate/Pipeline/Pipeline::carry():158}:159}(Object(Illuminate/Http/Request))
#12 D:/Kuliah/Semester 4/Pemweb/Projek/vendor/laravel/framework/src/Illuminate/Pipeline/Pipeline.php(183): Illuminate/Cookie/Middleware/EncryptCookies->handle(Object(Illuminate/Http/Request), Object(Closure))
#13 D:/Kuliah/Semester 4/Pemweb/Projek/vendor/laravel/framework/src/Illuminate/Pipeline/Pipeline.php(119): Illuminate/Pipeline/Pipeline->{closure:{closure:Illuminate/Pipeline/Pipeline::carry():158}:159}(Object(Illuminate/Http/Request))
#14 D:/Kuliah/Semester 4/Pemweb/Projek/vendor/laravel/framework/src/Illuminate/Routing/Router.php(805): Illuminate/Pipeline/Pipeline->then(Object(Closure))
#15 D:/Kuliah/Semester 4/Pemweb/Projek/vendor/laravel/framework/src/Illuminate/Routing/Router.php(784): Illuminate/Routing/Router->runRouteWithinStack(Object(Illuminate/Routing/Route), Object(Illuminate/Http/Request))
#16 D:/Kuliah/Semester 4/Pemweb/Projek/vendor/laravel/framework/src/Illuminate/Routing/Router.php(748): Illuminate/Routing/Router->runRoute(Object(Illuminate/Http/Request), Object(Illuminate/Routing/Route))
#17 D:/Kuliah/Semester 4/Pemweb/Projek/vendor/laravel/framework/src/Illuminate/Routing/Router.php(737): Illuminate/Routing/Router->dispatchToRoute(Object(Illuminate/Http/Request))
#18 D:/Kuliah/Semester 4/Pemweb/Projek/vendor/laravel/framework/src/Illuminate/Foundation/Http/Kernel.php(200): Illuminate/Routing/Router->dispatch(Object(Illuminate/Http/Request))
#19 D:/Kuliah/Semester 4/Pemweb/Projek/vendor/laravel/framework/src/Illuminate/Pipeline/Pipeline.php(144): Illuminate/Foundation/Http/Kernel->{closure:Illuminate/Foundation/Http/Kernel::dispatchToRouter():197}(Object(Illuminate/Http/Request))
#20 D:/Kuliah/Semester 4/Pemweb/Projek/vendor/laravel/framework/src/Illuminate/Foundation/Http/Middleware/TransformsRequest.php(21): Illuminate/Pipeline/Pipeline->{closure:Illuminate/Pipeline/Pipeline::prepareDestination():142}(Object(Illuminate/Http/Request))
#21 D:/Kuliah/Semester 4/Pemweb/Projek/vendor/laravel/framework/src/Illuminate/Foundation/Http/Middleware/ConvertEmptyStringsToNull.php(31): Illuminate/Foundation/Http/Middleware/TransformsRequest->handle(Object(Illuminate/Http/Request), Object(Closure))
#22 D:/Kuliah/Semester 4/Pemweb/Projek/vendor/laravel/framework/src/Illuminate/Pipeline/Pipeline.php(183): Illuminate/Foundation/Http/Middleware/ConvertEmptyStringsToNull->handle(Object(Illuminate/Http/Request), Object(Closure))
#23 D:/Kuliah/Semester 4/Pemweb/Projek/vendor/laravel/framework/src/Illuminate/Foundation/Http/Middleware/TransformsRequest.php(21): Illuminate/Pipeline/Pipeline->{closure:{closure:Illuminate/Pipeline/Pipeline::carry():158}:159}(Object(Illuminate/Http/Request))
#24 D:/Kuliah/Semester 4/Pemweb/Projek/vendor/laravel/framework/src/Illuminate/Foundation/Http/Middleware/TrimStrings.php(40): Illuminate/Foundation/Http/Middleware/TransformsRequest->handle(Object(Illuminate/Http/Request), Object(Closure))
#25 D:/Kuliah/Semester 4/Pemweb/Projek/vendor/laravel/framework/src/Illuminate/Pipeline/Pipeline.php(183): Illuminate/Foundation/Http/Middleware/TrimStrings->handle(Object(Illuminate/Http/Request), Object(Closure))
#26 D:/Kuliah/Semester 4/Pemweb/Projek/vendor/laravel/framework/src/Illuminate/Foundation/Http/Middleware/ValidatePostSize.php(27): Illuminate/Pipeline/Pipeline->{closure:{closure:Illuminate/Pipeline/Pipeline::carry():158}:159}(Object(Illuminate/Http/Request))
#27 D:/Kuliah/Semester 4/Pemweb/Projek/vendor/laravel/framework/src/Illuminate/Pipeline/Pipeline.php(183): Illuminate/Foundation/Http/Middleware/ValidatePostSize->handle(Object(Illuminate/Http/Request), Object(Closure))
#28 D:/Kuliah/Semester 4/Pemweb/Projek/vendor/laravel/framework/src/Illuminate/Foundation/Http/Middleware/PreventRequestsDuringMaintenance.php(99): Illuminate/Pipeline/Pipeline->{closure:{closure:Illuminate/Pipeline/Pipeline::carry():158}:159}(Object(Illuminate/Http/Request))
#29 D:/Kuliah/Semester 4/Pemweb/Projek/vendor/laravel/framework/src/Illuminate/Pipeline/Pipeline.php(183): Illuminate/Foundation/Http/Middleware/PreventRequestsDuringMaintenance->handle(Object(Illuminate/Http/Request), Object(Closure))
#30 D:/Kuliah/Semester 4/Pemweb/Projek/vendor/laravel/framework/src/Illuminate/Pipeline/Pipeline.php(119): Illuminate/Pipeline/Pipeline->{closure:{closure:Illuminate/Pipeline/Pipeline::carry():158}:159}(Object(Illuminate/Http/Request))
#31 D:/Kuliah/Semester 4/Pemweb/Projek/vendor/laravel/framework/src/Illuminate/Foundation/Http/Kernel.php(175): Illuminate/Pipeline/Pipeline->then(Object(Closure))
#32 D:/Kuliah/Semester 4/Pemweb/Projek/vendor/laravel/framework/src/Illuminate/Foundation/Http/Kernel.php(144): Illuminate/Foundation/Http/Kernel->sendRequestThroughRouter(Object(Illuminate/Http/Request))
#33 D:/Kuliah/Semester 4/Pemweb/Projek/public/index.php(20): Illuminate/Foundation/Http/Kernel->handle(Object(Illuminate/Http/Request))
#34 D:/Kuliah/Semester 4/Pemweb/Projek/vendor/laravel/framework/src/Illuminate/Foundation/resources/server.php(16): require_once('D://Kuliah//Semes...')
#35 {main}
"} 
[2026-05-20 14:29:12] laravel.ERROR: Session store not set on request. {"exception":"[object] (RuntimeException(code: 0): Session store not set on request. at D:/Kuliah/Semester 4/Pemweb/Projek/vendor/laravel/framework/src/Illuminate/Http/Request.php:560)
[stacktrace]
#0 D:/Kuliah/Semester 4/Pemweb/Projek/vendor/laravel/framework/src/Illuminate/View/Middleware/ShareErrorsFromSession.php(42): Illuminate/Http/Request->session()
#1 D:/Kuliah/Semester 4/Pemweb/Projek/vendor/laravel/framework/src/Illuminate/Pipeline/Pipeline.php(183): Illuminate/View/Middleware/ShareErrorsFromSession->handle(Object(Illuminate/Http/Request), Object(Closure))
#2 D:/Kuliah/Semester 4/Pemweb/Projek/vendor/laravel/framework/src/Illuminate/Session/Middleware/StartSession.php(54): Illuminate/Pipeline/Pipeline->{closure:{closure:Illuminate/Pipeline/Pipeline::carry():158}:159}(Object(Illuminate/Http/Request))
#3 D:/Kuliah/Semester 4/Pemweb/Projek/vendor/laravel/framework/src/Illuminate/Pipeline/Pipeline.php(183): Illuminate/Session/Middleware/StartSession->handle(Object(Illuminate/Http/Request), Object(Closure))
#4 D:/Kuliah/Semester 4/Pemweb/Projek/vendor/laravel/framework/src/Illuminate/Cookie/Middleware/AddQueuedCookiesToResponse.php(37): Illuminate/Pipeline/Pipeline->{closure:{closure:Illuminate/Pipeline/Pipeline::carry():158}:159}(Object(Illuminate/Http/Request))
#5 D:/Kuliah/Semester 4/Pemweb/Projek/vendor/laravel/framework/src/Illuminate/Pipeline/Pipeline.php(183): Illuminate/Cookie/Middleware/AddQueuedCookiesToResponse->handle(Object(Illuminate/Http/Request), Object(Closure))
#6 D:/Kuliah/Semester 4/Pemweb/Projek/vendor/laravel/framework/src/Illuminate/Cookie/Middleware/EncryptCookies.php(67): Illuminate/Pipeline/Pipeline->{closure:{closure:Illuminate/Pipeline/Pipeline::carry():158}:159}(Object(Illuminate/Http/Request))
#7 D:/Kuliah/Semester 4/Pemweb/Projek/vendor/laravel/framework/src/Illuminate/Pipeline/Pipeline.php(183): Illuminate/Cookie/Middleware/EncryptCookies->handle(Object(Illuminate/Http/Request), Object(Closure))
#8 D:/Kuliah/Semester 4/Pemweb/Projek/vendor/laravel/framework/src/Illuminate/Pipeline/Pipeline.php(119): Illuminate/Pipeline/Pipeline->{closure:{closure:Illuminate/Pipeline/Pipeline::carry():158}:159}(Object(Illuminate/Http/Request))
#9 D:/Kuliah/Semester 4/Pemweb/Projek/vendor/laravel/framework/src/Illuminate/Routing/Router.php(805): Illuminate/Pipeline/Pipeline->then(Object(Closure))
#10 D:/Kuliah/Semester 4/Pemweb/Projek/vendor/laravel/framework/src/Illuminate/Routing/Router.php(784): Illuminate/Routing/Router->runRouteWithinStack(Object(Illuminate/Routing/Route), Object(Illuminate/Http/Request))
#11 D:/Kuliah/Semester 4/Pemweb/Projek/vendor/laravel/framework/src/Illuminate/Routing/Router.php(748): Illuminate/Routing/Router->runRoute(Object(Illuminate/Http/Request), Object(Illuminate/Routing/Route))
#12 D:/Kuliah/Semester 4/Pemweb/Projek/vendor/laravel/framework/src/Illuminate/Routing/Router.php(737): Illuminate/Routing/Router->dispatchToRoute(Object(Illuminate/Http/Request))
#13 D:/Kuliah/Semester 4/Pemweb/Projek/vendor/laravel/framework/src/Illuminate/Foundation/Http/Kernel.php(200): Illuminate/Routing/Router->dispatch(Object(Illuminate/Http/Request))
#14 D:/Kuliah/Semester 4/Pemweb/Projek/vendor/laravel/framework/src/Illuminate/Pipeline/Pipeline.php(144): Illuminate/Foundation/Http/Kernel->{closure:Illuminate/Foundation/Http/Kernel::dispatchToRouter():197}(Object(Illuminate/Http/Request))
#15 D:/Kuliah/Semester 4/Pemweb/Projek/vendor/laravel/framework/src/Illuminate/Foundation/Http/Middleware/TransformsRequest.php(21): Illuminate/Pipeline/Pipeline->{closure:Illuminate/Pipeline/Pipeline::prepareDestination():142}(Object(Illuminate/Http/Request))
#16 D:/Kuliah/Semester 4/Pemweb/Projek/vendor/laravel/framework/src/Illuminate/Foundation/Http/Middleware/ConvertEmptyStringsToNull.php(31): Illuminate/Foundation/Http/Middleware/TransformsRequest->handle(Object(Illuminate/Http/Request), Object(Closure))
#17 D:/Kuliah/Semester 4/Pemweb/Projek/vendor/laravel/framework/src/Illuminate/Pipeline/Pipeline.php(183): Illuminate/Foundation/Http/Middleware/ConvertEmptyStringsToNull->handle(Object(Illuminate/Http/Request), Object(Closure))
#18 D:/Kuliah/Semester 4/Pemweb/Projek/vendor/laravel/framework/src/Illuminate/Foundation/Http/Middleware/TransformsRequest.php(21): Illuminate/Pipeline/Pipeline->{closure:{closure:Illuminate/Pipeline/Pipeline::carry():158}:159}(Object(Illuminate/Http/Request))
#19 D:/Kuliah/Semester 4/Pemweb/Projek/vendor/laravel/framework/src/Illuminate/Foundation/Http/Middleware/TrimStrings.php(40): Illuminate/Foundation/Http/Middleware/TransformsRequest->handle(Object(Illuminate/Http/Request), Object(Closure))
#20 D:/Kuliah/Semester 4/Pemweb/Projek/vendor/laravel/framework/src/Illuminate/Pipeline/Pipeline.php(183): Illuminate/Foundation/Http/Middleware/TrimStrings->handle(Object(Illuminate/Http/Request), Object(Closure))
#21 D:/Kuliah/Semester 4/Pemweb/Projek/vendor/laravel/framework/src/Illuminate/Foundation/Http/Middleware/ValidatePostSize.php(27): Illuminate/Pipeline/Pipeline->{closure:{closure:Illuminate/Pipeline/Pipeline::carry():158}:159}(Object(Illuminate/Http/Request))
#22 D:/Kuliah/Semester 4/Pemweb/Projek/vendor/laravel/framework/src/Illuminate/Pipeline/Pipeline.php(183): Illuminate/Foundation/Http/Middleware/ValidatePostSize->handle(Object(Illuminate/Http/Request), Object(Closure))
#23 D:/Kuliah/Semester 4/Pemweb/Projek/vendor/laravel/framework/src/Illuminate/Foundation/Http/Middleware/PreventRequestsDuringMaintenance.php(99): Illuminate/Pipeline/Pipeline->{closure:{closure:Illuminate/Pipeline/Pipeline::carry():158}:159}(Object(Illuminate/Http/Request))
#24 D:/Kuliah/Semester 4/Pemweb/Projek/vendor/laravel/framework/src/Illuminate/Pipeline/Pipeline.php(183): Illuminate/Foundation/Http/Middleware/PreventRequestsDuringMaintenance->handle(Object(Illuminate/Http/Request), Object(Closure))
#25 D:/Kuliah/Semester 4/Pemweb/Projek/vendor/laravel/framework/src/Illuminate/Pipeline/Pipeline.php(119): Illuminate/Pipeline/Pipeline->{closure:{closure:Illuminate/Pipeline/Pipeline::carry():158}:159}(Object(Illuminate/Http/Request))
#26 D:/Kuliah/Semester 4/Pemweb/Projek/vendor/laravel/framework/src/Illuminate/Foundation/Http/Kernel.php(175): Illuminate/Pipeline/Pipeline->then(Object(Closure))
#27 D:/Kuliah/Semester 4/Pemweb/Projek/vendor/laravel/framework/src/Illuminate/Foundation/Http/Kernel.php(144): Illuminate/Foundation/Http/Kernel->sendRequestThroughRouter(Object(Illuminate/Http/Request))
#28 D:/Kuliah/Semester 4/Pemweb/Projek/public/index.php(20): Illuminate/Foundation/Http/Kernel->handle(Object(Illuminate/Http/Request))
#29 D:/Kuliah/Semester 4/Pemweb/Projek/vendor/laravel/framework/src/Illuminate/Foundation/resources/server.php(16): require_once('D://Kuliah//Semes...')
#30 {main}
"} 
[2026-05-20 14:32:26] laravel.EMERGENCY: Unable to create configured logger. Using emergency logger. {"exception":"[object] (InvalidArgumentException(code: 0): Log [] is not defined. at D:/Kuliah/Semester 4/Pemweb/Projek/vendor/laravel/framework/src/Illuminate/Log/LogManager.php:212)
[stacktrace]
#0 D:/Kuliah/Semester 4/Pemweb/Projek/vendor/laravel/framework/src/Illuminate/Log/LogManager.php(137): Illuminate/Log/LogManager->resolve(NULL, NULL)
#1 D:/Kuliah/Semester 4/Pemweb/Projek/vendor/laravel/framework/src/Illuminate/Log/LogManager.php(124): Illuminate/Log/LogManager->get(NULL)
#2 D:/Kuliah/Semester 4/Pemweb/Projek/vendor/laravel/framework/src/Illuminate/Log/LogManager.php(681): Illuminate/Log/LogManager->driver()
#3 D:/Kuliah/Semester 4/Pemweb/Projek/vendor/laravel/framework/src/Illuminate/Foundation/Exceptions/Handler.php(317): Illuminate/Log/LogManager->error('Session store n...', Array)
#4 D:/Kuliah/Semester 4/Pemweb/Projek/vendor/laravel/framework/src/Illuminate/Foundation/Exceptions/Handler.php(278): Illuminate/Foundation/Exceptions/Handler->reportThrowable(Object(RuntimeException))
#5 D:/Kuliah/Semester 4/Pemweb/Projek/vendor/laravel/framework/src/Illuminate/Routing/Pipeline.php(49): Illuminate/Foundation/Exceptions/Handler->report(Object(RuntimeException))
#6 D:/Kuliah/Semester 4/Pemweb/Projek/vendor/laravel/framework/src/Illuminate/Pipeline/Pipeline.php(188): Illuminate/Routing/Pipeline->handleException(Object(Illuminate/Http/Request), Object(RuntimeException))
#7 D:/Kuliah/Semester 4/Pemweb/Projek/vendor/laravel/framework/src/Illuminate/Session/Middleware/StartSession.php(54): Illuminate/Pipeline/Pipeline->{closure:{closure:Illuminate/Pipeline/Pipeline::carry():158}:159}(Object(Illuminate/Http/Request))
#8 D:/Kuliah/Semester 4/Pemweb/Projek/vendor/laravel/framework/src/Illuminate/Pipeline/Pipeline.php(183): Illuminate/Session/Middleware/StartSession->handle(Object(Illuminate/Http/Request), Object(Closure))
#9 D:/Kuliah/Semester 4/Pemweb/Projek/vendor/laravel/framework/src/Illuminate/Cookie/Middleware/AddQueuedCookiesToResponse.php(37): Illuminate/Pipeline/Pipeline->{closure:{closure:Illuminate/Pipeline/Pipeline::carry():158}:159}(Object(Illuminate/Http/Request))
#10 D:/Kuliah/Semester 4/Pemweb/Projek/vendor/laravel/framework/src/Illuminate/Pipeline/Pipeline.php(183): Illuminate/Cookie/Middleware/AddQueuedCookiesToResponse->handle(Object(Illuminate/Http/Request), Object(Closure))
#11 D:/Kuliah/Semester 4/Pemweb/Projek/vendor/laravel/framework/src/Illuminate/Cookie/Middleware/EncryptCookies.php(67): Illuminate/Pipeline/Pipeline->{closure:{closure:Illuminate/Pipeline/Pipeline::carry():158}:159}(Object(Illuminate/Http/Request))
#12 D:/Kuliah/Semester 4/Pemweb/Projek/vendor/laravel/framework/src/Illuminate/Pipeline/Pipeline.php(183): Illuminate/Cookie/Middleware/EncryptCookies->handle(Object(Illuminate/Http/Request), Object(Closure))
#13 D:/Kuliah/Semester 4/Pemweb/Projek/vendor/laravel/framework/src/Illuminate/Pipeline/Pipeline.php(119): Illuminate/Pipeline/Pipeline->{closure:{closure:Illuminate/Pipeline/Pipeline::carry():158}:159}(Object(Illuminate/Http/Request))
#14 D:/Kuliah/Semester 4/Pemweb/Projek/vendor/laravel/framework/src/Illuminate/Routing/Router.php(805): Illuminate/Pipeline/Pipeline->then(Object(Closure))
#15 D:/Kuliah/Semester 4/Pemweb/Projek/vendor/laravel/framework/src/Illuminate/Routing/Router.php(784): Illuminate/Routing/Router->runRouteWithinStack(Object(Illuminate/Routing/Route), Object(Illuminate/Http/Request))
#16 D:/Kuliah/Semester 4/Pemweb/Projek/vendor/laravel/framework/src/Illuminate/Routing/Router.php(748): Illuminate/Routing/Router->runRoute(Object(Illuminate/Http/Request), Object(Illuminate/Routing/Route))
#17 D:/Kuliah/Semester 4/Pemweb/Projek/vendor/laravel/framework/src/Illuminate/Routing/Router.php(737): Illuminate/Routing/Router->dispatchToRoute(Object(Illuminate/Http/Request))
#18 D:/Kuliah/Semester 4/Pemweb/Projek/vendor/laravel/framework/src/Illuminate/Foundation/Http/Kernel.php(200): Illuminate/Routing/Router->dispatch(Object(Illuminate/Http/Request))
#19 D:/Kuliah/Semester 4/Pemweb/Projek/vendor/laravel/framework/src/Illuminate/Pipeline/Pipeline.php(144): Illuminate/Foundation/Http/Kernel->{closure:Illuminate/Foundation/Http/Kernel::dispatchToRouter():197}(Object(Illuminate/Http/Request))
#20 D:/Kuliah/Semester 4/Pemweb/Projek/vendor/laravel/framework/src/Illuminate/Foundation/Http/Middleware/TransformsRequest.php(21): Illuminate/Pipeline/Pipeline->{closure:Illuminate/Pipeline/Pipeline::prepareDestination():142}(Object(Illuminate/Http/Request))
#21 D:/Kuliah/Semester 4/Pemweb/Projek/vendor/laravel/framework/src/Illuminate/Foundation/Http/Middleware/ConvertEmptyStringsToNull.php(31): Illuminate/Foundation/Http/Middleware/TransformsRequest->handle(Object(Illuminate/Http/Request), Object(Closure))
#22 D:/Kuliah/Semester 4/Pemweb/Projek/vendor/laravel/framework/src/Illuminate/Pipeline/Pipeline.php(183): Illuminate/Foundation/Http/Middleware/ConvertEmptyStringsToNull->handle(Object(Illuminate/Http/Request), Object(Closure))
#23 D:/Kuliah/Semester 4/Pemweb/Projek/vendor/laravel/framework/src/Illuminate/Foundation/Http/Middleware/TransformsRequest.php(21): Illuminate/Pipeline/Pipeline->{closure:{closure:Illuminate/Pipeline/Pipeline::carry():158}:159}(Object(Illuminate/Http/Request))
#24 D:/Kuliah/Semester 4/Pemweb/Projek/vendor/laravel/framework/src/Illuminate/Foundation/Http/Middleware/TrimStrings.php(40): Illuminate/Foundation/Http/Middleware/TransformsRequest->handle(Object(Illuminate/Http/Request), Object(Closure))
#25 D:/Kuliah/Semester 4/Pemweb/Projek/vendor/laravel/framework/src/Illuminate/Pipeline/Pipeline.php(183): Illuminate/Foundation/Http/Middleware/TrimStrings->handle(Object(Illuminate/Http/Request), Object(Closure))
#26 D:/Kuliah/Semester 4/Pemweb/Projek/vendor/laravel/framework/src/Illuminate/Foundation/Http/Middleware/ValidatePostSize.php(27): Illuminate/Pipeline/Pipeline->{closure:{closure:Illuminate/Pipeline/Pipeline::carry():158}:159}(Object(Illuminate/Http/Request))
#27 D:/Kuliah/Semester 4/Pemweb/Projek/vendor/laravel/framework/src/Illuminate/Pipeline/Pipeline.php(183): Illuminate/Foundation/Http/Middleware/ValidatePostSize->handle(Object(Illuminate/Http/Request), Object(Closure))
#28 D:/Kuliah/Semester 4/Pemweb/Projek/vendor/laravel/framework/src/Illuminate/Foundation/Http/Middleware/PreventRequestsDuringMaintenance.php(99): Illuminate/Pipeline/Pipeline->{closure:{closure:Illuminate/Pipeline/Pipeline::carry():158}:159}(Object(Illuminate/Http/Request))
#29 D:/Kuliah/Semester 4/Pemweb/Projek/vendor/laravel/framework/src/Illuminate/Pipeline/Pipeline.php(183): Illuminate/Foundation/Http/Middleware/PreventRequestsDuringMaintenance->handle(Object(Illuminate/Http/Request), Object(Closure))
#30 D:/Kuliah/Semester 4/Pemweb/Projek/vendor/laravel/framework/src/Illuminate/Pipeline/Pipeline.php(119): Illuminate/Pipeline/Pipeline->{closure:{closure:Illuminate/Pipeline/Pipeline::carry():158}:159}(Object(Illuminate/Http/Request))
#31 D:/Kuliah/Semester 4/Pemweb/Projek/vendor/laravel/framework/src/Illuminate/Foundation/Http/Kernel.php(175): Illuminate/Pipeline/Pipeline->then(Object(Closure))
#32 D:/Kuliah/Semester 4/Pemweb/Projek/vendor/laravel/framework/src/Illuminate/Foundation/Http/Kernel.php(144): Illuminate/Foundation/Http/Kernel->sendRequestThroughRouter(Object(Illuminate/Http/Request))
#33 D:/Kuliah/Semester 4/Pemweb/Projek/public/index.php(20): Illuminate/Foundation/Http/Kernel->handle(Object(Illuminate/Http/Request))
#34 D:/Kuliah/Semester 4/Pemweb/Projek/vendor/laravel/framework/src/Illuminate/Foundation/resources/server.php(16): require_once('D://Kuliah//Semes...')
#35 {main}
"} 
[2026-05-20 14:32:26] laravel.ERROR: Session store not set on request. {"exception":"[object] (RuntimeException(code: 0): Session store not set on request. at D:/Kuliah/Semester 4/Pemweb/Projek/vendor/laravel/framework/src/Illuminate/Http/Request.php:560)
[stacktrace]
#0 D:/Kuliah/Semester 4/Pemweb/Projek/vendor/laravel/framework/src/Illuminate/View/Middleware/ShareErrorsFromSession.php(42): Illuminate/Http/Request->session()
#1 D:/Kuliah/Semester 4/Pemweb/Projek/vendor/laravel/framework/src/Illuminate/Pipeline/Pipeline.php(183): Illuminate/View/Middleware/ShareErrorsFromSession->handle(Object(Illuminate/Http/Request), Object(Closure))
#2 D:/Kuliah/Semester 4/Pemweb/Projek/vendor/laravel/framework/src/Illuminate/Session/Middleware/StartSession.php(54): Illuminate/Pipeline/Pipeline->{closure:{closure:Illuminate/Pipeline/Pipeline::carry():158}:159}(Object(Illuminate/Http/Request))
#3 D:/Kuliah/Semester 4/Pemweb/Projek/vendor/laravel/framework/src/Illuminate/Pipeline/Pipeline.php(183): Illuminate/Session/Middleware/StartSession->handle(Object(Illuminate/Http/Request), Object(Closure))
#4 D:/Kuliah/Semester 4/Pemweb/Projek/vendor/laravel/framework/src/Illuminate/Cookie/Middleware/AddQueuedCookiesToResponse.php(37): Illuminate/Pipeline/Pipeline->{closure:{closure:Illuminate/Pipeline/Pipeline::carry():158}:159}(Object(Illuminate/Http/Request))
#5 D:/Kuliah/Semester 4/Pemweb/Projek/vendor/laravel/framework/src/Illuminate/Pipeline/Pipeline.php(183): Illuminate/Cookie/Middleware/AddQueuedCookiesToResponse->handle(Object(Illuminate/Http/Request), Object(Closure))
#6 D:/Kuliah/Semester 4/Pemweb/Projek/vendor/laravel/framework/src/Illuminate/Cookie/Middleware/EncryptCookies.php(67): Illuminate/Pipeline/Pipeline->{closure:{closure:Illuminate/Pipeline/Pipeline::carry():158}:159}(Object(Illuminate/Http/Request))
#7 D:/Kuliah/Semester 4/Pemweb/Projek/vendor/laravel/framework/src/Illuminate/Pipeline/Pipeline.php(183): Illuminate/Cookie/Middleware/EncryptCookies->handle(Object(Illuminate/Http/Request), Object(Closure))
#8 D:/Kuliah/Semester 4/Pemweb/Projek/vendor/laravel/framework/src/Illuminate/Pipeline/Pipeline.php(119): Illuminate/Pipeline/Pipeline->{closure:{closure:Illuminate/Pipeline/Pipeline::carry():158}:159}(Object(Illuminate/Http/Request))
#9 D:/Kuliah/Semester 4/Pemweb/Projek/vendor/laravel/framework/src/Illuminate/Routing/Router.php(805): Illuminate/Pipeline/Pipeline->then(Object(Closure))
#10 D:/Kuliah/Semester 4/Pemweb/Projek/vendor/laravel/framework/src/Illuminate/Routing/Router.php(784): Illuminate/Routing/Router->runRouteWithinStack(Object(Illuminate/Routing/Route), Object(Illuminate/Http/Request))
#11 D:/Kuliah/Semester 4/Pemweb/Projek/vendor/laravel/framework/src/Illuminate/Routing/Router.php(748): Illuminate/Routing/Router->runRoute(Object(Illuminate/Http/Request), Object(Illuminate/Routing/Route))
#12 D:/Kuliah/Semester 4/Pemweb/Projek/vendor/laravel/framework/src/Illuminate/Routing/Router.php(737): Illuminate/Routing/Router->dispatchToRoute(Object(Illuminate/Http/Request))
#13 D:/Kuliah/Semester 4/Pemweb/Projek/vendor/laravel/framework/src/Illuminate/Foundation/Http/Kernel.php(200): Illuminate/Routing/Router->dispatch(Object(Illuminate/Http/Request))
#14 D:/Kuliah/Semester 4/Pemweb/Projek/vendor/laravel/framework/src/Illuminate/Pipeline/Pipeline.php(144): Illuminate/Foundation/Http/Kernel->{closure:Illuminate/Foundation/Http/Kernel::dispatchToRouter():197}(Object(Illuminate/Http/Request))
#15 D:/Kuliah/Semester 4/Pemweb/Projek/vendor/laravel/framework/src/Illuminate/Foundation/Http/Middleware/TransformsRequest.php(21): Illuminate/Pipeline/Pipeline->{closure:Illuminate/Pipeline/Pipeline::prepareDestination():142}(Object(Illuminate/Http/Request))
#16 D:/Kuliah/Semester 4/Pemweb/Projek/vendor/laravel/framework/src/Illuminate/Foundation/Http/Middleware/ConvertEmptyStringsToNull.php(31): Illuminate/Foundation/Http/Middleware/TransformsRequest->handle(Object(Illuminate/Http/Request), Object(Closure))
#17 D:/Kuliah/Semester 4/Pemweb/Projek/vendor/laravel/framework/src/Illuminate/Pipeline/Pipeline.php(183): Illuminate/Foundation/Http/Middleware/ConvertEmptyStringsToNull->handle(Object(Illuminate/Http/Request), Object(Closure))
#18 D:/Kuliah/Semester 4/Pemweb/Projek/vendor/laravel/framework/src/Illuminate/Foundation/Http/Middleware/TransformsRequest.php(21): Illuminate/Pipeline/Pipeline->{closure:{closure:Illuminate/Pipeline/Pipeline::carry():158}:159}(Object(Illuminate/Http/Request))
#19 D:/Kuliah/Semester 4/Pemweb/Projek/vendor/laravel/framework/src/Illuminate/Foundation/Http/Middleware/TrimStrings.php(40): Illuminate/Foundation/Http/Middleware/TransformsRequest->handle(Object(Illuminate/Http/Request), Object(Closure))
#20 D:/Kuliah/Semester 4/Pemweb/Projek/vendor/laravel/framework/src/Illuminate/Pipeline/Pipeline.php(183): Illuminate/Foundation/Http/Middleware/TrimStrings->handle(Object(Illuminate/Http/Request), Object(Closure))
#21 D:/Kuliah/Semester 4/Pemweb/Projek/vendor/laravel/framework/src/Illuminate/Foundation/Http/Middleware/ValidatePostSize.php(27): Illuminate/Pipeline/Pipeline->{closure:{closure:Illuminate/Pipeline/Pipeline::carry():158}:159}(Object(Illuminate/Http/Request))
#22 D:/Kuliah/Semester 4/Pemweb/Projek/vendor/laravel/framework/src/Illuminate/Pipeline/Pipeline.php(183): Illuminate/Foundation/Http/Middleware/ValidatePostSize->handle(Object(Illuminate/Http/Request), Object(Closure))
#23 D:/Kuliah/Semester 4/Pemweb/Projek/vendor/laravel/framework/src/Illuminate/Foundation/Http/Middleware/PreventRequestsDuringMaintenance.php(99): Illuminate/Pipeline/Pipeline->{closure:{closure:Illuminate/Pipeline/Pipeline::carry():158}:159}(Object(Illuminate/Http/Request))
#24 D:/Kuliah/Semester 4/Pemweb/Projek/vendor/laravel/framework/src/Illuminate/Pipeline/Pipeline.php(183): Illuminate/Foundation/Http/Middleware/PreventRequestsDuringMaintenance->handle(Object(Illuminate/Http/Request), Object(Closure))
#25 D:/Kuliah/Semester 4/Pemweb/Projek/vendor/laravel/framework/src/Illuminate/Pipeline/Pipeline.php(119): Illuminate/Pipeline/Pipeline->{closure:{closure:Illuminate/Pipeline/Pipeline::carry():158}:159}(Object(Illuminate/Http/Request))
#26 D:/Kuliah/Semester 4/Pemweb/Projek/vendor/laravel/framework/src/Illuminate/Foundation/Http/Kernel.php(175): Illuminate/Pipeline/Pipeline->then(Object(Closure))
#27 D:/Kuliah/Semester 4/Pemweb/Projek/vendor/laravel/framework/src/Illuminate/Foundation/Http/Kernel.php(144): Illuminate/Foundation/Http/Kernel->sendRequestThroughRouter(Object(Illuminate/Http/Request))
#28 D:/Kuliah/Semester 4/Pemweb/Projek/public/index.php(20): Illuminate/Foundation/Http/Kernel->handle(Object(Illuminate/Http/Request))
#29 D:/Kuliah/Semester 4/Pemweb/Projek/vendor/laravel/framework/src/Illuminate/Foundation/resources/server.php(16): require_once('D://Kuliah//Semes...')
#30 {main}
"} 
[2026-05-20 14:33:25] laravel.EMERGENCY: Unable to create configured logger. Using emergency logger. {"exception":"[object] (InvalidArgumentException(code: 0): Log [] is not defined. at D:/Kuliah/Semester 4/Pemweb/Projek/vendor/laravel/framework/src/Illuminate/Log/LogManager.php:212)
[stacktrace]
#0 D:/Kuliah/Semester 4/Pemweb/Projek/vendor/laravel/framework/src/Illuminate/Log/LogManager.php(137): Illuminate/Log/LogManager->resolve(NULL, NULL)
#1 D:/Kuliah/Semester 4/Pemweb/Projek/vendor/laravel/framework/src/Illuminate/Log/LogManager.php(124): Illuminate/Log/LogManager->get(NULL)
#2 D:/Kuliah/Semester 4/Pemweb/Projek/vendor/laravel/framework/src/Illuminate/Log/LogManager.php(681): Illuminate/Log/LogManager->driver()
#3 D:/Kuliah/Semester 4/Pemweb/Projek/vendor/laravel/framework/src/Illuminate/Foundation/Exceptions/Handler.php(317): Illuminate/Log/LogManager->error('Session store n...', Array)
#4 D:/Kuliah/Semester 4/Pemweb/Projek/vendor/laravel/framework/src/Illuminate/Foundation/Exceptions/Handler.php(278): Illuminate/Foundation/Exceptions/Handler->reportThrowable(Object(RuntimeException))
#5 D:/Kuliah/Semester 4/Pemweb/Projek/vendor/laravel/framework/src/Illuminate/Routing/Pipeline.php(49): Illuminate/Foundation/Exceptions/Handler->report(Object(RuntimeException))
#6 D:/Kuliah/Semester 4/Pemweb/Projek/vendor/laravel/framework/src/Illuminate/Pipeline/Pipeline.php(188): Illuminate/Routing/Pipeline->handleException(Object(Illuminate/Http/Request), Object(RuntimeException))
#7 D:/Kuliah/Semester 4/Pemweb/Projek/vendor/laravel/framework/src/Illuminate/Session/Middleware/StartSession.php(54): Illuminate/Pipeline/Pipeline->{closure:{closure:Illuminate/Pipeline/Pipeline::carry():158}:159}(Object(Illuminate/Http/Request))
#8 D:/Kuliah/Semester 4/Pemweb/Projek/vendor/laravel/framework/src/Illuminate/Pipeline/Pipeline.php(183): Illuminate/Session/Middleware/StartSession->handle(Object(Illuminate/Http/Request), Object(Closure))
#9 D:/Kuliah/Semester 4/Pemweb/Projek/vendor/laravel/framework/src/Illuminate/Cookie/Middleware/AddQueuedCookiesToResponse.php(37): Illuminate/Pipeline/Pipeline->{closure:{closure:Illuminate/Pipeline/Pipeline::carry():158}:159}(Object(Illuminate/Http/Request))
#10 D:/Kuliah/Semester 4/Pemweb/Projek/vendor/laravel/framework/src/Illuminate/Pipeline/Pipeline.php(183): Illuminate/Cookie/Middleware/AddQueuedCookiesToResponse->handle(Object(Illuminate/Http/Request), Object(Closure))
#11 D:/Kuliah/Semester 4/Pemweb/Projek/vendor/laravel/framework/src/Illuminate/Cookie/Middleware/EncryptCookies.php(67): Illuminate/Pipeline/Pipeline->{closure:{closure:Illuminate/Pipeline/Pipeline::carry():158}:159}(Object(Illuminate/Http/Request))
#12 D:/Kuliah/Semester 4/Pemweb/Projek/vendor/laravel/framework/src/Illuminate/Pipeline/Pipeline.php(183): Illuminate/Cookie/Middleware/EncryptCookies->handle(Object(Illuminate/Http/Request), Object(Closure))
#13 D:/Kuliah/Semester 4/Pemweb/Projek/vendor/laravel/framework/src/Illuminate/Pipeline/Pipeline.php(119): Illuminate/Pipeline/Pipeline->{closure:{closure:Illuminate/Pipeline/Pipeline::carry():158}:159}(Object(Illuminate/Http/Request))
#14 D:/Kuliah/Semester 4/Pemweb/Projek/vendor/laravel/framework/src/Illuminate/Routing/Router.php(805): Illuminate/Pipeline/Pipeline->then(Object(Closure))
#15 D:/Kuliah/Semester 4/Pemweb/Projek/vendor/laravel/framework/src/Illuminate/Routing/Router.php(784): Illuminate/Routing/Router->runRouteWithinStack(Object(Illuminate/Routing/Route), Object(Illuminate/Http/Request))
#16 D:/Kuliah/Semester 4/Pemweb/Projek/vendor/laravel/framework/src/Illuminate/Routing/Router.php(748): Illuminate/Routing/Router->runRoute(Object(Illuminate/Http/Request), Object(Illuminate/Routing/Route))
#17 D:/Kuliah/Semester 4/Pemweb/Projek/vendor/laravel/framework/src/Illuminate/Routing/Router.php(737): Illuminate/Routing/Router->dispatchToRoute(Object(Illuminate/Http/Request))
#18 D:/Kuliah/Semester 4/Pemweb/Projek/vendor/laravel/framework/src/Illuminate/Foundation/Http/Kernel.php(200): Illuminate/Routing/Router->dispatch(Object(Illuminate/Http/Request))
#19 D:/Kuliah/Semester 4/Pemweb/Projek/vendor/laravel/framework/src/Illuminate/Pipeline/Pipeline.php(144): Illuminate/Foundation/Http/Kernel->{closure:Illuminate/Foundation/Http/Kernel::dispatchToRouter():197}(Object(Illuminate/Http/Request))
#20 D:/Kuliah/Semester 4/Pemweb/Projek/vendor/laravel/framework/src/Illuminate/Foundation/Http/Middleware/TransformsRequest.php(21): Illuminate/Pipeline/Pipeline->{closure:Illuminate/Pipeline/Pipeline::prepareDestination():142}(Object(Illuminate/Http/Request))
#21 D:/Kuliah/Semester 4/Pemweb/Projek/vendor/laravel/framework/src/Illuminate/Foundation/Http/Middleware/ConvertEmptyStringsToNull.php(31): Illuminate/Foundation/Http/Middleware/TransformsRequest->handle(Object(Illuminate/Http/Request), Object(Closure))
#22 D:/Kuliah/Semester 4/Pemweb/Projek/vendor/laravel/framework/src/Illuminate/Pipeline/Pipeline.php(183): Illuminate/Foundation/Http/Middleware/ConvertEmptyStringsToNull->handle(Object(Illuminate/Http/Request), Object(Closure))
#23 D:/Kuliah/Semester 4/Pemweb/Projek/vendor/laravel/framework/src/Illuminate/Foundation/Http/Middleware/TransformsRequest.php(21): Illuminate/Pipeline/Pipeline->{closure:{closure:Illuminate/Pipeline/Pipeline::carry():158}:159}(Object(Illuminate/Http/Request))
#24 D:/Kuliah/Semester 4/Pemweb/Projek/vendor/laravel/framework/src/Illuminate/Foundation/Http/Middleware/TrimStrings.php(40): Illuminate/Foundation/Http/Middleware/TransformsRequest->handle(Object(Illuminate/Http/Request), Object(Closure))
#25 D:/Kuliah/Semester 4/Pemweb/Projek/vendor/laravel/framework/src/Illuminate/Pipeline/Pipeline.php(183): Illuminate/Foundation/Http/Middleware/TrimStrings->handle(Object(Illuminate/Http/Request), Object(Closure))
#26 D:/Kuliah/Semester 4/Pemweb/Projek/vendor/laravel/framework/src/Illuminate/Foundation/Http/Middleware/ValidatePostSize.php(27): Illuminate/Pipeline/Pipeline->{closure:{closure:Illuminate/Pipeline/Pipeline::carry():158}:159}(Object(Illuminate/Http/Request))
#27 D:/Kuliah/Semester 4/Pemweb/Projek/vendor/laravel/framework/src/Illuminate/Pipeline/Pipeline.php(183): Illuminate/Foundation/Http/Middleware/ValidatePostSize->handle(Object(Illuminate/Http/Request), Object(Closure))
#28 D:/Kuliah/Semester 4/Pemweb/Projek/vendor/laravel/framework/src/Illuminate/Foundation/Http/Middleware/PreventRequestsDuringMaintenance.php(99): Illuminate/Pipeline/Pipeline->{closure:{closure:Illuminate/Pipeline/Pipeline::carry():158}:159}(Object(Illuminate/Http/Request))
#29 D:/Kuliah/Semester 4/Pemweb/Projek/vendor/laravel/framework/src/Illuminate/Pipeline/Pipeline.php(183): Illuminate/Foundation/Http/Middleware/PreventRequestsDuringMaintenance->handle(Object(Illuminate/Http/Request), Object(Closure))
#30 D:/Kuliah/Semester 4/Pemweb/Projek/vendor/laravel/framework/src/Illuminate/Pipeline/Pipeline.php(119): Illuminate/Pipeline/Pipeline->{closure:{closure:Illuminate/Pipeline/Pipeline::carry():158}:159}(Object(Illuminate/Http/Request))
#31 D:/Kuliah/Semester 4/Pemweb/Projek/vendor/laravel/framework/src/Illuminate/Foundation/Http/Kernel.php(175): Illuminate/Pipeline/Pipeline->then(Object(Closure))
#32 D:/Kuliah/Semester 4/Pemweb/Projek/vendor/laravel/framework/src/Illuminate/Foundation/Http/Kernel.php(144): Illuminate/Foundation/Http/Kernel->sendRequestThroughRouter(Object(Illuminate/Http/Request))
#33 D:/Kuliah/Semester 4/Pemweb/Projek/public/index.php(20): Illuminate/Foundation/Http/Kernel->handle(Object(Illuminate/Http/Request))
#34 D:/Kuliah/Semester 4/Pemweb/Projek/vendor/laravel/framework/src/Illuminate/Foundation/resources/server.php(16): require_once('D://Kuliah//Semes...')
#35 {main}
"} 
[2026-05-20 14:33:25] laravel.ERROR: Session store not set on request. {"exception":"[object] (RuntimeException(code: 0): Session store not set on request. at D:/Kuliah/Semester 4/Pemweb/Projek/vendor/laravel/framework/src/Illuminate/Http/Request.php:560)
[stacktrace]
#0 D:/Kuliah/Semester 4/Pemweb/Projek/vendor/laravel/framework/src/Illuminate/View/Middleware/ShareErrorsFromSession.php(42): Illuminate/Http/Request->session()
#1 D:/Kuliah/Semester 4/Pemweb/Projek/vendor/laravel/framework/src/Illuminate/Pipeline/Pipeline.php(183): Illuminate/View/Middleware/ShareErrorsFromSession->handle(Object(Illuminate/Http/Request), Object(Closure))
#2 D:/Kuliah/Semester 4/Pemweb/Projek/vendor/laravel/framework/src/Illuminate/Session/Middleware/StartSession.php(54): Illuminate/Pipeline/Pipeline->{closure:{closure:Illuminate/Pipeline/Pipeline::carry():158}:159}(Object(Illuminate/Http/Request))
#3 D:/Kuliah/Semester 4/Pemweb/Projek/vendor/laravel/framework/src/Illuminate/Pipeline/Pipeline.php(183): Illuminate/Session/Middleware/StartSession->handle(Object(Illuminate/Http/Request), Object(Closure))
#4 D:/Kuliah/Semester 4/Pemweb/Projek/vendor/laravel/framework/src/Illuminate/Cookie/Middleware/AddQueuedCookiesToResponse.php(37): Illuminate/Pipeline/Pipeline->{closure:{closure:Illuminate/Pipeline/Pipeline::carry():158}:159}(Object(Illuminate/Http/Request))
#5 D:/Kuliah/Semester 4/Pemweb/Projek/vendor/laravel/framework/src/Illuminate/Pipeline/Pipeline.php(183): Illuminate/Cookie/Middleware/AddQueuedCookiesToResponse->handle(Object(Illuminate/Http/Request), Object(Closure))
#6 D:/Kuliah/Semester 4/Pemweb/Projek/vendor/laravel/framework/src/Illuminate/Cookie/Middleware/EncryptCookies.php(67): Illuminate/Pipeline/Pipeline->{closure:{closure:Illuminate/Pipeline/Pipeline::carry():158}:159}(Object(Illuminate/Http/Request))
#7 D:/Kuliah/Semester 4/Pemweb/Projek/vendor/laravel/framework/src/Illuminate/Pipeline/Pipeline.php(183): Illuminate/Cookie/Middleware/EncryptCookies->handle(Object(Illuminate/Http/Request), Object(Closure))
#8 D:/Kuliah/Semester 4/Pemweb/Projek/vendor/laravel/framework/src/Illuminate/Pipeline/Pipeline.php(119): Illuminate/Pipeline/Pipeline->{closure:{closure:Illuminate/Pipeline/Pipeline::carry():158}:159}(Object(Illuminate/Http/Request))
#9 D:/Kuliah/Semester 4/Pemweb/Projek/vendor/laravel/framework/src/Illuminate/Routing/Router.php(805): Illuminate/Pipeline/Pipeline->then(Object(Closure))
#10 D:/Kuliah/Semester 4/Pemweb/Projek/vendor/laravel/framework/src/Illuminate/Routing/Router.php(784): Illuminate/Routing/Router->runRouteWithinStack(Object(Illuminate/Routing/Route), Object(Illuminate/Http/Request))
#11 D:/Kuliah/Semester 4/Pemweb/Projek/vendor/laravel/framework/src/Illuminate/Routing/Router.php(748): Illuminate/Routing/Router->runRoute(Object(Illuminate/Http/Request), Object(Illuminate/Routing/Route))
#12 D:/Kuliah/Semester 4/Pemweb/Projek/vendor/laravel/framework/src/Illuminate/Routing/Router.php(737): Illuminate/Routing/Router->dispatchToRoute(Object(Illuminate/Http/Request))
#13 D:/Kuliah/Semester 4/Pemweb/Projek/vendor/laravel/framework/src/Illuminate/Foundation/Http/Kernel.php(200): Illuminate/Routing/Router->dispatch(Object(Illuminate/Http/Request))
#14 D:/Kuliah/Semester 4/Pemweb/Projek/vendor/laravel/framework/src/Illuminate/Pipeline/Pipeline.php(144): Illuminate/Foundation/Http/Kernel->{closure:Illuminate/Foundation/Http/Kernel::dispatchToRouter():197}(Object(Illuminate/Http/Request))
#15 D:/Kuliah/Semester 4/Pemweb/Projek/vendor/laravel/framework/src/Illuminate/Foundation/Http/Middleware/TransformsRequest.php(21): Illuminate/Pipeline/Pipeline->{closure:Illuminate/Pipeline/Pipeline::prepareDestination():142}(Object(Illuminate/Http/Request))
#16 D:/Kuliah/Semester 4/Pemweb/Projek/vendor/laravel/framework/src/Illuminate/Foundation/Http/Middleware/ConvertEmptyStringsToNull.php(31): Illuminate/Foundation/Http/Middleware/TransformsRequest->handle(Object(Illuminate/Http/Request), Object(Closure))
#17 D:/Kuliah/Semester 4/Pemweb/Projek/vendor/laravel/framework/src/Illuminate/Pipeline/Pipeline.php(183): Illuminate/Foundation/Http/Middleware/ConvertEmptyStringsToNull->handle(Object(Illuminate/Http/Request), Object(Closure))
#18 D:/Kuliah/Semester 4/Pemweb/Projek/vendor/laravel/framework/src/Illuminate/Foundation/Http/Middleware/TransformsRequest.php(21): Illuminate/Pipeline/Pipeline->{closure:{closure:Illuminate/Pipeline/Pipeline::carry():158}:159}(Object(Illuminate/Http/Request))
#19 D:/Kuliah/Semester 4/Pemweb/Projek/vendor/laravel/framework/src/Illuminate/Foundation/Http/Middleware/TrimStrings.php(40): Illuminate/Foundation/Http/Middleware/TransformsRequest->handle(Object(Illuminate/Http/Request), Object(Closure))
#20 D:/Kuliah/Semester 4/Pemweb/Projek/vendor/laravel/framework/src/Illuminate/Pipeline/Pipeline.php(183): Illuminate/Foundation/Http/Middleware/TrimStrings->handle(Object(Illuminate/Http/Request), Object(Closure))
#21 D:/Kuliah/Semester 4/Pemweb/Projek/vendor/laravel/framework/src/Illuminate/Foundation/Http/Middleware/ValidatePostSize.php(27): Illuminate/Pipeline/Pipeline->{closure:{closure:Illuminate/Pipeline/Pipeline::carry():158}:159}(Object(Illuminate/Http/Request))
#22 D:/Kuliah/Semester 4/Pemweb/Projek/vendor/laravel/framework/src/Illuminate/Pipeline/Pipeline.php(183): Illuminate/Foundation/Http/Middleware/ValidatePostSize->handle(Object(Illuminate/Http/Request), Object(Closure))
#23 D:/Kuliah/Semester 4/Pemweb/Projek/vendor/laravel/framework/src/Illuminate/Foundation/Http/Middleware/PreventRequestsDuringMaintenance.php(99): Illuminate/Pipeline/Pipeline->{closure:{closure:Illuminate/Pipeline/Pipeline::carry():158}:159}(Object(Illuminate/Http/Request))
#24 D:/Kuliah/Semester 4/Pemweb/Projek/vendor/laravel/framework/src/Illuminate/Pipeline/Pipeline.php(183): Illuminate/Foundation/Http/Middleware/PreventRequestsDuringMaintenance->handle(Object(Illuminate/Http/Request), Object(Closure))
#25 D:/Kuliah/Semester 4/Pemweb/Projek/vendor/laravel/framework/src/Illuminate/Pipeline/Pipeline.php(119): Illuminate/Pipeline/Pipeline->{closure:{closure:Illuminate/Pipeline/Pipeline::carry():158}:159}(Object(Illuminate/Http/Request))
#26 D:/Kuliah/Semester 4/Pemweb/Projek/vendor/laravel/framework/src/Illuminate/Foundation/Http/Kernel.php(175): Illuminate/Pipeline/Pipeline->then(Object(Closure))
#27 D:/Kuliah/Semester 4/Pemweb/Projek/vendor/laravel/framework/src/Illuminate/Foundation/Http/Kernel.php(144): Illuminate/Foundation/Http/Kernel->sendRequestThroughRouter(Object(Illuminate/Http/Request))
#28 D:/Kuliah/Semester 4/Pemweb/Projek/public/index.php(20): Illuminate/Foundation/Http/Kernel->handle(Object(Illuminate/Http/Request))
#29 D:/Kuliah/Semester 4/Pemweb/Projek/vendor/laravel/framework/src/Illuminate/Foundation/resources/server.php(16): require_once('D://Kuliah//Semes...')
#30 {main}
"} 
[2026-05-20 14:40:52] laravel.EMERGENCY: Unable to create configured logger. Using emergency logger. {"exception":"[object] (InvalidArgumentException(code: 0): Log [] is not defined. at D:/Kuliah/Semester 4/Pemweb/Projek/vendor/laravel/framework/src/Illuminate/Log/LogManager.php:212)
[stacktrace]
#0 D:/Kuliah/Semester 4/Pemweb/Projek/vendor/laravel/framework/src/Illuminate/Log/LogManager.php(137): Illuminate/Log/LogManager->resolve(NULL, NULL)
#1 D:/Kuliah/Semester 4/Pemweb/Projek/vendor/laravel/framework/src/Illuminate/Log/LogManager.php(124): Illuminate/Log/LogManager->get(NULL)
#2 D:/Kuliah/Semester 4/Pemweb/Projek/vendor/laravel/framework/src/Illuminate/Log/LogManager.php(681): Illuminate/Log/LogManager->driver()
#3 D:/Kuliah/Semester 4/Pemweb/Projek/vendor/laravel/framework/src/Illuminate/Foundation/Exceptions/Handler.php(317): Illuminate/Log/LogManager->error('Undefined varia...', Array)
#4 D:/Kuliah/Semester 4/Pemweb/Projek/vendor/laravel/framework/src/Illuminate/Foundation/Exceptions/Handler.php(278): Illuminate/Foundation/Exceptions/Handler->reportThrowable(Object(ErrorException))
#5 D:/Kuliah/Semester 4/Pemweb/Projek/vendor/laravel/framework/src/Illuminate/Routing/Pipeline.php(49): Illuminate/Foundation/Exceptions/Handler->report(Object(ErrorException))
#6 D:/Kuliah/Semester 4/Pemweb/Projek/vendor/laravel/framework/src/Illuminate/Pipeline/Pipeline.php(146): Illuminate/Routing/Pipeline->handleException(Object(Illuminate/Http/Request), Object(ErrorException))
#7 D:/Kuliah/Semester 4/Pemweb/Projek/vendor/laravel/framework/src/Illuminate/Routing/Middleware/SubstituteBindings.php(50): Illuminate/Pipeline/Pipeline->{closure:Illuminate/Pipeline/Pipeline::prepareDestination():142}(Object(Illuminate/Http/Request))
#8 D:/Kuliah/Semester 4/Pemweb/Projek/vendor/laravel/framework/src/Illuminate/Pipeline/Pipeline.php(183): Illuminate/Routing/Middleware/SubstituteBindings->handle(Object(Illuminate/Http/Request), Object(Closure))
#9 D:/Kuliah/Semester 4/Pemweb/Projek/vendor/laravel/framework/src/Illuminate/Foundation/Http/Middleware/VerifyCsrfToken.php(78): Illuminate/Pipeline/Pipeline->{closure:{closure:Illuminate/Pipeline/Pipeline::carry():158}:159}(Object(Illuminate/Http/Request))
#10 D:/Kuliah/Semester 4/Pemweb/Projek/vendor/laravel/framework/src/Illuminate/Pipeline/Pipeline.php(183): Illuminate/Foundation/Http/Middleware/VerifyCsrfToken->handle(Object(Illuminate/Http/Request), Object(Closure))
#11 D:/Kuliah/Semester 4/Pemweb/Projek/vendor/laravel/framework/src/Illuminate/View/Middleware/ShareErrorsFromSession.php(49): Illuminate/Pipeline/Pipeline->{closure:{closure:Illuminate/Pipeline/Pipeline::carry():158}:159}(Object(Illuminate/Http/Request))
#12 D:/Kuliah/Semester 4/Pemweb/Projek/vendor/laravel/framework/src/Illuminate/Pipeline/Pipeline.php(183): Illuminate/View/Middleware/ShareErrorsFromSession->handle(Object(Illuminate/Http/Request), Object(Closure))
#13 D:/Kuliah/Semester 4/Pemweb/Projek/vendor/laravel/framework/src/Illuminate/Session/Middleware/StartSession.php(121): Illuminate/Pipeline/Pipeline->{closure:{closure:Illuminate/Pipeline/Pipeline::carry():158}:159}(Object(Illuminate/Http/Request))
#14 D:/Kuliah/Semester 4/Pemweb/Projek/vendor/laravel/framework/src/Illuminate/Session/Middleware/StartSession.php(64): Illuminate/Session/Middleware/StartSession->handleStatefulRequest(Object(Illuminate/Http/Request), Object(Illuminate/Session/Store), Object(Closure))
#15 D:/Kuliah/Semester 4/Pemweb/Projek/vendor/laravel/framework/src/Illuminate/Pipeline/Pipeline.php(183): Illuminate/Session/Middleware/StartSession->handle(Object(Illuminate/Http/Request), Object(Closure))
#16 D:/Kuliah/Semester 4/Pemweb/Projek/vendor/laravel/framework/src/Illuminate/Cookie/Middleware/AddQueuedCookiesToResponse.php(37): Illuminate/Pipeline/Pipeline->{closure:{closure:Illuminate/Pipeline/Pipeline::carry():158}:159}(Object(Illuminate/Http/Request))
#17 D:/Kuliah/Semester 4/Pemweb/Projek/vendor/laravel/framework/src/Illuminate/Pipeline/Pipeline.php(183): Illuminate/Cookie/Middleware/AddQueuedCookiesToResponse->handle(Object(Illuminate/Http/Request), Object(Closure))
#18 D:/Kuliah/Semester 4/Pemweb/Projek/vendor/laravel/framework/src/Illuminate/Cookie/Middleware/EncryptCookies.php(67): Illuminate/Pipeline/Pipeline->{closure:{closure:Illuminate/Pipeline/Pipeline::carry():158}:159}(Object(Illuminate/Http/Request))
#19 D:/Kuliah/Semester 4/Pemweb/Projek/vendor/laravel/framework/src/Illuminate/Pipeline/Pipeline.php(183): Illuminate/Cookie/Middleware/EncryptCookies->handle(Object(Illuminate/Http/Request), Object(Closure))
#20 D:/Kuliah/Semester 4/Pemweb/Projek/vendor/laravel/framework/src/Illuminate/Pipeline/Pipeline.php(119): Illuminate/Pipeline/Pipeline->{closure:{closure:Illuminate/Pipeline/Pipeline::carry():158}:159}(Object(Illuminate/Http/Request))
#21 D:/Kuliah/Semester 4/Pemweb/Projek/vendor/laravel/framework/src/Illuminate/Routing/Router.php(805): Illuminate/Pipeline/Pipeline->then(Object(Closure))
#22 D:/Kuliah/Semester 4/Pemweb/Projek/vendor/laravel/framework/src/Illuminate/Routing/Router.php(784): Illuminate/Routing/Router->runRouteWithinStack(Object(Illuminate/Routing/Route), Object(Illuminate/Http/Request))
#23 D:/Kuliah/Semester 4/Pemweb/Projek/vendor/laravel/framework/src/Illuminate/Routing/Router.php(748): Illuminate/Routing/Router->runRoute(Object(Illuminate/Http/Request), Object(Illuminate/Routing/Route))
#24 D:/Kuliah/Semester 4/Pemweb/Projek/vendor/laravel/framework/src/Illuminate/Routing/Router.php(737): Illuminate/Routing/Router->dispatchToRoute(Object(Illuminate/Http/Request))
#25 D:/Kuliah/Semester 4/Pemweb/Projek/vendor/laravel/framework/src/Illuminate/Foundation/Http/Kernel.php(200): Illuminate/Routing/Router->dispatch(Object(Illuminate/Http/Request))
#26 D:/Kuliah/Semester 4/Pemweb/Projek/vendor/laravel/framework/src/Illuminate/Pipeline/Pipeline.php(144): Illuminate/Foundation/Http/Kernel->{closure:Illuminate/Foundation/Http/Kernel::dispatchToRouter():197}(Object(Illuminate/Http/Request))
#27 D:/Kuliah/Semester 4/Pemweb/Projek/vendor/laravel/framework/src/Illuminate/Foundation/Http/Middleware/TransformsRequest.php(21): Illuminate/Pipeline/Pipeline->{closure:Illuminate/Pipeline/Pipeline::prepareDestination():142}(Object(Illuminate/Http/Request))
#28 D:/Kuliah/Semester 4/Pemweb/Projek/vendor/laravel/framework/src/Illuminate/Foundation/Http/Middleware/ConvertEmptyStringsToNull.php(31): Illuminate/Foundation/Http/Middleware/TransformsRequest->handle(Object(Illuminate/Http/Request), Object(Closure))
#29 D:/Kuliah/Semester 4/Pemweb/Projek/vendor/laravel/framework/src/Illuminate/Pipeline/Pipeline.php(183): Illuminate/Foundation/Http/Middleware/ConvertEmptyStringsToNull->handle(Object(Illuminate/Http/Request), Object(Closure))
#30 D:/Kuliah/Semester 4/Pemweb/Projek/vendor/laravel/framework/src/Illuminate/Foundation/Http/Middleware/TransformsRequest.php(21): Illuminate/Pipeline/Pipeline->{closure:{closure:Illuminate/Pipeline/Pipeline::carry():158}:159}(Object(Illuminate/Http/Request))
#31 D:/Kuliah/Semester 4/Pemweb/Projek/vendor/laravel/framework/src/Illuminate/Foundation/Http/Middleware/TrimStrings.php(40): Illuminate/Foundation/Http/Middleware/TransformsRequest->handle(Object(Illuminate/Http/Request), Object(Closure))
#32 D:/Kuliah/Semester 4/Pemweb/Projek/vendor/laravel/framework/src/Illuminate/Pipeline/Pipeline.php(183): Illuminate/Foundation/Http/Middleware/TrimStrings->handle(Object(Illuminate/Http/Request), Object(Closure))
#33 D:/Kuliah/Semester 4/Pemweb/Projek/vendor/laravel/framework/src/Illuminate/Foundation/Http/Middleware/ValidatePostSize.php(27): Illuminate/Pipeline/Pipeline->{closure:{closure:Illuminate/Pipeline/Pipeline::carry():158}:159}(Object(Illuminate/Http/Request))
#34 D:/Kuliah/Semester 4/Pemweb/Projek/vendor/laravel/framework/src/Illuminate/Pipeline/Pipeline.php(183): Illuminate/Foundation/Http/Middleware/ValidatePostSize->handle(Object(Illuminate/Http/Request), Object(Closure))
#35 D:/Kuliah/Semester 4/Pemweb/Projek/vendor/laravel/framework/src/Illuminate/Foundation/Http/Middleware/PreventRequestsDuringMaintenance.php(99): Illuminate/Pipeline/Pipeline->{closure:{closure:Illuminate/Pipeline/Pipeline::carry():158}:159}(Object(Illuminate/Http/Request))
#36 D:/Kuliah/Semester 4/Pemweb/Projek/vendor/laravel/framework/src/Illuminate/Pipeline/Pipeline.php(183): Illuminate/Foundation/Http/Middleware/PreventRequestsDuringMaintenance->handle(Object(Illuminate/Http/Request), Object(Closure))
#37 D:/Kuliah/Semester 4/Pemweb/Projek/vendor/laravel/framework/src/Illuminate/Pipeline/Pipeline.php(119): Illuminate/Pipeline/Pipeline->{closure:{closure:Illuminate/Pipeline/Pipeline::carry():158}:159}(Object(Illuminate/Http/Request))
#38 D:/Kuliah/Semester 4/Pemweb/Projek/vendor/laravel/framework/src/Illuminate/Foundation/Http/Kernel.php(175): Illuminate/Pipeline/Pipeline->then(Object(Closure))
#39 D:/Kuliah/Semester 4/Pemweb/Projek/vendor/laravel/framework/src/Illuminate/Foundation/Http/Kernel.php(144): Illuminate/Foundation/Http/Kernel->sendRequestThroughRouter(Object(Illuminate/Http/Request))
#40 D:/Kuliah/Semester 4/Pemweb/Projek/public/index.php(20): Illuminate/Foundation/Http/Kernel->handle(Object(Illuminate/Http/Request))
#41 D:/Kuliah/Semester 4/Pemweb/Projek/vendor/laravel/framework/src/Illuminate/Foundation/resources/server.php(16): require_once('D://Kuliah//Semes...')
#42 {main}
"} 
[2026-05-20 14:40:52] laravel.ERROR: Undefined variable $data {"exception":"[object] (ErrorException(code: 0): Undefined variable $data at D:/Kuliah/Semester 4/Pemweb/Projek/views/templates/header.php:35)
[stacktrace]
#0 D:/Kuliah/Semester 4/Pemweb/Projek/vendor/laravel/framework/src/Illuminate/Foundation/Bootstrap/HandleExceptions.php(255): Illuminate/Foundation/Bootstrap/HandleExceptions->handleError(2, 'Undefined varia...', 'D://Kuliah//Semes...', 35)
#1 D:/Kuliah/Semester 4/Pemweb/Projek/views/templates/header.php(35): Illuminate/Foundation/Bootstrap/HandleExceptions->{closure:Illuminate/Foundation/Bootstrap/HandleExceptions::forwardsTo():254}(2, 'Undefined varia...', 'D://Kuliah//Semes...', 35)
#2 D:/Kuliah/Semester 4/Pemweb/Projek/vendor/laravel/framework/src/Illuminate/Filesystem/Filesystem.php(123): require('D://Kuliah//Semes...')
#3 D:/Kuliah/Semester 4/Pemweb/Projek/vendor/laravel/framework/src/Illuminate/Filesystem/Filesystem.php(124): Illuminate/Filesystem/Filesystem::{closure:Illuminate/Filesystem/Filesystem::getRequire():120}()
#4 D:/Kuliah/Semester 4/Pemweb/Projek/vendor/laravel/framework/src/Illuminate/View/Engines/PhpEngine.php(58): Illuminate/Filesystem/Filesystem->getRequire('D://Kuliah//Semes...', Array)
#5 D:/Kuliah/Semester 4/Pemweb/Projek/vendor/laravel/framework/src/Illuminate/View/Engines/PhpEngine.php(38): Illuminate/View/Engines/PhpEngine->evaluatePath('D://Kuliah//Semes...', Array)
#6 D:/Kuliah/Semester 4/Pemweb/Projek/vendor/laravel/framework/src/Illuminate/View/View.php(207): Illuminate/View/Engines/PhpEngine->get('D://Kuliah//Semes...', Array)
#7 D:/Kuliah/Semester 4/Pemweb/Projek/vendor/laravel/framework/src/Illuminate/View/View.php(190): Illuminate/View/View->getContents()
#8 D:/Kuliah/Semester 4/Pemweb/Projek/vendor/laravel/framework/src/Illuminate/View/View.php(159): Illuminate/View/View->renderContents()
#9 D:/Kuliah/Semester 4/Pemweb/Projek/vendor/laravel/framework/src/Illuminate/View/View.php(504): Illuminate/View/View->render()
#10 D:/Kuliah/Semester 4/Pemweb/Projek/app/Http/Controllers/Home.php(20): Illuminate/View/View->__toString()
#11 D:/Kuliah/Semester 4/Pemweb/Projek/vendor/laravel/framework/src/Illuminate/Routing/Controller.php(54): App/Http/Controllers/Home->index()
#12 D:/Kuliah/Semester 4/Pemweb/Projek/vendor/laravel/framework/src/Illuminate/Routing/ControllerDispatcher.php(43): Illuminate/Routing/Controller->callAction('index', Array)
#13 D:/Kuliah/Semester 4/Pemweb/Projek/vendor/laravel/framework/src/Illuminate/Routing/Route.php(259): Illuminate/Routing/ControllerDispatcher->dispatch(Object(Illuminate/Routing/Route), Object(App/Http/Controllers/Home), 'index')
#14 D:/Kuliah/Semester 4/Pemweb/Projek/vendor/laravel/framework/src/Illuminate/Routing/Route.php(205): Illuminate/Routing/Route->runController()
#15 D:/Kuliah/Semester 4/Pemweb/Projek/vendor/laravel/framework/src/Illuminate/Routing/Router.php(806): Illuminate/Routing/Route->run()
#16 D:/Kuliah/Semester 4/Pemweb/Projek/vendor/laravel/framework/src/Illuminate/Pipeline/Pipeline.php(144): Illuminate/Routing/Router->{closure:Illuminate/Routing/Router::runRouteWithinStack():805}(Object(Illuminate/Http/Request))
#17 D:/Kuliah/Semester 4/Pemweb/Projek/vendor/laravel/framework/src/Illuminate/Routing/Middleware/SubstituteBindings.php(50): Illuminate/Pipeline/Pipeline->{closure:Illuminate/Pipeline/Pipeline::prepareDestination():142}(Object(Illuminate/Http/Request))
#18 D:/Kuliah/Semester 4/Pemweb/Projek/vendor/laravel/framework/src/Illuminate/Pipeline/Pipeline.php(183): Illuminate/Routing/Middleware/SubstituteBindings->handle(Object(Illuminate/Http/Request), Object(Closure))
#19 D:/Kuliah/Semester 4/Pemweb/Projek/vendor/laravel/framework/src/Illuminate/Foundation/Http/Middleware/VerifyCsrfToken.php(78): Illuminate/Pipeline/Pipeline->{closure:{closure:Illuminate/Pipeline/Pipeline::carry():158}:159}(Object(Illuminate/Http/Request))
#20 D:/Kuliah/Semester 4/Pemweb/Projek/vendor/laravel/framework/src/Illuminate/Pipeline/Pipeline.php(183): Illuminate/Foundation/Http/Middleware/VerifyCsrfToken->handle(Object(Illuminate/Http/Request), Object(Closure))
#21 D:/Kuliah/Semester 4/Pemweb/Projek/vendor/laravel/framework/src/Illuminate/View/Middleware/ShareErrorsFromSession.php(49): Illuminate/Pipeline/Pipeline->{closure:{closure:Illuminate/Pipeline/Pipeline::carry():158}:159}(Object(Illuminate/Http/Request))
#22 D:/Kuliah/Semester 4/Pemweb/Projek/vendor/laravel/framework/src/Illuminate/Pipeline/Pipeline.php(183): Illuminate/View/Middleware/ShareErrorsFromSession->handle(Object(Illuminate/Http/Request), Object(Closure))
#23 D:/Kuliah/Semester 4/Pemweb/Projek/vendor/laravel/framework/src/Illuminate/Session/Middleware/StartSession.php(121): Illuminate/Pipeline/Pipeline->{closure:{closure:Illuminate/Pipeline/Pipeline::carry():158}:159}(Object(Illuminate/Http/Request))
#24 D:/Kuliah/Semester 4/Pemweb/Projek/vendor/laravel/framework/src/Illuminate/Session/Middleware/StartSession.php(64): Illuminate/Session/Middleware/StartSession->handleStatefulRequest(Object(Illuminate/Http/Request), Object(Illuminate/Session/Store), Object(Closure))
#25 D:/Kuliah/Semester 4/Pemweb/Projek/vendor/laravel/framework/src/Illuminate/Pipeline/Pipeline.php(183): Illuminate/Session/Middleware/StartSession->handle(Object(Illuminate/Http/Request), Object(Closure))
#26 D:/Kuliah/Semester 4/Pemweb/Projek/vendor/laravel/framework/src/Illuminate/Cookie/Middleware/AddQueuedCookiesToResponse.php(37): Illuminate/Pipeline/Pipeline->{closure:{closure:Illuminate/Pipeline/Pipeline::carry():158}:159}(Object(Illuminate/Http/Request))
#27 D:/Kuliah/Semester 4/Pemweb/Projek/vendor/laravel/framework/src/Illuminate/Pipeline/Pipeline.php(183): Illuminate/Cookie/Middleware/AddQueuedCookiesToResponse->handle(Object(Illuminate/Http/Request), Object(Closure))
#28 D:/Kuliah/Semester 4/Pemweb/Projek/vendor/laravel/framework/src/Illuminate/Cookie/Middleware/EncryptCookies.php(67): Illuminate/Pipeline/Pipeline->{closure:{closure:Illuminate/Pipeline/Pipeline::carry():158}:159}(Object(Illuminate/Http/Request))
#29 D:/Kuliah/Semester 4/Pemweb/Projek/vendor/laravel/framework/src/Illuminate/Pipeline/Pipeline.php(183): Illuminate/Cookie/Middleware/EncryptCookies->handle(Object(Illuminate/Http/Request), Object(Closure))
#30 D:/Kuliah/Semester 4/Pemweb/Projek/vendor/laravel/framework/src/Illuminate/Pipeline/Pipeline.php(119): Illuminate/Pipeline/Pipeline->{closure:{closure:Illuminate/Pipeline/Pipeline::carry():158}:159}(Object(Illuminate/Http/Request))
#31 D:/Kuliah/Semester 4/Pemweb/Projek/vendor/laravel/framework/src/Illuminate/Routing/Router.php(805): Illuminate/Pipeline/Pipeline->then(Object(Closure))
#32 D:/Kuliah/Semester 4/Pemweb/Projek/vendor/laravel/framework/src/Illuminate/Routing/Router.php(784): Illuminate/Routing/Router->runRouteWithinStack(Object(Illuminate/Routing/Route), Object(Illuminate/Http/Request))
#33 D:/Kuliah/Semester 4/Pemweb/Projek/vendor/laravel/framework/src/Illuminate/Routing/Router.php(748): Illuminate/Routing/Router->runRoute(Object(Illuminate/Http/Request), Object(Illuminate/Routing/Route))
#34 D:/Kuliah/Semester 4/Pemweb/Projek/vendor/laravel/framework/src/Illuminate/Routing/Router.php(737): Illuminate/Routing/Router->dispatchToRoute(Object(Illuminate/Http/Request))
#35 D:/Kuliah/Semester 4/Pemweb/Projek/vendor/laravel/framework/src/Illuminate/Foundation/Http/Kernel.php(200): Illuminate/Routing/Router->dispatch(Object(Illuminate/Http/Request))
#36 D:/Kuliah/Semester 4/Pemweb/Projek/vendor/laravel/framework/src/Illuminate/Pipeline/Pipeline.php(144): Illuminate/Foundation/Http/Kernel->{closure:Illuminate/Foundation/Http/Kernel::dispatchToRouter():197}(Object(Illuminate/Http/Request))
#37 D:/Kuliah/Semester 4/Pemweb/Projek/vendor/laravel/framework/src/Illuminate/Foundation/Http/Middleware/TransformsRequest.php(21): Illuminate/Pipeline/Pipeline->{closure:Illuminate/Pipeline/Pipeline::prepareDestination():142}(Object(Illuminate/Http/Request))
#38 D:/Kuliah/Semester 4/Pemweb/Projek/vendor/laravel/framework/src/Illuminate/Foundation/Http/Middleware/ConvertEmptyStringsToNull.php(31): Illuminate/Foundation/Http/Middleware/TransformsRequest->handle(Object(Illuminate/Http/Request), Object(Closure))
#39 D:/Kuliah/Semester 4/Pemweb/Projek/vendor/laravel/framework/src/Illuminate/Pipeline/Pipeline.php(183): Illuminate/Foundation/Http/Middleware/ConvertEmptyStringsToNull->handle(Object(Illuminate/Http/Request), Object(Closure))
#40 D:/Kuliah/Semester 4/Pemweb/Projek/vendor/laravel/framework/src/Illuminate/Foundation/Http/Middleware/TransformsRequest.php(21): Illuminate/Pipeline/Pipeline->{closure:{closure:Illuminate/Pipeline/Pipeline::carry():158}:159}(Object(Illuminate/Http/Request))
#41 D:/Kuliah/Semester 4/Pemweb/Projek/vendor/laravel/framework/src/Illuminate/Foundation/Http/Middleware/TrimStrings.php(40): Illuminate/Foundation/Http/Middleware/TransformsRequest->handle(Object(Illuminate/Http/Request), Object(Closure))
#42 D:/Kuliah/Semester 4/Pemweb/Projek/vendor/laravel/framework/src/Illuminate/Pipeline/Pipeline.php(183): Illuminate/Foundation/Http/Middleware/TrimStrings->handle(Object(Illuminate/Http/Request), Object(Closure))
#43 D:/Kuliah/Semester 4/Pemweb/Projek/vendor/laravel/framework/src/Illuminate/Foundation/Http/Middleware/ValidatePostSize.php(27): Illuminate/Pipeline/Pipeline->{closure:{closure:Illuminate/Pipeline/Pipeline::carry():158}:159}(Object(Illuminate/Http/Request))
#44 D:/Kuliah/Semester 4/Pemweb/Projek/vendor/laravel/framework/src/Illuminate/Pipeline/Pipeline.php(183): Illuminate/Foundation/Http/Middleware/ValidatePostSize->handle(Object(Illuminate/Http/Request), Object(Closure))
#45 D:/Kuliah/Semester 4/Pemweb/Projek/vendor/laravel/framework/src/Illuminate/Foundation/Http/Middleware/PreventRequestsDuringMaintenance.php(99): Illuminate/Pipeline/Pipeline->{closure:{closure:Illuminate/Pipeline/Pipeline::carry():158}:159}(Object(Illuminate/Http/Request))
#46 D:/Kuliah/Semester 4/Pemweb/Projek/vendor/laravel/framework/src/Illuminate/Pipeline/Pipeline.php(183): Illuminate/Foundation/Http/Middleware/PreventRequestsDuringMaintenance->handle(Object(Illuminate/Http/Request), Object(Closure))
#47 D:/Kuliah/Semester 4/Pemweb/Projek/vendor/laravel/framework/src/Illuminate/Pipeline/Pipeline.php(119): Illuminate/Pipeline/Pipeline->{closure:{closure:Illuminate/Pipeline/Pipeline::carry():158}:159}(Object(Illuminate/Http/Request))
#48 D:/Kuliah/Semester 4/Pemweb/Projek/vendor/laravel/framework/src/Illuminate/Foundation/Http/Kernel.php(175): Illuminate/Pipeline/Pipeline->then(Object(Closure))
#49 D:/Kuliah/Semester 4/Pemweb/Projek/vendor/laravel/framework/src/Illuminate/Foundation/Http/Kernel.php(144): Illuminate/Foundation/Http/Kernel->sendRequestThroughRouter(Object(Illuminate/Http/Request))
#50 D:/Kuliah/Semester 4/Pemweb/Projek/public/index.php(20): Illuminate/Foundation/Http/Kernel->handle(Object(Illuminate/Http/Request))
#51 D:/Kuliah/Semester 4/Pemweb/Projek/vendor/laravel/framework/src/Illuminate/Foundation/resources/server.php(16): require_once('D://Kuliah//Semes...')
#52 {main}
"} 
[2026-05-20 14:55:29] laravel.EMERGENCY: Unable to create configured logger. Using emergency logger. {"exception":"[object] (InvalidArgumentException(code: 0): Log [] is not defined. at D:/Kuliah/Semester 4/Pemweb/Projek/vendor/laravel/framework/src/Illuminate/Log/LogManager.php:212)
[stacktrace]
#0 D:/Kuliah/Semester 4/Pemweb/Projek/vendor/laravel/framework/src/Illuminate/Log/LogManager.php(137): Illuminate/Log/LogManager->resolve(NULL, NULL)
#1 D:/Kuliah/Semester 4/Pemweb/Projek/vendor/laravel/framework/src/Illuminate/Log/LogManager.php(124): Illuminate/Log/LogManager->get(NULL)
#2 D:/Kuliah/Semester 4/Pemweb/Projek/vendor/laravel/framework/src/Illuminate/Log/LogManager.php(681): Illuminate/Log/LogManager->driver()
#3 D:/Kuliah/Semester 4/Pemweb/Projek/vendor/laravel/framework/src/Illuminate/Foundation/Exceptions/Handler.php(317): Illuminate/Log/LogManager->error('Model AkunModel...', Array)
#4 D:/Kuliah/Semester 4/Pemweb/Projek/vendor/laravel/framework/src/Illuminate/Foundation/Exceptions/Handler.php(278): Illuminate/Foundation/Exceptions/Handler->reportThrowable(Object(Exception))
#5 D:/Kuliah/Semester 4/Pemweb/Projek/vendor/laravel/framework/src/Illuminate/Routing/Pipeline.php(49): Illuminate/Foundation/Exceptions/Handler->report(Object(Exception))
#6 D:/Kuliah/Semester 4/Pemweb/Projek/vendor/laravel/framework/src/Illuminate/Pipeline/Pipeline.php(146): Illuminate/Routing/Pipeline->handleException(Object(Illuminate/Http/Request), Object(Exception))
#7 D:/Kuliah/Semester 4/Pemweb/Projek/vendor/laravel/framework/src/Illuminate/Routing/Middleware/SubstituteBindings.php(50): Illuminate/Pipeline/Pipeline->{closure:Illuminate/Pipeline/Pipeline::prepareDestination():142}(Object(Illuminate/Http/Request))
#8 D:/Kuliah/Semester 4/Pemweb/Projek/vendor/laravel/framework/src/Illuminate/Pipeline/Pipeline.php(183): Illuminate/Routing/Middleware/SubstituteBindings->handle(Object(Illuminate/Http/Request), Object(Closure))
#9 D:/Kuliah/Semester 4/Pemweb/Projek/vendor/laravel/framework/src/Illuminate/Foundation/Http/Middleware/VerifyCsrfToken.php(78): Illuminate/Pipeline/Pipeline->{closure:{closure:Illuminate/Pipeline/Pipeline::carry():158}:159}(Object(Illuminate/Http/Request))
#10 D:/Kuliah/Semester 4/Pemweb/Projek/vendor/laravel/framework/src/Illuminate/Pipeline/Pipeline.php(183): Illuminate/Foundation/Http/Middleware/VerifyCsrfToken->handle(Object(Illuminate/Http/Request), Object(Closure))
#11 D:/Kuliah/Semester 4/Pemweb/Projek/vendor/laravel/framework/src/Illuminate/View/Middleware/ShareErrorsFromSession.php(49): Illuminate/Pipeline/Pipeline->{closure:{closure:Illuminate/Pipeline/Pipeline::carry():158}:159}(Object(Illuminate/Http/Request))
#12 D:/Kuliah/Semester 4/Pemweb/Projek/vendor/laravel/framework/src/Illuminate/Pipeline/Pipeline.php(183): Illuminate/View/Middleware/ShareErrorsFromSession->handle(Object(Illuminate/Http/Request), Object(Closure))
#13 D:/Kuliah/Semester 4/Pemweb/Projek/vendor/laravel/framework/src/Illuminate/Session/Middleware/StartSession.php(121): Illuminate/Pipeline/Pipeline->{closure:{closure:Illuminate/Pipeline/Pipeline::carry():158}:159}(Object(Illuminate/Http/Request))
#14 D:/Kuliah/Semester 4/Pemweb/Projek/vendor/laravel/framework/src/Illuminate/Session/Middleware/StartSession.php(64): Illuminate/Session/Middleware/StartSession->handleStatefulRequest(Object(Illuminate/Http/Request), Object(Illuminate/Session/Store), Object(Closure))
#15 D:/Kuliah/Semester 4/Pemweb/Projek/vendor/laravel/framework/src/Illuminate/Pipeline/Pipeline.php(183): Illuminate/Session/Middleware/StartSession->handle(Object(Illuminate/Http/Request), Object(Closure))
#16 D:/Kuliah/Semester 4/Pemweb/Projek/vendor/laravel/framework/src/Illuminate/Cookie/Middleware/AddQueuedCookiesToResponse.php(37): Illuminate/Pipeline/Pipeline->{closure:{closure:Illuminate/Pipeline/Pipeline::carry():158}:159}(Object(Illuminate/Http/Request))
#17 D:/Kuliah/Semester 4/Pemweb/Projek/vendor/laravel/framework/src/Illuminate/Pipeline/Pipeline.php(183): Illuminate/Cookie/Middleware/AddQueuedCookiesToResponse->handle(Object(Illuminate/Http/Request), Object(Closure))
#18 D:/Kuliah/Semester 4/Pemweb/Projek/vendor/laravel/framework/src/Illuminate/Cookie/Middleware/EncryptCookies.php(67): Illuminate/Pipeline/Pipeline->{closure:{closure:Illuminate/Pipeline/Pipeline::carry():158}:159}(Object(Illuminate/Http/Request))
#19 D:/Kuliah/Semester 4/Pemweb/Projek/vendor/laravel/framework/src/Illuminate/Pipeline/Pipeline.php(183): Illuminate/Cookie/Middleware/EncryptCookies->handle(Object(Illuminate/Http/Request), Object(Closure))
#20 D:/Kuliah/Semester 4/Pemweb/Projek/vendor/laravel/framework/src/Illuminate/Pipeline/Pipeline.php(119): Illuminate/Pipeline/Pipeline->{closure:{closure:Illuminate/Pipeline/Pipeline::carry():158}:159}(Object(Illuminate/Http/Request))
#21 D:/Kuliah/Semester 4/Pemweb/Projek/vendor/laravel/framework/src/Illuminate/Routing/Router.php(805): Illuminate/Pipeline/Pipeline->then(Object(Closure))
#22 D:/Kuliah/Semester 4/Pemweb/Projek/vendor/laravel/framework/src/Illuminate/Routing/Router.php(784): Illuminate/Routing/Router->runRouteWithinStack(Object(Illuminate/Routing/Route), Object(Illuminate/Http/Request))
#23 D:/Kuliah/Semester 4/Pemweb/Projek/vendor/laravel/framework/src/Illuminate/Routing/Router.php(748): Illuminate/Routing/Router->runRoute(Object(Illuminate/Http/Request), Object(Illuminate/Routing/Route))
#24 D:/Kuliah/Semester 4/Pemweb/Projek/vendor/laravel/framework/src/Illuminate/Routing/Router.php(737): Illuminate/Routing/Router->dispatchToRoute(Object(Illuminate/Http/Request))
#25 D:/Kuliah/Semester 4/Pemweb/Projek/vendor/laravel/framework/src/Illuminate/Foundation/Http/Kernel.php(200): Illuminate/Routing/Router->dispatch(Object(Illuminate/Http/Request))
#26 D:/Kuliah/Semester 4/Pemweb/Projek/vendor/laravel/framework/src/Illuminate/Pipeline/Pipeline.php(144): Illuminate/Foundation/Http/Kernel->{closure:Illuminate/Foundation/Http/Kernel::dispatchToRouter():197}(Object(Illuminate/Http/Request))
#27 D:/Kuliah/Semester 4/Pemweb/Projek/vendor/laravel/framework/src/Illuminate/Foundation/Http/Middleware/TransformsRequest.php(21): Illuminate/Pipeline/Pipeline->{closure:Illuminate/Pipeline/Pipeline::prepareDestination():142}(Object(Illuminate/Http/Request))
#28 D:/Kuliah/Semester 4/Pemweb/Projek/vendor/laravel/framework/src/Illuminate/Foundation/Http/Middleware/ConvertEmptyStringsToNull.php(31): Illuminate/Foundation/Http/Middleware/TransformsRequest->handle(Object(Illuminate/Http/Request), Object(Closure))
#29 D:/Kuliah/Semester 4/Pemweb/Projek/vendor/laravel/framework/src/Illuminate/Pipeline/Pipeline.php(183): Illuminate/Foundation/Http/Middleware/ConvertEmptyStringsToNull->handle(Object(Illuminate/Http/Request), Object(Closure))
#30 D:/Kuliah/Semester 4/Pemweb/Projek/vendor/laravel/framework/src/Illuminate/Foundation/Http/Middleware/TransformsRequest.php(21): Illuminate/Pipeline/Pipeline->{closure:{closure:Illuminate/Pipeline/Pipeline::carry():158}:159}(Object(Illuminate/Http/Request))
#31 D:/Kuliah/Semester 4/Pemweb/Projek/vendor/laravel/framework/src/Illuminate/Foundation/Http/Middleware/TrimStrings.php(40): Illuminate/Foundation/Http/Middleware/TransformsRequest->handle(Object(Illuminate/Http/Request), Object(Closure))
#32 D:/Kuliah/Semester 4/Pemweb/Projek/vendor/laravel/framework/src/Illuminate/Pipeline/Pipeline.php(183): Illuminate/Foundation/Http/Middleware/TrimStrings->handle(Object(Illuminate/Http/Request), Object(Closure))
#33 D:/Kuliah/Semester 4/Pemweb/Projek/vendor/laravel/framework/src/Illuminate/Foundation/Http/Middleware/ValidatePostSize.php(27): Illuminate/Pipeline/Pipeline->{closure:{closure:Illuminate/Pipeline/Pipeline::carry():158}:159}(Object(Illuminate/Http/Request))
#34 D:/Kuliah/Semester 4/Pemweb/Projek/vendor/laravel/framework/src/Illuminate/Pipeline/Pipeline.php(183): Illuminate/Foundation/Http/Middleware/ValidatePostSize->handle(Object(Illuminate/Http/Request), Object(Closure))
#35 D:/Kuliah/Semester 4/Pemweb/Projek/vendor/laravel/framework/src/Illuminate/Foundation/Http/Middleware/PreventRequestsDuringMaintenance.php(99): Illuminate/Pipeline/Pipeline->{closure:{closure:Illuminate/Pipeline/Pipeline::carry():158}:159}(Object(Illuminate/Http/Request))
#36 D:/Kuliah/Semester 4/Pemweb/Projek/vendor/laravel/framework/src/Illuminate/Pipeline/Pipeline.php(183): Illuminate/Foundation/Http/Middleware/PreventRequestsDuringMaintenance->handle(Object(Illuminate/Http/Request), Object(Closure))
#37 D:/Kuliah/Semester 4/Pemweb/Projek/vendor/laravel/framework/src/Illuminate/Pipeline/Pipeline.php(119): Illuminate/Pipeline/Pipeline->{closure:{closure:Illuminate/Pipeline/Pipeline::carry():158}:159}(Object(Illuminate/Http/Request))
#38 D:/Kuliah/Semester 4/Pemweb/Projek/vendor/laravel/framework/src/Illuminate/Foundation/Http/Kernel.php(175): Illuminate/Pipeline/Pipeline->then(Object(Closure))
#39 D:/Kuliah/Semester 4/Pemweb/Projek/vendor/laravel/framework/src/Illuminate/Foundation/Http/Kernel.php(144): Illuminate/Foundation/Http/Kernel->sendRequestThroughRouter(Object(Illuminate/Http/Request))
#40 D:/Kuliah/Semester 4/Pemweb/Projek/public/index.php(20): Illuminate/Foundation/Http/Kernel->handle(Object(Illuminate/Http/Request))
#41 D:/Kuliah/Semester 4/Pemweb/Projek/vendor/laravel/framework/src/Illuminate/Foundation/resources/server.php(16): require_once('D://Kuliah//Semes...')
#42 {main}
"} 
[2026-05-20 14:55:29] laravel.ERROR: Model AkunModel not found {"exception":"[object] (Exception(code: 0): Model AkunModel not found at D:/Kuliah/Semester 4/Pemweb/Projek/app/Http/Controllers/Controller.php:52)
[stacktrace]
#0 D:/Kuliah/Semester 4/Pemweb/Projek/app/Http/Controllers/Login.php(19): App/Http/Controllers/Controller->model('AkunModel')
#1 D:/Kuliah/Semester 4/Pemweb/Projek/vendor/laravel/framework/src/Illuminate/Routing/Controller.php(54): App/Http/Controllers/Login->index(Object(Illuminate/Http/Request))
#2 D:/Kuliah/Semester 4/Pemweb/Projek/vendor/laravel/framework/src/Illuminate/Routing/ControllerDispatcher.php(43): Illuminate/Routing/Controller->callAction('index', Array)
#3 D:/Kuliah/Semester 4/Pemweb/Projek/vendor/laravel/framework/src/Illuminate/Routing/Route.php(259): Illuminate/Routing/ControllerDispatcher->dispatch(Object(Illuminate/Routing/Route), Object(App/Http/Controllers/Login), 'index')
#4 D:/Kuliah/Semester 4/Pemweb/Projek/vendor/laravel/framework/src/Illuminate/Routing/Route.php(205): Illuminate/Routing/Route->runController()
#5 D:/Kuliah/Semester 4/Pemweb/Projek/vendor/laravel/framework/src/Illuminate/Routing/Router.php(806): Illuminate/Routing/Route->run()
#6 D:/Kuliah/Semester 4/Pemweb/Projek/vendor/laravel/framework/src/Illuminate/Pipeline/Pipeline.php(144): Illuminate/Routing/Router->{closure:Illuminate/Routing/Router::runRouteWithinStack():805}(Object(Illuminate/Http/Request))
#7 D:/Kuliah/Semester 4/Pemweb/Projek/vendor/laravel/framework/src/Illuminate/Routing/Middleware/SubstituteBindings.php(50): Illuminate/Pipeline/Pipeline->{closure:Illuminate/Pipeline/Pipeline::prepareDestination():142}(Object(Illuminate/Http/Request))
#8 D:/Kuliah/Semester 4/Pemweb/Projek/vendor/laravel/framework/src/Illuminate/Pipeline/Pipeline.php(183): Illuminate/Routing/Middleware/SubstituteBindings->handle(Object(Illuminate/Http/Request), Object(Closure))
#9 D:/Kuliah/Semester 4/Pemweb/Projek/vendor/laravel/framework/src/Illuminate/Foundation/Http/Middleware/VerifyCsrfToken.php(78): Illuminate/Pipeline/Pipeline->{closure:{closure:Illuminate/Pipeline/Pipeline::carry():158}:159}(Object(Illuminate/Http/Request))
#10 D:/Kuliah/Semester 4/Pemweb/Projek/vendor/laravel/framework/src/Illuminate/Pipeline/Pipeline.php(183): Illuminate/Foundation/Http/Middleware/VerifyCsrfToken->handle(Object(Illuminate/Http/Request), Object(Closure))
#11 D:/Kuliah/Semester 4/Pemweb/Projek/vendor/laravel/framework/src/Illuminate/View/Middleware/ShareErrorsFromSession.php(49): Illuminate/Pipeline/Pipeline->{closure:{closure:Illuminate/Pipeline/Pipeline::carry():158}:159}(Object(Illuminate/Http/Request))
#12 D:/Kuliah/Semester 4/Pemweb/Projek/vendor/laravel/framework/src/Illuminate/Pipeline/Pipeline.php(183): Illuminate/View/Middleware/ShareErrorsFromSession->handle(Object(Illuminate/Http/Request), Object(Closure))
#13 D:/Kuliah/Semester 4/Pemweb/Projek/vendor/laravel/framework/src/Illuminate/Session/Middleware/StartSession.php(121): Illuminate/Pipeline/Pipeline->{closure:{closure:Illuminate/Pipeline/Pipeline::carry():158}:159}(Object(Illuminate/Http/Request))
#14 D:/Kuliah/Semester 4/Pemweb/Projek/vendor/laravel/framework/src/Illuminate/Session/Middleware/StartSession.php(64): Illuminate/Session/Middleware/StartSession->handleStatefulRequest(Object(Illuminate/Http/Request), Object(Illuminate/Session/Store), Object(Closure))
#15 D:/Kuliah/Semester 4/Pemweb/Projek/vendor/laravel/framework/src/Illuminate/Pipeline/Pipeline.php(183): Illuminate/Session/Middleware/StartSession->handle(Object(Illuminate/Http/Request), Object(Closure))
#16 D:/Kuliah/Semester 4/Pemweb/Projek/vendor/laravel/framework/src/Illuminate/Cookie/Middleware/AddQueuedCookiesToResponse.php(37): Illuminate/Pipeline/Pipeline->{closure:{closure:Illuminate/Pipeline/Pipeline::carry():158}:159}(Object(Illuminate/Http/Request))
#17 D:/Kuliah/Semester 4/Pemweb/Projek/vendor/laravel/framework/src/Illuminate/Pipeline/Pipeline.php(183): Illuminate/Cookie/Middleware/AddQueuedCookiesToResponse->handle(Object(Illuminate/Http/Request), Object(Closure))
#18 D:/Kuliah/Semester 4/Pemweb/Projek/vendor/laravel/framework/src/Illuminate/Cookie/Middleware/EncryptCookies.php(67): Illuminate/Pipeline/Pipeline->{closure:{closure:Illuminate/Pipeline/Pipeline::carry():158}:159}(Object(Illuminate/Http/Request))
#19 D:/Kuliah/Semester 4/Pemweb/Projek/vendor/laravel/framework/src/Illuminate/Pipeline/Pipeline.php(183): Illuminate/Cookie/Middleware/EncryptCookies->handle(Object(Illuminate/Http/Request), Object(Closure))
#20 D:/Kuliah/Semester 4/Pemweb/Projek/vendor/laravel/framework/src/Illuminate/Pipeline/Pipeline.php(119): Illuminate/Pipeline/Pipeline->{closure:{closure:Illuminate/Pipeline/Pipeline::carry():158}:159}(Object(Illuminate/Http/Request))
#21 D:/Kuliah/Semester 4/Pemweb/Projek/vendor/laravel/framework/src/Illuminate/Routing/Router.php(805): Illuminate/Pipeline/Pipeline->then(Object(Closure))
#22 D:/Kuliah/Semester 4/Pemweb/Projek/vendor/laravel/framework/src/Illuminate/Routing/Router.php(784): Illuminate/Routing/Router->runRouteWithinStack(Object(Illuminate/Routing/Route), Object(Illuminate/Http/Request))
#23 D:/Kuliah/Semester 4/Pemweb/Projek/vendor/laravel/framework/src/Illuminate/Routing/Router.php(748): Illuminate/Routing/Router->runRoute(Object(Illuminate/Http/Request), Object(Illuminate/Routing/Route))
#24 D:/Kuliah/Semester 4/Pemweb/Projek/vendor/laravel/framework/src/Illuminate/Routing/Router.php(737): Illuminate/Routing/Router->dispatchToRoute(Object(Illuminate/Http/Request))
#25 D:/Kuliah/Semester 4/Pemweb/Projek/vendor/laravel/framework/src/Illuminate/Foundation/Http/Kernel.php(200): Illuminate/Routing/Router->dispatch(Object(Illuminate/Http/Request))
#26 D:/Kuliah/Semester 4/Pemweb/Projek/vendor/laravel/framework/src/Illuminate/Pipeline/Pipeline.php(144): Illuminate/Foundation/Http/Kernel->{closure:Illuminate/Foundation/Http/Kernel::dispatchToRouter():197}(Object(Illuminate/Http/Request))
#27 D:/Kuliah/Semester 4/Pemweb/Projek/vendor/laravel/framework/src/Illuminate/Foundation/Http/Middleware/TransformsRequest.php(21): Illuminate/Pipeline/Pipeline->{closure:Illuminate/Pipeline/Pipeline::prepareDestination():142}(Object(Illuminate/Http/Request))
#28 D:/Kuliah/Semester 4/Pemweb/Projek/vendor/laravel/framework/src/Illuminate/Foundation/Http/Middleware/ConvertEmptyStringsToNull.php(31): Illuminate/Foundation/Http/Middleware/TransformsRequest->handle(Object(Illuminate/Http/Request), Object(Closure))
#29 D:/Kuliah/Semester 4/Pemweb/Projek/vendor/laravel/framework/src/Illuminate/Pipeline/Pipeline.php(183): Illuminate/Foundation/Http/Middleware/ConvertEmptyStringsToNull->handle(Object(Illuminate/Http/Request), Object(Closure))
#30 D:/Kuliah/Semester 4/Pemweb/Projek/vendor/laravel/framework/src/Illuminate/Foundation/Http/Middleware/TransformsRequest.php(21): Illuminate/Pipeline/Pipeline->{closure:{closure:Illuminate/Pipeline/Pipeline::carry():158}:159}(Object(Illuminate/Http/Request))
#31 D:/Kuliah/Semester 4/Pemweb/Projek/vendor/laravel/framework/src/Illuminate/Foundation/Http/Middleware/TrimStrings.php(40): Illuminate/Foundation/Http/Middleware/TransformsRequest->handle(Object(Illuminate/Http/Request), Object(Closure))
#32 D:/Kuliah/Semester 4/Pemweb/Projek/vendor/laravel/framework/src/Illuminate/Pipeline/Pipeline.php(183): Illuminate/Foundation/Http/Middleware/TrimStrings->handle(Object(Illuminate/Http/Request), Object(Closure))
#33 D:/Kuliah/Semester 4/Pemweb/Projek/vendor/laravel/framework/src/Illuminate/Foundation/Http/Middleware/ValidatePostSize.php(27): Illuminate/Pipeline/Pipeline->{closure:{closure:Illuminate/Pipeline/Pipeline::carry():158}:159}(Object(Illuminate/Http/Request))
#34 D:/Kuliah/Semester 4/Pemweb/Projek/vendor/laravel/framework/src/Illuminate/Pipeline/Pipeline.php(183): Illuminate/Foundation/Http/Middleware/ValidatePostSize->handle(Object(Illuminate/Http/Request), Object(Closure))
#35 D:/Kuliah/Semester 4/Pemweb/Projek/vendor/laravel/framework/src/Illuminate/Foundation/Http/Middleware/PreventRequestsDuringMaintenance.php(99): Illuminate/Pipeline/Pipeline->{closure:{closure:Illuminate/Pipeline/Pipeline::carry():158}:159}(Object(Illuminate/Http/Request))
#36 D:/Kuliah/Semester 4/Pemweb/Projek/vendor/laravel/framework/src/Illuminate/Pipeline/Pipeline.php(183): Illuminate/Foundation/Http/Middleware/PreventRequestsDuringMaintenance->handle(Object(Illuminate/Http/Request), Object(Closure))
#37 D:/Kuliah/Semester 4/Pemweb/Projek/vendor/laravel/framework/src/Illuminate/Pipeline/Pipeline.php(119): Illuminate/Pipeline/Pipeline->{closure:{closure:Illuminate/Pipeline/Pipeline::carry():158}:159}(Object(Illuminate/Http/Request))
#38 D:/Kuliah/Semester 4/Pemweb/Projek/vendor/laravel/framework/src/Illuminate/Foundation/Http/Kernel.php(175): Illuminate/Pipeline/Pipeline->then(Object(Closure))
#39 D:/Kuliah/Semester 4/Pemweb/Projek/vendor/laravel/framework/src/Illuminate/Foundation/Http/Kernel.php(144): Illuminate/Foundation/Http/Kernel->sendRequestThroughRouter(Object(Illuminate/Http/Request))
#40 D:/Kuliah/Semester 4/Pemweb/Projek/public/index.php(20): Illuminate/Foundation/Http/Kernel->handle(Object(Illuminate/Http/Request))
#41 D:/Kuliah/Semester 4/Pemweb/Projek/vendor/laravel/framework/src/Illuminate/Foundation/resources/server.php(16): require_once('D://Kuliah//Semes...')
#42 {main}
"} 
[2026-05-20 15:12:50] laravel.EMERGENCY: Unable to create configured logger. Using emergency logger. {"exception":"[object] (InvalidArgumentException(code: 0): Log [] is not defined. at D:/Kuliah/Semester 4/Pemweb/Projek/vendor/laravel/framework/src/Illuminate/Log/LogManager.php:212)
[stacktrace]
#0 D:/Kuliah/Semester 4/Pemweb/Projek/vendor/laravel/framework/src/Illuminate/Log/LogManager.php(137): Illuminate/Log/LogManager->resolve(NULL, NULL)
#1 D:/Kuliah/Semester 4/Pemweb/Projek/vendor/laravel/framework/src/Illuminate/Log/LogManager.php(124): Illuminate/Log/LogManager->get(NULL)
#2 D:/Kuliah/Semester 4/Pemweb/Projek/vendor/laravel/framework/src/Illuminate/Log/LogManager.php(681): Illuminate/Log/LogManager->driver()
#3 D:/Kuliah/Semester 4/Pemweb/Projek/vendor/laravel/framework/src/Illuminate/Foundation/Exceptions/Handler.php(317): Illuminate/Log/LogManager->error('PHP Parse error...', Array)
#4 D:/Kuliah/Semester 4/Pemweb/Projek/vendor/laravel/framework/src/Illuminate/Foundation/Exceptions/Handler.php(278): Illuminate/Foundation/Exceptions/Handler->reportThrowable(Object(Psy/Exception/ParseErrorException))
#5 D:/Kuliah/Semester 4/Pemweb/Projek/vendor/nunomaduro/collision/src/Adapters/Laravel/ExceptionHandler.php(46): Illuminate/Foundation/Exceptions/Handler->report(Object(Psy/Exception/ParseErrorException))
#6 D:/Kuliah/Semester 4/Pemweb/Projek/vendor/laravel/framework/src/Illuminate/Foundation/Console/Kernel.php(523): NunoMaduro/Collision/Adapters/Laravel/ExceptionHandler->report(Object(Psy/Exception/ParseErrorException))
#7 D:/Kuliah/Semester 4/Pemweb/Projek/vendor/laravel/framework/src/Illuminate/Foundation/Console/Kernel.php(203): Illuminate/Foundation/Console/Kernel->reportException(Object(Psy/Exception/ParseErrorException))
#8 D:/Kuliah/Semester 4/Pemweb/Projek/artisan(17): Illuminate/Foundation/Console/Kernel->handle(Object(Symfony/Component/Console/Input/ArgvInput), Object(Symfony/Component/Console/Output/ConsoleOutput))
#9 {main}
"} 
[2026-05-20 15:12:50] laravel.ERROR: PHP Parse error: Syntax error, unexpected '=' on line 1 {"exception":"[object] (Psy\\Exception\\ParseErrorException(code: 0): PHP Parse error: Syntax error, unexpected '=' on line 1 at D:/Kuliah/Semester 4/Pemweb/Projek/vendor/psy/psysh/src/Exception/ParseErrorException.php:44)
[stacktrace]
#0 D:/Kuliah/Semester 4/Pemweb/Projek/vendor/psy/psysh/src/CodeCleaner.php(657): Psy/Exception/ParseErrorException::fromParseError(Object(PhpParser/Error))
#1 D:/Kuliah/Semester 4/Pemweb/Projek/vendor/psy/psysh/src/CodeCleaner.php(273): Psy/CodeCleaner->parse('<?php var_dump(...', false)
#2 D:/Kuliah/Semester 4/Pemweb/Projek/vendor/psy/psysh/src/Shell.php(1358): Psy/CodeCleaner->clean(Array, false)
#3 D:/Kuliah/Semester 4/Pemweb/Projek/vendor/psy/psysh/src/Shell.php(1465): Psy/Shell->appendCode('var_dump(app_pa...', true, false)
#4 D:/Kuliah/Semester 4/Pemweb/Projek/vendor/psy/psysh/src/Shell.php(2173): Psy/Shell->setCode('var_dump(app_pa...', true)
#5 D:/Kuliah/Semester 4/Pemweb/Projek/vendor/laravel/tinker/src/Console/TinkerCommand.php(77): Psy/Shell->execute('var_dump(app_pa...')
#6 D:/Kuliah/Semester 4/Pemweb/Projek/vendor/laravel/framework/src/Illuminate/Container/BoundMethod.php(36): Laravel/Tinker/Console/TinkerCommand->handle()
#7 D:/Kuliah/Semester 4/Pemweb/Projek/vendor/laravel/framework/src/Illuminate/Container/Util.php(41): Illuminate/Container/BoundMethod::{closure:Illuminate/Container/BoundMethod::call():35}()
#8 D:/Kuliah/Semester 4/Pemweb/Projek/vendor/laravel/framework/src/Illuminate/Container/BoundMethod.php(93): Illuminate/Container/Util::unwrapIfClosure(Object(Closure))
#9 D:/Kuliah/Semester 4/Pemweb/Projek/vendor/laravel/framework/src/Illuminate/Container/BoundMethod.php(35): Illuminate/Container/BoundMethod::callBoundMethod(Object(Illuminate/Foundation/Application), Array, Object(Closure))
#10 D:/Kuliah/Semester 4/Pemweb/Projek/vendor/laravel/framework/src/Illuminate/Container/Container.php(662): Illuminate/Container/BoundMethod::call(Object(Illuminate/Foundation/Application), Array, Array, NULL)
#11 D:/Kuliah/Semester 4/Pemweb/Projek/vendor/laravel/framework/src/Illuminate/Console/Command.php(211): Illuminate/Container/Container->call(Array)
#12 D:/Kuliah/Semester 4/Pemweb/Projek/vendor/symfony/console/Command/Command.php(326): Illuminate/Console/Command->execute(Object(Symfony/Component/Console/Input/ArgvInput), Object(Illuminate/Console/OutputStyle))
#13 D:/Kuliah/Semester 4/Pemweb/Projek/vendor/laravel/framework/src/Illuminate/Console/Command.php(180): Symfony/Component/Console/Command/Command->run(Object(Symfony/Component/Console/Input/ArgvInput), Object(Illuminate/Console/OutputStyle))
#14 D:/Kuliah/Semester 4/Pemweb/Projek/vendor/symfony/console/Application.php(1121): Illuminate/Console/Command->run(Object(Symfony/Component/Console/Input/ArgvInput), Object(Symfony/Component/Console/Output/ConsoleOutput))
#15 D:/Kuliah/Semester 4/Pemweb/Projek/vendor/symfony/console/Application.php(324): Symfony/Component/Console/Application->doRunCommand(Object(Laravel/Tinker/Console/TinkerCommand), Object(Symfony/Component/Console/Input/ArgvInput), Object(Symfony/Component/Console/Output/ConsoleOutput))
#16 D:/Kuliah/Semester 4/Pemweb/Projek/vendor/symfony/console/Application.php(175): Symfony/Component/Console/Application->doRun(Object(Symfony/Component/Console/Input/ArgvInput), Object(Symfony/Component/Console/Output/ConsoleOutput))
#17 D:/Kuliah/Semester 4/Pemweb/Projek/vendor/laravel/framework/src/Illuminate/Foundation/Console/Kernel.php(201): Symfony/Component/Console/Application->run(Object(Symfony/Component/Console/Input/ArgvInput), Object(Symfony/Component/Console/Output/ConsoleOutput))
#18 D:/Kuliah/Semester 4/Pemweb/Projek/artisan(17): Illuminate/Foundation/Console/Kernel->handle(Object(Symfony/Component/Console/Input/ArgvInput), Object(Symfony/Component/Console/Output/ConsoleOutput))
#19 {main}
"} 
[2026-05-22 07:42:24] laravel.EMERGENCY: Unable to create configured logger. Using emergency logger. {"exception":"[object] (InvalidArgumentException(code: 0): Log [] is not defined. at D:/Kuliah/Semester 4/Pemweb/Projek/vendor/laravel/framework/src/Illuminate/Log/LogManager.php:212)
[stacktrace]
#0 D:/Kuliah/Semester 4/Pemweb/Projek/vendor/laravel/framework/src/Illuminate/Log/LogManager.php(137): Illuminate/Log/LogManager->resolve(NULL, NULL)
#1 D:/Kuliah/Semester 4/Pemweb/Projek/vendor/laravel/framework/src/Illuminate/Log/LogManager.php(124): Illuminate/Log/LogManager->get(NULL)
#2 D:/Kuliah/Semester 4/Pemweb/Projek/vendor/laravel/framework/src/Illuminate/Log/LogManager.php(681): Illuminate/Log/LogManager->driver()
#3 D:/Kuliah/Semester 4/Pemweb/Projek/vendor/laravel/framework/src/Illuminate/Foundation/Exceptions/Handler.php(317): Illuminate/Log/LogManager->error('Call to undefin...', Array)
#4 D:/Kuliah/Semester 4/Pemweb/Projek/vendor/laravel/framework/src/Illuminate/Foundation/Exceptions/Handler.php(278): Illuminate/Foundation/Exceptions/Handler->reportThrowable(Object(Error))
#5 D:/Kuliah/Semester 4/Pemweb/Projek/vendor/laravel/framework/src/Illuminate/Routing/Pipeline.php(49): Illuminate/Foundation/Exceptions/Handler->report(Object(Error))
#6 D:/Kuliah/Semester 4/Pemweb/Projek/vendor/laravel/framework/src/Illuminate/Pipeline/Pipeline.php(146): Illuminate/Routing/Pipeline->handleException(Object(Illuminate/Http/Request), Object(Error))
#7 D:/Kuliah/Semester 4/Pemweb/Projek/vendor/laravel/framework/src/Illuminate/Routing/Middleware/SubstituteBindings.php(50): Illuminate/Pipeline/Pipeline->{closure:Illuminate/Pipeline/Pipeline::prepareDestination():142}(Object(Illuminate/Http/Request))
#8 D:/Kuliah/Semester 4/Pemweb/Projek/vendor/laravel/framework/src/Illuminate/Pipeline/Pipeline.php(183): Illuminate/Routing/Middleware/SubstituteBindings->handle(Object(Illuminate/Http/Request), Object(Closure))
#9 D:/Kuliah/Semester 4/Pemweb/Projek/vendor/laravel/framework/src/Illuminate/Foundation/Http/Middleware/VerifyCsrfToken.php(78): Illuminate/Pipeline/Pipeline->{closure:{closure:Illuminate/Pipeline/Pipeline::carry():158}:159}(Object(Illuminate/Http/Request))
#10 D:/Kuliah/Semester 4/Pemweb/Projek/vendor/laravel/framework/src/Illuminate/Pipeline/Pipeline.php(183): Illuminate/Foundation/Http/Middleware/VerifyCsrfToken->handle(Object(Illuminate/Http/Request), Object(Closure))
#11 D:/Kuliah/Semester 4/Pemweb/Projek/vendor/laravel/framework/src/Illuminate/View/Middleware/ShareErrorsFromSession.php(49): Illuminate/Pipeline/Pipeline->{closure:{closure:Illuminate/Pipeline/Pipeline::carry():158}:159}(Object(Illuminate/Http/Request))
#12 D:/Kuliah/Semester 4/Pemweb/Projek/vendor/laravel/framework/src/Illuminate/Pipeline/Pipeline.php(183): Illuminate/View/Middleware/ShareErrorsFromSession->handle(Object(Illuminate/Http/Request), Object(Closure))
#13 D:/Kuliah/Semester 4/Pemweb/Projek/vendor/laravel/framework/src/Illuminate/Session/Middleware/StartSession.php(121): Illuminate/Pipeline/Pipeline->{closure:{closure:Illuminate/Pipeline/Pipeline::carry():158}:159}(Object(Illuminate/Http/Request))
#14 D:/Kuliah/Semester 4/Pemweb/Projek/vendor/laravel/framework/src/Illuminate/Session/Middleware/StartSession.php(64): Illuminate/Session/Middleware/StartSession->handleStatefulRequest(Object(Illuminate/Http/Request), Object(Illuminate/Session/Store), Object(Closure))
#15 D:/Kuliah/Semester 4/Pemweb/Projek/vendor/laravel/framework/src/Illuminate/Pipeline/Pipeline.php(183): Illuminate/Session/Middleware/StartSession->handle(Object(Illuminate/Http/Request), Object(Closure))
#16 D:/Kuliah/Semester 4/Pemweb/Projek/vendor/laravel/framework/src/Illuminate/Cookie/Middleware/AddQueuedCookiesToResponse.php(37): Illuminate/Pipeline/Pipeline->{closure:{closure:Illuminate/Pipeline/Pipeline::carry():158}:159}(Object(Illuminate/Http/Request))
#17 D:/Kuliah/Semester 4/Pemweb/Projek/vendor/laravel/framework/src/Illuminate/Pipeline/Pipeline.php(183): Illuminate/Cookie/Middleware/AddQueuedCookiesToResponse->handle(Object(Illuminate/Http/Request), Object(Closure))
#18 D:/Kuliah/Semester 4/Pemweb/Projek/vendor/laravel/framework/src/Illuminate/Cookie/Middleware/EncryptCookies.php(67): Illuminate/Pipeline/Pipeline->{closure:{closure:Illuminate/Pipeline/Pipeline::carry():158}:159}(Object(Illuminate/Http/Request))
#19 D:/Kuliah/Semester 4/Pemweb/Projek/vendor/laravel/framework/src/Illuminate/Pipeline/Pipeline.php(183): Illuminate/Cookie/Middleware/EncryptCookies->handle(Object(Illuminate/Http/Request), Object(Closure))
#20 D:/Kuliah/Semester 4/Pemweb/Projek/vendor/laravel/framework/src/Illuminate/Pipeline/Pipeline.php(119): Illuminate/Pipeline/Pipeline->{closure:{closure:Illuminate/Pipeline/Pipeline::carry():158}:159}(Object(Illuminate/Http/Request))
#21 D:/Kuliah/Semester 4/Pemweb/Projek/vendor/laravel/framework/src/Illuminate/Routing/Router.php(805): Illuminate/Pipeline/Pipeline->then(Object(Closure))
#22 D:/Kuliah/Semester 4/Pemweb/Projek/vendor/laravel/framework/src/Illuminate/Routing/Router.php(784): Illuminate/Routing/Router->runRouteWithinStack(Object(Illuminate/Routing/Route), Object(Illuminate/Http/Request))
#23 D:/Kuliah/Semester 4/Pemweb/Projek/vendor/laravel/framework/src/Illuminate/Routing/Router.php(748): Illuminate/Routing/Router->runRoute(Object(Illuminate/Http/Request), Object(Illuminate/Routing/Route))
#24 D:/Kuliah/Semester 4/Pemweb/Projek/vendor/laravel/framework/src/Illuminate/Routing/Router.php(737): Illuminate/Routing/Router->dispatchToRoute(Object(Illuminate/Http/Request))
#25 D:/Kuliah/Semester 4/Pemweb/Projek/vendor/laravel/framework/src/Illuminate/Foundation/Http/Kernel.php(200): Illuminate/Routing/Router->dispatch(Object(Illuminate/Http/Request))
#26 D:/Kuliah/Semester 4/Pemweb/Projek/vendor/laravel/framework/src/Illuminate/Pipeline/Pipeline.php(144): Illuminate/Foundation/Http/Kernel->{closure:Illuminate/Foundation/Http/Kernel::dispatchToRouter():197}(Object(Illuminate/Http/Request))
#27 D:/Kuliah/Semester 4/Pemweb/Projek/vendor/laravel/framework/src/Illuminate/Foundation/Http/Middleware/TransformsRequest.php(21): Illuminate/Pipeline/Pipeline->{closure:Illuminate/Pipeline/Pipeline::prepareDestination():142}(Object(Illuminate/Http/Request))
#28 D:/Kuliah/Semester 4/Pemweb/Projek/vendor/laravel/framework/src/Illuminate/Foundation/Http/Middleware/ConvertEmptyStringsToNull.php(31): Illuminate/Foundation/Http/Middleware/TransformsRequest->handle(Object(Illuminate/Http/Request), Object(Closure))
#29 D:/Kuliah/Semester 4/Pemweb/Projek/vendor/laravel/framework/src/Illuminate/Pipeline/Pipeline.php(183): Illuminate/Foundation/Http/Middleware/ConvertEmptyStringsToNull->handle(Object(Illuminate/Http/Request), Object(Closure))
#30 D:/Kuliah/Semester 4/Pemweb/Projek/vendor/laravel/framework/src/Illuminate/Foundation/Http/Middleware/TransformsRequest.php(21): Illuminate/Pipeline/Pipeline->{closure:{closure:Illuminate/Pipeline/Pipeline::carry():158}:159}(Object(Illuminate/Http/Request))
#31 D:/Kuliah/Semester 4/Pemweb/Projek/vendor/laravel/framework/src/Illuminate/Foundation/Http/Middleware/TrimStrings.php(40): Illuminate/Foundation/Http/Middleware/TransformsRequest->handle(Object(Illuminate/Http/Request), Object(Closure))
#32 D:/Kuliah/Semester 4/Pemweb/Projek/vendor/laravel/framework/src/Illuminate/Pipeline/Pipeline.php(183): Illuminate/Foundation/Http/Middleware/TrimStrings->handle(Object(Illuminate/Http/Request), Object(Closure))
#33 D:/Kuliah/Semester 4/Pemweb/Projek/vendor/laravel/framework/src/Illuminate/Foundation/Http/Middleware/ValidatePostSize.php(27): Illuminate/Pipeline/Pipeline->{closure:{closure:Illuminate/Pipeline/Pipeline::carry():158}:159}(Object(Illuminate/Http/Request))
#34 D:/Kuliah/Semester 4/Pemweb/Projek/vendor/laravel/framework/src/Illuminate/Pipeline/Pipeline.php(183): Illuminate/Foundation/Http/Middleware/ValidatePostSize->handle(Object(Illuminate/Http/Request), Object(Closure))
#35 D:/Kuliah/Semester 4/Pemweb/Projek/vendor/laravel/framework/src/Illuminate/Foundation/Http/Middleware/PreventRequestsDuringMaintenance.php(99): Illuminate/Pipeline/Pipeline->{closure:{closure:Illuminate/Pipeline/Pipeline::carry():158}:159}(Object(Illuminate/Http/Request))
#36 D:/Kuliah/Semester 4/Pemweb/Projek/vendor/laravel/framework/src/Illuminate/Pipeline/Pipeline.php(183): Illuminate/Foundation/Http/Middleware/PreventRequestsDuringMaintenance->handle(Object(Illuminate/Http/Request), Object(Closure))
#37 D:/Kuliah/Semester 4/Pemweb/Projek/vendor/laravel/framework/src/Illuminate/Pipeline/Pipeline.php(119): Illuminate/Pipeline/Pipeline->{closure:{closure:Illuminate/Pipeline/Pipeline::carry():158}:159}(Object(Illuminate/Http/Request))
#38 D:/Kuliah/Semester 4/Pemweb/Projek/vendor/laravel/framework/src/Illuminate/Foundation/Http/Kernel.php(175): Illuminate/Pipeline/Pipeline->then(Object(Closure))
#39 D:/Kuliah/Semester 4/Pemweb/Projek/vendor/laravel/framework/src/Illuminate/Foundation/Http/Kernel.php(144): Illuminate/Foundation/Http/Kernel->sendRequestThroughRouter(Object(Illuminate/Http/Request))
#40 D:/Kuliah/Semester 4/Pemweb/Projek/public/index.php(25): Illuminate/Foundation/Http/Kernel->handle(Object(Illuminate/Http/Request))
#41 D:/Kuliah/Semester 4/Pemweb/Projek/vendor/laravel/framework/src/Illuminate/Foundation/resources/server.php(16): require_once('D://Kuliah//Semes...')
#42 {main}
"} 
[2026-05-22 07:42:24] laravel.ERROR: Call to undefined method VerifikasiModel::createVerification() {"exception":"[object] (Error(code: 0): Call to undefined method VerifikasiModel::createVerification() at D:/Kuliah/Semester 4/Pemweb/Projek/app/Http/Controllers/Verifikasiakun.php:99)
[stacktrace]
#0 D:/Kuliah/Semester 4/Pemweb/Projek/vendor/laravel/framework/src/Illuminate/Routing/Controller.php(54): App/Http/Controllers/Verifikasiakun->submit(Object(Illuminate/Http/Request))
#1 D:/Kuliah/Semester 4/Pemweb/Projek/vendor/laravel/framework/src/Illuminate/Routing/ControllerDispatcher.php(43): Illuminate/Routing/Controller->callAction('submit', Array)
#2 D:/Kuliah/Semester 4/Pemweb/Projek/vendor/laravel/framework/src/Illuminate/Routing/Route.php(259): Illuminate/Routing/ControllerDispatcher->dispatch(Object(Illuminate/Routing/Route), Object(App/Http/Controllers/Verifikasiakun), 'submit')
#3 D:/Kuliah/Semester 4/Pemweb/Projek/vendor/laravel/framework/src/Illuminate/Routing/Route.php(205): Illuminate/Routing/Route->runController()
#4 D:/Kuliah/Semester 4/Pemweb/Projek/vendor/laravel/framework/src/Illuminate/Routing/Router.php(806): Illuminate/Routing/Route->run()
#5 D:/Kuliah/Semester 4/Pemweb/Projek/vendor/laravel/framework/src/Illuminate/Pipeline/Pipeline.php(144): Illuminate/Routing/Router->{closure:Illuminate/Routing/Router::runRouteWithinStack():805}(Object(Illuminate/Http/Request))
#6 D:/Kuliah/Semester 4/Pemweb/Projek/vendor/laravel/framework/src/Illuminate/Routing/Middleware/SubstituteBindings.php(50): Illuminate/Pipeline/Pipeline->{closure:Illuminate/Pipeline/Pipeline::prepareDestination():142}(Object(Illuminate/Http/Request))
#7 D:/Kuliah/Semester 4/Pemweb/Projek/vendor/laravel/framework/src/Illuminate/Pipeline/Pipeline.php(183): Illuminate/Routing/Middleware/SubstituteBindings->handle(Object(Illuminate/Http/Request), Object(Closure))
#8 D:/Kuliah/Semester 4/Pemweb/Projek/vendor/laravel/framework/src/Illuminate/Foundation/Http/Middleware/VerifyCsrfToken.php(78): Illuminate/Pipeline/Pipeline->{closure:{closure:Illuminate/Pipeline/Pipeline::carry():158}:159}(Object(Illuminate/Http/Request))
#9 D:/Kuliah/Semester 4/Pemweb/Projek/vendor/laravel/framework/src/Illuminate/Pipeline/Pipeline.php(183): Illuminate/Foundation/Http/Middleware/VerifyCsrfToken->handle(Object(Illuminate/Http/Request), Object(Closure))
#10 D:/Kuliah/Semester 4/Pemweb/Projek/vendor/laravel/framework/src/Illuminate/View/Middleware/ShareErrorsFromSession.php(49): Illuminate/Pipeline/Pipeline->{closure:{closure:Illuminate/Pipeline/Pipeline::carry():158}:159}(Object(Illuminate/Http/Request))
#11 D:/Kuliah/Semester 4/Pemweb/Projek/vendor/laravel/framework/src/Illuminate/Pipeline/Pipeline.php(183): Illuminate/View/Middleware/ShareErrorsFromSession->handle(Object(Illuminate/Http/Request), Object(Closure))
#12 D:/Kuliah/Semester 4/Pemweb/Projek/vendor/laravel/framework/src/Illuminate/Session/Middleware/StartSession.php(121): Illuminate/Pipeline/Pipeline->{closure:{closure:Illuminate/Pipeline/Pipeline::carry():158}:159}(Object(Illuminate/Http/Request))
#13 D:/Kuliah/Semester 4/Pemweb/Projek/vendor/laravel/framework/src/Illuminate/Session/Middleware/StartSession.php(64): Illuminate/Session/Middleware/StartSession->handleStatefulRequest(Object(Illuminate/Http/Request), Object(Illuminate/Session/Store), Object(Closure))
#14 D:/Kuliah/Semester 4/Pemweb/Projek/vendor/laravel/framework/src/Illuminate/Pipeline/Pipeline.php(183): Illuminate/Session/Middleware/StartSession->handle(Object(Illuminate/Http/Request), Object(Closure))
#15 D:/Kuliah/Semester 4/Pemweb/Projek/vendor/laravel/framework/src/Illuminate/Cookie/Middleware/AddQueuedCookiesToResponse.php(37): Illuminate/Pipeline/Pipeline->{closure:{closure:Illuminate/Pipeline/Pipeline::carry():158}:159}(Object(Illuminate/Http/Request))
#16 D:/Kuliah/Semester 4/Pemweb/Projek/vendor/laravel/framework/src/Illuminate/Pipeline/Pipeline.php(183): Illuminate/Cookie/Middleware/AddQueuedCookiesToResponse->handle(Object(Illuminate/Http/Request), Object(Closure))
#17 D:/Kuliah/Semester 4/Pemweb/Projek/vendor/laravel/framework/src/Illuminate/Cookie/Middleware/EncryptCookies.php(67): Illuminate/Pipeline/Pipeline->{closure:{closure:Illuminate/Pipeline/Pipeline::carry():158}:159}(Object(Illuminate/Http/Request))
#18 D:/Kuliah/Semester 4/Pemweb/Projek/vendor/laravel/framework/src/Illuminate/Pipeline/Pipeline.php(183): Illuminate/Cookie/Middleware/EncryptCookies->handle(Object(Illuminate/Http/Request), Object(Closure))
#19 D:/Kuliah/Semester 4/Pemweb/Projek/vendor/laravel/framework/src/Illuminate/Pipeline/Pipeline.php(119): Illuminate/Pipeline/Pipeline->{closure:{closure:Illuminate/Pipeline/Pipeline::carry():158}:159}(Object(Illuminate/Http/Request))
#20 D:/Kuliah/Semester 4/Pemweb/Projek/vendor/laravel/framework/src/Illuminate/Routing/Router.php(805): Illuminate/Pipeline/Pipeline->then(Object(Closure))
#21 D:/Kuliah/Semester 4/Pemweb/Projek/vendor/laravel/framework/src/Illuminate/Routing/Router.php(784): Illuminate/Routing/Router->runRouteWithinStack(Object(Illuminate/Routing/Route), Object(Illuminate/Http/Request))
#22 D:/Kuliah/Semester 4/Pemweb/Projek/vendor/laravel/framework/src/Illuminate/Routing/Router.php(748): Illuminate/Routing/Router->runRoute(Object(Illuminate/Http/Request), Object(Illuminate/Routing/Route))
#23 D:/Kuliah/Semester 4/Pemweb/Projek/vendor/laravel/framework/src/Illuminate/Routing/Router.php(737): Illuminate/Routing/Router->dispatchToRoute(Object(Illuminate/Http/Request))
#24 D:/Kuliah/Semester 4/Pemweb/Projek/vendor/laravel/framework/src/Illuminate/Foundation/Http/Kernel.php(200): Illuminate/Routing/Router->dispatch(Object(Illuminate/Http/Request))
#25 D:/Kuliah/Semester 4/Pemweb/Projek/vendor/laravel/framework/src/Illuminate/Pipeline/Pipeline.php(144): Illuminate/Foundation/Http/Kernel->{closure:Illuminate/Foundation/Http/Kernel::dispatchToRouter():197}(Object(Illuminate/Http/Request))
#26 D:/Kuliah/Semester 4/Pemweb/Projek/vendor/laravel/framework/src/Illuminate/Foundation/Http/Middleware/TransformsRequest.php(21): Illuminate/Pipeline/Pipeline->{closure:Illuminate/Pipeline/Pipeline::prepareDestination():142}(Object(Illuminate/Http/Request))
#27 D:/Kuliah/Semester 4/Pemweb/Projek/vendor/laravel/framework/src/Illuminate/Foundation/Http/Middleware/ConvertEmptyStringsToNull.php(31): Illuminate/Foundation/Http/Middleware/TransformsRequest->handle(Object(Illuminate/Http/Request), Object(Closure))
#28 D:/Kuliah/Semester 4/Pemweb/Projek/vendor/laravel/framework/src/Illuminate/Pipeline/Pipeline.php(183): Illuminate/Foundation/Http/Middleware/ConvertEmptyStringsToNull->handle(Object(Illuminate/Http/Request), Object(Closure))
#29 D:/Kuliah/Semester 4/Pemweb/Projek/vendor/laravel/framework/src/Illuminate/Foundation/Http/Middleware/TransformsRequest.php(21): Illuminate/Pipeline/Pipeline->{closure:{closure:Illuminate/Pipeline/Pipeline::carry():158}:159}(Object(Illuminate/Http/Request))
#30 D:/Kuliah/Semester 4/Pemweb/Projek/vendor/laravel/framework/src/Illuminate/Foundation/Http/Middleware/TrimStrings.php(40): Illuminate/Foundation/Http/Middleware/TransformsRequest->handle(Object(Illuminate/Http/Request), Object(Closure))
#31 D:/Kuliah/Semester 4/Pemweb/Projek/vendor/laravel/framework/src/Illuminate/Pipeline/Pipeline.php(183): Illuminate/Foundation/Http/Middleware/TrimStrings->handle(Object(Illuminate/Http/Request), Object(Closure))
#32 D:/Kuliah/Semester 4/Pemweb/Projek/vendor/laravel/framework/src/Illuminate/Foundation/Http/Middleware/ValidatePostSize.php(27): Illuminate/Pipeline/Pipeline->{closure:{closure:Illuminate/Pipeline/Pipeline::carry():158}:159}(Object(Illuminate/Http/Request))
#33 D:/Kuliah/Semester 4/Pemweb/Projek/vendor/laravel/framework/src/Illuminate/Pipeline/Pipeline.php(183): Illuminate/Foundation/Http/Middleware/ValidatePostSize->handle(Object(Illuminate/Http/Request), Object(Closure))
#34 D:/Kuliah/Semester 4/Pemweb/Projek/vendor/laravel/framework/src/Illuminate/Foundation/Http/Middleware/PreventRequestsDuringMaintenance.php(99): Illuminate/Pipeline/Pipeline->{closure:{closure:Illuminate/Pipeline/Pipeline::carry():158}:159}(Object(Illuminate/Http/Request))
#35 D:/Kuliah/Semester 4/Pemweb/Projek/vendor/laravel/framework/src/Illuminate/Pipeline/Pipeline.php(183): Illuminate/Foundation/Http/Middleware/PreventRequestsDuringMaintenance->handle(Object(Illuminate/Http/Request), Object(Closure))
#36 D:/Kuliah/Semester 4/Pemweb/Projek/vendor/laravel/framework/src/Illuminate/Pipeline/Pipeline.php(119): Illuminate/Pipeline/Pipeline->{closure:{closure:Illuminate/Pipeline/Pipeline::carry():158}:159}(Object(Illuminate/Http/Request))
#37 D:/Kuliah/Semester 4/Pemweb/Projek/vendor/laravel/framework/src/Illuminate/Foundation/Http/Kernel.php(175): Illuminate/Pipeline/Pipeline->then(Object(Closure))
#38 D:/Kuliah/Semester 4/Pemweb/Projek/vendor/laravel/framework/src/Illuminate/Foundation/Http/Kernel.php(144): Illuminate/Foundation/Http/Kernel->sendRequestThroughRouter(Object(Illuminate/Http/Request))
#39 D:/Kuliah/Semester 4/Pemweb/Projek/public/index.php(25): Illuminate/Foundation/Http/Kernel->handle(Object(Illuminate/Http/Request))
#40 D:/Kuliah/Semester 4/Pemweb/Projek/vendor/laravel/framework/src/Illuminate/Foundation/resources/server.php(16): require_once('D://Kuliah//Semes...')
#41 {main}
"} 
[2026-06-01 14:06:28] laravel.EMERGENCY: Unable to create configured logger. Using emergency logger. {"exception":"[object] (InvalidArgumentException(code: 0): Log [] is not defined. at D:/Kuliah/Semester 4/Pemweb/Projek/vendor/laravel/framework/src/Illuminate/Log/LogManager.php:212)
[stacktrace]
#0 D:/Kuliah/Semester 4/Pemweb/Projek/vendor/laravel/framework/src/Illuminate/Log/LogManager.php(137): Illuminate/Log/LogManager->resolve(NULL, NULL)
#1 D:/Kuliah/Semester 4/Pemweb/Projek/vendor/laravel/framework/src/Illuminate/Log/LogManager.php(124): Illuminate/Log/LogManager->get(NULL)
#2 D:/Kuliah/Semester 4/Pemweb/Projek/vendor/laravel/framework/src/Illuminate/Log/LogManager.php(681): Illuminate/Log/LogManager->driver()
#3 D:/Kuliah/Semester 4/Pemweb/Projek/vendor/laravel/framework/src/Illuminate/Foundation/Exceptions/Handler.php(317): Illuminate/Log/LogManager->error('Maximum executi...', Array)
#4 D:/Kuliah/Semester 4/Pemweb/Projek/vendor/laravel/framework/src/Illuminate/Foundation/Exceptions/Handler.php(278): Illuminate/Foundation/Exceptions/Handler->reportThrowable(Object(Symfony/Component/ErrorHandler/Error/FatalError))
#5 D:/Kuliah/Semester 4/Pemweb/Projek/vendor/laravel/framework/src/Illuminate/Foundation/Bootstrap/HandleExceptions.php(183): Illuminate/Foundation/Exceptions/Handler->report(Object(Symfony/Component/ErrorHandler/Error/FatalError))
#6 D:/Kuliah/Semester 4/Pemweb/Projek/vendor/laravel/framework/src/Illuminate/Foundation/Bootstrap/HandleExceptions.php(231): Illuminate/Foundation/Bootstrap/HandleExceptions->handleException(Object(Symfony/Component/ErrorHandler/Error/FatalError))
#7 D:/Kuliah/Semester 4/Pemweb/Projek/vendor/laravel/framework/src/Illuminate/Foundation/Bootstrap/HandleExceptions.php(255): Illuminate/Foundation/Bootstrap/HandleExceptions->handleShutdown()
#8 [internal function]: Illuminate/Foundation/Bootstrap/HandleExceptions->{closure:Illuminate/Foundation/Bootstrap/HandleExceptions::forwardsTo():254}()
#9 {main}
"} 
[2026-06-01 14:06:28] laravel.ERROR: Maximum execution time of 120 seconds exceeded {"exception":"[object] (Symfony\\Component\\ErrorHandler\\Error\\FatalError(code: 0): Maximum execution time of 120 seconds exceeded at D:/Kuliah/Semester 4/Pemweb/Projek/app/Models/ProdukModel.php:232)
[stacktrace]
#0 {main}
"} 
[2026-06-01 14:08:31] laravel.EMERGENCY: Unable to create configured logger. Using emergency logger. {"exception":"[object] (InvalidArgumentException(code: 0): Log [] is not defined. at D:/Kuliah/Semester 4/Pemweb/Projek/vendor/laravel/framework/src/Illuminate/Log/LogManager.php:212)
[stacktrace]
#0 D:/Kuliah/Semester 4/Pemweb/Projek/vendor/laravel/framework/src/Illuminate/Log/LogManager.php(137): Illuminate/Log/LogManager->resolve(NULL, NULL)
#1 D:/Kuliah/Semester 4/Pemweb/Projek/vendor/laravel/framework/src/Illuminate/Log/LogManager.php(124): Illuminate/Log/LogManager->get(NULL)
#2 D:/Kuliah/Semester 4/Pemweb/Projek/vendor/laravel/framework/src/Illuminate/Log/LogManager.php(681): Illuminate/Log/LogManager->driver()
#3 D:/Kuliah/Semester 4/Pemweb/Projek/vendor/laravel/framework/src/Illuminate/Foundation/Exceptions/Handler.php(317): Illuminate/Log/LogManager->error('Maximum executi...', Array)
#4 D:/Kuliah/Semester 4/Pemweb/Projek/vendor/laravel/framework/src/Illuminate/Foundation/Exceptions/Handler.php(278): Illuminate/Foundation/Exceptions/Handler->reportThrowable(Object(Symfony/Component/ErrorHandler/Error/FatalError))
#5 D:/Kuliah/Semester 4/Pemweb/Projek/vendor/laravel/framework/src/Illuminate/Foundation/Bootstrap/HandleExceptions.php(183): Illuminate/Foundation/Exceptions/Handler->report(Object(Symfony/Component/ErrorHandler/Error/FatalError))
#6 D:/Kuliah/Semester 4/Pemweb/Projek/vendor/laravel/framework/src/Illuminate/Foundation/Bootstrap/HandleExceptions.php(231): Illuminate/Foundation/Bootstrap/HandleExceptions->handleException(Object(Symfony/Component/ErrorHandler/Error/FatalError))
#7 D:/Kuliah/Semester 4/Pemweb/Projek/vendor/laravel/framework/src/Illuminate/Foundation/Bootstrap/HandleExceptions.php(255): Illuminate/Foundation/Bootstrap/HandleExceptions->handleShutdown()
#8 [internal function]: Illuminate/Foundation/Bootstrap/HandleExceptions->{closure:Illuminate/Foundation/Bootstrap/HandleExceptions::forwardsTo():254}()
#9 {main}
"} 
[2026-06-01 14:08:31] laravel.ERROR: Maximum execution time of 120 seconds exceeded {"exception":"[object] (Symfony\\Component\\ErrorHandler\\Error\\FatalError(code: 0): Maximum execution time of 120 seconds exceeded at D:/Kuliah/Semester 4/Pemweb/Projek/app/Models/ProdukModel.php:232)
[stacktrace]
#0 {main}
"} 
[2026-06-02 15:00:29] laravel.EMERGENCY: Unable to create configured logger. Using emergency logger. {"exception":"[object] (InvalidArgumentException(code: 0): Log [] is not defined. at D:/Kuliah/Semester 4/Pemweb/Projek/vendor/laravel/framework/src/Illuminate/Log/LogManager.php:212)
[stacktrace]
#0 D:/Kuliah/Semester 4/Pemweb/Projek/vendor/laravel/framework/src/Illuminate/Log/LogManager.php(137): Illuminate/Log/LogManager->resolve(NULL, NULL)
#1 D:/Kuliah/Semester 4/Pemweb/Projek/vendor/laravel/framework/src/Illuminate/Log/LogManager.php(124): Illuminate/Log/LogManager->get(NULL)
#2 D:/Kuliah/Semester 4/Pemweb/Projek/vendor/laravel/framework/src/Illuminate/Log/LogManager.php(681): Illuminate/Log/LogManager->driver()
#3 D:/Kuliah/Semester 4/Pemweb/Projek/vendor/laravel/framework/src/Illuminate/Foundation/Exceptions/Handler.php(317): Illuminate/Log/LogManager->error('Undefined array...', Array)
#4 D:/Kuliah/Semester 4/Pemweb/Projek/vendor/laravel/framework/src/Illuminate/Foundation/Exceptions/Handler.php(278): Illuminate/Foundation/Exceptions/Handler->reportThrowable(Object(ErrorException))
#5 D:/Kuliah/Semester 4/Pemweb/Projek/vendor/laravel/framework/src/Illuminate/Routing/Pipeline.php(49): Illuminate/Foundation/Exceptions/Handler->report(Object(ErrorException))
#6 D:/Kuliah/Semester 4/Pemweb/Projek/vendor/laravel/framework/src/Illuminate/Pipeline/Pipeline.php(146): Illuminate/Routing/Pipeline->handleException(Object(Illuminate/Http/Request), Object(ErrorException))
#7 D:/Kuliah/Semester 4/Pemweb/Projek/vendor/laravel/framework/src/Illuminate/Routing/Middleware/SubstituteBindings.php(50): Illuminate/Pipeline/Pipeline->{closure:Illuminate/Pipeline/Pipeline::prepareDestination():142}(Object(Illuminate/Http/Request))
#8 D:/Kuliah/Semester 4/Pemweb/Projek/vendor/laravel/framework/src/Illuminate/Pipeline/Pipeline.php(183): Illuminate/Routing/Middleware/SubstituteBindings->handle(Object(Illuminate/Http/Request), Object(Closure))
#9 D:/Kuliah/Semester 4/Pemweb/Projek/vendor/laravel/framework/src/Illuminate/Foundation/Http/Middleware/VerifyCsrfToken.php(78): Illuminate/Pipeline/Pipeline->{closure:{closure:Illuminate/Pipeline/Pipeline::carry():158}:159}(Object(Illuminate/Http/Request))
#10 D:/Kuliah/Semester 4/Pemweb/Projek/vendor/laravel/framework/src/Illuminate/Pipeline/Pipeline.php(183): Illuminate/Foundation/Http/Middleware/VerifyCsrfToken->handle(Object(Illuminate/Http/Request), Object(Closure))
#11 D:/Kuliah/Semester 4/Pemweb/Projek/vendor/laravel/framework/src/Illuminate/View/Middleware/ShareErrorsFromSession.php(49): Illuminate/Pipeline/Pipeline->{closure:{closure:Illuminate/Pipeline/Pipeline::carry():158}:159}(Object(Illuminate/Http/Request))
#12 D:/Kuliah/Semester 4/Pemweb/Projek/vendor/laravel/framework/src/Illuminate/Pipeline/Pipeline.php(183): Illuminate/View/Middleware/ShareErrorsFromSession->handle(Object(Illuminate/Http/Request), Object(Closure))
#13 D:/Kuliah/Semester 4/Pemweb/Projek/vendor/laravel/framework/src/Illuminate/Session/Middleware/StartSession.php(121): Illuminate/Pipeline/Pipeline->{closure:{closure:Illuminate/Pipeline/Pipeline::carry():158}:159}(Object(Illuminate/Http/Request))
#14 D:/Kuliah/Semester 4/Pemweb/Projek/vendor/laravel/framework/src/Illuminate/Session/Middleware/StartSession.php(64): Illuminate/Session/Middleware/StartSession->handleStatefulRequest(Object(Illuminate/Http/Request), Object(Illuminate/Session/Store), Object(Closure))
#15 D:/Kuliah/Semester 4/Pemweb/Projek/vendor/laravel/framework/src/Illuminate/Pipeline/Pipeline.php(183): Illuminate/Session/Middleware/StartSession->handle(Object(Illuminate/Http/Request), Object(Closure))
#16 D:/Kuliah/Semester 4/Pemweb/Projek/vendor/laravel/framework/src/Illuminate/Cookie/Middleware/AddQueuedCookiesToResponse.php(37): Illuminate/Pipeline/Pipeline->{closure:{closure:Illuminate/Pipeline/Pipeline::carry():158}:159}(Object(Illuminate/Http/Request))
#17 D:/Kuliah/Semester 4/Pemweb/Projek/vendor/laravel/framework/src/Illuminate/Pipeline/Pipeline.php(183): Illuminate/Cookie/Middleware/AddQueuedCookiesToResponse->handle(Object(Illuminate/Http/Request), Object(Closure))
#18 D:/Kuliah/Semester 4/Pemweb/Projek/vendor/laravel/framework/src/Illuminate/Cookie/Middleware/EncryptCookies.php(67): Illuminate/Pipeline/Pipeline->{closure:{closure:Illuminate/Pipeline/Pipeline::carry():158}:159}(Object(Illuminate/Http/Request))
#19 D:/Kuliah/Semester 4/Pemweb/Projek/vendor/laravel/framework/src/Illuminate/Pipeline/Pipeline.php(183): Illuminate/Cookie/Middleware/EncryptCookies->handle(Object(Illuminate/Http/Request), Object(Closure))
#20 D:/Kuliah/Semester 4/Pemweb/Projek/vendor/laravel/framework/src/Illuminate/Pipeline/Pipeline.php(119): Illuminate/Pipeline/Pipeline->{closure:{closure:Illuminate/Pipeline/Pipeline::carry():158}:159}(Object(Illuminate/Http/Request))
#21 D:/Kuliah/Semester 4/Pemweb/Projek/vendor/laravel/framework/src/Illuminate/Routing/Router.php(805): Illuminate/Pipeline/Pipeline->then(Object(Closure))
#22 D:/Kuliah/Semester 4/Pemweb/Projek/vendor/laravel/framework/src/Illuminate/Routing/Router.php(784): Illuminate/Routing/Router->runRouteWithinStack(Object(Illuminate/Routing/Route), Object(Illuminate/Http/Request))
#23 D:/Kuliah/Semester 4/Pemweb/Projek/vendor/laravel/framework/src/Illuminate/Routing/Router.php(748): Illuminate/Routing/Router->runRoute(Object(Illuminate/Http/Request), Object(Illuminate/Routing/Route))
#24 D:/Kuliah/Semester 4/Pemweb/Projek/vendor/laravel/framework/src/Illuminate/Routing/Router.php(737): Illuminate/Routing/Router->dispatchToRoute(Object(Illuminate/Http/Request))
#25 D:/Kuliah/Semester 4/Pemweb/Projek/vendor/laravel/framework/src/Illuminate/Foundation/Http/Kernel.php(200): Illuminate/Routing/Router->dispatch(Object(Illuminate/Http/Request))
#26 D:/Kuliah/Semester 4/Pemweb/Projek/vendor/laravel/framework/src/Illuminate/Pipeline/Pipeline.php(144): Illuminate/Foundation/Http/Kernel->{closure:Illuminate/Foundation/Http/Kernel::dispatchToRouter():197}(Object(Illuminate/Http/Request))
#27 D:/Kuliah/Semester 4/Pemweb/Projek/vendor/laravel/framework/src/Illuminate/Foundation/Http/Middleware/TransformsRequest.php(21): Illuminate/Pipeline/Pipeline->{closure:Illuminate/Pipeline/Pipeline::prepareDestination():142}(Object(Illuminate/Http/Request))
#28 D:/Kuliah/Semester 4/Pemweb/Projek/vendor/laravel/framework/src/Illuminate/Foundation/Http/Middleware/ConvertEmptyStringsToNull.php(31): Illuminate/Foundation/Http/Middleware/TransformsRequest->handle(Object(Illuminate/Http/Request), Object(Closure))
#29 D:/Kuliah/Semester 4/Pemweb/Projek/vendor/laravel/framework/src/Illuminate/Pipeline/Pipeline.php(183): Illuminate/Foundation/Http/Middleware/ConvertEmptyStringsToNull->handle(Object(Illuminate/Http/Request), Object(Closure))
#30 D:/Kuliah/Semester 4/Pemweb/Projek/vendor/laravel/framework/src/Illuminate/Foundation/Http/Middleware/TransformsRequest.php(21): Illuminate/Pipeline/Pipeline->{closure:{closure:Illuminate/Pipeline/Pipeline::carry():158}:159}(Object(Illuminate/Http/Request))
#31 D:/Kuliah/Semester 4/Pemweb/Projek/vendor/laravel/framework/src/Illuminate/Foundation/Http/Middleware/TrimStrings.php(40): Illuminate/Foundation/Http/Middleware/TransformsRequest->handle(Object(Illuminate/Http/Request), Object(Closure))
#32 D:/Kuliah/Semester 4/Pemweb/Projek/vendor/laravel/framework/src/Illuminate/Pipeline/Pipeline.php(183): Illuminate/Foundation/Http/Middleware/TrimStrings->handle(Object(Illuminate/Http/Request), Object(Closure))
#33 D:/Kuliah/Semester 4/Pemweb/Projek/vendor/laravel/framework/src/Illuminate/Foundation/Http/Middleware/ValidatePostSize.php(27): Illuminate/Pipeline/Pipeline->{closure:{closure:Illuminate/Pipeline/Pipeline::carry():158}:159}(Object(Illuminate/Http/Request))
#34 D:/Kuliah/Semester 4/Pemweb/Projek/vendor/laravel/framework/src/Illuminate/Pipeline/Pipeline.php(183): Illuminate/Foundation/Http/Middleware/ValidatePostSize->handle(Object(Illuminate/Http/Request), Object(Closure))
#35 D:/Kuliah/Semester 4/Pemweb/Projek/vendor/laravel/framework/src/Illuminate/Foundation/Http/Middleware/PreventRequestsDuringMaintenance.php(99): Illuminate/Pipeline/Pipeline->{closure:{closure:Illuminate/Pipeline/Pipeline::carry():158}:159}(Object(Illuminate/Http/Request))
#36 D:/Kuliah/Semester 4/Pemweb/Projek/vendor/laravel/framework/src/Illuminate/Pipeline/Pipeline.php(183): Illuminate/Foundation/Http/Middleware/PreventRequestsDuringMaintenance->handle(Object(Illuminate/Http/Request), Object(Closure))
#37 D:/Kuliah/Semester 4/Pemweb/Projek/vendor/laravel/framework/src/Illuminate/Pipeline/Pipeline.php(119): Illuminate/Pipeline/Pipeline->{closure:{closure:Illuminate/Pipeline/Pipeline::carry():158}:159}(Object(Illuminate/Http/Request))
#38 D:/Kuliah/Semester 4/Pemweb/Projek/vendor/laravel/framework/src/Illuminate/Foundation/Http/Kernel.php(175): Illuminate/Pipeline/Pipeline->then(Object(Closure))
#39 D:/Kuliah/Semester 4/Pemweb/Projek/vendor/laravel/framework/src/Illuminate/Foundation/Http/Kernel.php(144): Illuminate/Foundation/Http/Kernel->sendRequestThroughRouter(Object(Illuminate/Http/Request))
#40 D:/Kuliah/Semester 4/Pemweb/Projek/public/index.php(25): Illuminate/Foundation/Http/Kernel->handle(Object(Illuminate/Http/Request))
#41 D:/Kuliah/Semester 4/Pemweb/Projek/vendor/laravel/framework/src/Illuminate/Foundation/resources/server.php(16): require_once('D://Kuliah//Semes...')
#42 {main}
"} 
[2026-06-02 15:00:29] laravel.ERROR: Undefined array key "id_produk" {"exception":"[object] (ErrorException(code: 0): Undefined array key \"id_produk\" at D:/Kuliah/Semester 4/Pemweb/Projek/views/detail/index.php:152)
[stacktrace]
#0 D:/Kuliah/Semester 4/Pemweb/Projek/vendor/laravel/framework/src/Illuminate/Foundation/Bootstrap/HandleExceptions.php(255): Illuminate/Foundation/Bootstrap/HandleExceptions->handleError(2, 'Undefined array...', 'D://Kuliah//Semes...', 152)
#1 D:/Kuliah/Semester 4/Pemweb/Projek/views/detail/index.php(152): Illuminate/Foundation/Bootstrap/HandleExceptions->{closure:Illuminate/Foundation/Bootstrap/HandleExceptions::forwardsTo():254}(2, 'Undefined array...', 'D://Kuliah//Semes...', 152)
#2 D:/Kuliah/Semester 4/Pemweb/Projek/vendor/laravel/framework/src/Illuminate/Filesystem/Filesystem.php(123): require('D://Kuliah//Semes...')
#3 D:/Kuliah/Semester 4/Pemweb/Projek/vendor/laravel/framework/src/Illuminate/Filesystem/Filesystem.php(124): Illuminate/Filesystem/Filesystem::{closure:Illuminate/Filesystem/Filesystem::getRequire():120}()
#4 D:/Kuliah/Semester 4/Pemweb/Projek/vendor/laravel/framework/src/Illuminate/View/Engines/PhpEngine.php(58): Illuminate/Filesystem/Filesystem->getRequire('D://Kuliah//Semes...', Array)
#5 D:/Kuliah/Semester 4/Pemweb/Projek/vendor/laravel/framework/src/Illuminate/View/Engines/PhpEngine.php(38): Illuminate/View/Engines/PhpEngine->evaluatePath('D://Kuliah//Semes...', Array)
#6 D:/Kuliah/Semester 4/Pemweb/Projek/vendor/laravel/framework/src/Illuminate/View/View.php(207): Illuminate/View/Engines/PhpEngine->get('D://Kuliah//Semes...', Array)
#7 D:/Kuliah/Semester 4/Pemweb/Projek/vendor/laravel/framework/src/Illuminate/View/View.php(190): Illuminate/View/View->getContents()
#8 D:/Kuliah/Semester 4/Pemweb/Projek/vendor/laravel/framework/src/Illuminate/View/View.php(159): Illuminate/View/View->renderContents()
#9 D:/Kuliah/Semester 4/Pemweb/Projek/vendor/laravel/framework/src/Illuminate/View/View.php(504): Illuminate/View/View->render()
#10 D:/Kuliah/Semester 4/Pemweb/Projek/app/Http/Controllers/Detail.php(30): Illuminate/View/View->__toString()
#11 D:/Kuliah/Semester 4/Pemweb/Projek/vendor/laravel/framework/src/Illuminate/Routing/Controller.php(54): App/Http/Controllers/Detail->index('PRD000008')
#12 D:/Kuliah/Semester 4/Pemweb/Projek/vendor/laravel/framework/src/Illuminate/Routing/ControllerDispatcher.php(43): Illuminate/Routing/Controller->callAction('index', Array)
#13 D:/Kuliah/Semester 4/Pemweb/Projek/vendor/laravel/framework/src/Illuminate/Routing/Route.php(259): Illuminate/Routing/ControllerDispatcher->dispatch(Object(Illuminate/Routing/Route), Object(App/Http/Controllers/Detail), 'index')
#14 D:/Kuliah/Semester 4/Pemweb/Projek/vendor/laravel/framework/src/Illuminate/Routing/Route.php(205): Illuminate/Routing/Route->runController()
#15 D:/Kuliah/Semester 4/Pemweb/Projek/vendor/laravel/framework/src/Illuminate/Routing/Router.php(806): Illuminate/Routing/Route->run()
#16 D:/Kuliah/Semester 4/Pemweb/Projek/vendor/laravel/framework/src/Illuminate/Pipeline/Pipeline.php(144): Illuminate/Routing/Router->{closure:Illuminate/Routing/Router::runRouteWithinStack():805}(Object(Illuminate/Http/Request))
#17 D:/Kuliah/Semester 4/Pemweb/Projek/vendor/laravel/framework/src/Illuminate/Routing/Middleware/SubstituteBindings.php(50): Illuminate/Pipeline/Pipeline->{closure:Illuminate/Pipeline/Pipeline::prepareDestination():142}(Object(Illuminate/Http/Request))
#18 D:/Kuliah/Semester 4/Pemweb/Projek/vendor/laravel/framework/src/Illuminate/Pipeline/Pipeline.php(183): Illuminate/Routing/Middleware/SubstituteBindings->handle(Object(Illuminate/Http/Request), Object(Closure))
#19 D:/Kuliah/Semester 4/Pemweb/Projek/vendor/laravel/framework/src/Illuminate/Foundation/Http/Middleware/VerifyCsrfToken.php(78): Illuminate/Pipeline/Pipeline->{closure:{closure:Illuminate/Pipeline/Pipeline::carry():158}:159}(Object(Illuminate/Http/Request))
#20 D:/Kuliah/Semester 4/Pemweb/Projek/vendor/laravel/framework/src/Illuminate/Pipeline/Pipeline.php(183): Illuminate/Foundation/Http/Middleware/VerifyCsrfToken->handle(Object(Illuminate/Http/Request), Object(Closure))
#21 D:/Kuliah/Semester 4/Pemweb/Projek/vendor/laravel/framework/src/Illuminate/View/Middleware/ShareErrorsFromSession.php(49): Illuminate/Pipeline/Pipeline->{closure:{closure:Illuminate/Pipeline/Pipeline::carry():158}:159}(Object(Illuminate/Http/Request))
#22 D:/Kuliah/Semester 4/Pemweb/Projek/vendor/laravel/framework/src/Illuminate/Pipeline/Pipeline.php(183): Illuminate/View/Middleware/ShareErrorsFromSession->handle(Object(Illuminate/Http/Request), Object(Closure))
#23 D:/Kuliah/Semester 4/Pemweb/Projek/vendor/laravel/framework/src/Illuminate/Session/Middleware/StartSession.php(121): Illuminate/Pipeline/Pipeline->{closure:{closure:Illuminate/Pipeline/Pipeline::carry():158}:159}(Object(Illuminate/Http/Request))
#24 D:/Kuliah/Semester 4/Pemweb/Projek/vendor/laravel/framework/src/Illuminate/Session/Middleware/StartSession.php(64): Illuminate/Session/Middleware/StartSession->handleStatefulRequest(Object(Illuminate/Http/Request), Object(Illuminate/Session/Store), Object(Closure))
#25 D:/Kuliah/Semester 4/Pemweb/Projek/vendor/laravel/framework/src/Illuminate/Pipeline/Pipeline.php(183): Illuminate/Session/Middleware/StartSession->handle(Object(Illuminate/Http/Request), Object(Closure))
#26 D:/Kuliah/Semester 4/Pemweb/Projek/vendor/laravel/framework/src/Illuminate/Cookie/Middleware/AddQueuedCookiesToResponse.php(37): Illuminate/Pipeline/Pipeline->{closure:{closure:Illuminate/Pipeline/Pipeline::carry():158}:159}(Object(Illuminate/Http/Request))
#27 D:/Kuliah/Semester 4/Pemweb/Projek/vendor/laravel/framework/src/Illuminate/Pipeline/Pipeline.php(183): Illuminate/Cookie/Middleware/AddQueuedCookiesToResponse->handle(Object(Illuminate/Http/Request), Object(Closure))
#28 D:/Kuliah/Semester 4/Pemweb/Projek/vendor/laravel/framework/src/Illuminate/Cookie/Middleware/EncryptCookies.php(67): Illuminate/Pipeline/Pipeline->{closure:{closure:Illuminate/Pipeline/Pipeline::carry():158}:159}(Object(Illuminate/Http/Request))
#29 D:/Kuliah/Semester 4/Pemweb/Projek/vendor/laravel/framework/src/Illuminate/Pipeline/Pipeline.php(183): Illuminate/Cookie/Middleware/EncryptCookies->handle(Object(Illuminate/Http/Request), Object(Closure))
#30 D:/Kuliah/Semester 4/Pemweb/Projek/vendor/laravel/framework/src/Illuminate/Pipeline/Pipeline.php(119): Illuminate/Pipeline/Pipeline->{closure:{closure:Illuminate/Pipeline/Pipeline::carry():158}:159}(Object(Illuminate/Http/Request))
#31 D:/Kuliah/Semester 4/Pemweb/Projek/vendor/laravel/framework/src/Illuminate/Routing/Router.php(805): Illuminate/Pipeline/Pipeline->then(Object(Closure))
#32 D:/Kuliah/Semester 4/Pemweb/Projek/vendor/laravel/framework/src/Illuminate/Routing/Router.php(784): Illuminate/Routing/Router->runRouteWithinStack(Object(Illuminate/Routing/Route), Object(Illuminate/Http/Request))
#33 D:/Kuliah/Semester 4/Pemweb/Projek/vendor/laravel/framework/src/Illuminate/Routing/Router.php(748): Illuminate/Routing/Router->runRoute(Object(Illuminate/Http/Request), Object(Illuminate/Routing/Route))
#34 D:/Kuliah/Semester 4/Pemweb/Projek/vendor/laravel/framework/src/Illuminate/Routing/Router.php(737): Illuminate/Routing/Router->dispatchToRoute(Object(Illuminate/Http/Request))
#35 D:/Kuliah/Semester 4/Pemweb/Projek/vendor/laravel/framework/src/Illuminate/Foundation/Http/Kernel.php(200): Illuminate/Routing/Router->dispatch(Object(Illuminate/Http/Request))
#36 D:/Kuliah/Semester 4/Pemweb/Projek/vendor/laravel/framework/src/Illuminate/Pipeline/Pipeline.php(144): Illuminate/Foundation/Http/Kernel->{closure:Illuminate/Foundation/Http/Kernel::dispatchToRouter():197}(Object(Illuminate/Http/Request))
#37 D:/Kuliah/Semester 4/Pemweb/Projek/vendor/laravel/framework/src/Illuminate/Foundation/Http/Middleware/TransformsRequest.php(21): Illuminate/Pipeline/Pipeline->{closure:Illuminate/Pipeline/Pipeline::prepareDestination():142}(Object(Illuminate/Http/Request))
#38 D:/Kuliah/Semester 4/Pemweb/Projek/vendor/laravel/framework/src/Illuminate/Foundation/Http/Middleware/ConvertEmptyStringsToNull.php(31): Illuminate/Foundation/Http/Middleware/TransformsRequest->handle(Object(Illuminate/Http/Request), Object(Closure))
#39 D:/Kuliah/Semester 4/Pemweb/Projek/vendor/laravel/framework/src/Illuminate/Pipeline/Pipeline.php(183): Illuminate/Foundation/Http/Middleware/ConvertEmptyStringsToNull->handle(Object(Illuminate/Http/Request), Object(Closure))
#40 D:/Kuliah/Semester 4/Pemweb/Projek/vendor/laravel/framework/src/Illuminate/Foundation/Http/Middleware/TransformsRequest.php(21): Illuminate/Pipeline/Pipeline->{closure:{closure:Illuminate/Pipeline/Pipeline::carry():158}:159}(Object(Illuminate/Http/Request))
#41 D:/Kuliah/Semester 4/Pemweb/Projek/vendor/laravel/framework/src/Illuminate/Foundation/Http/Middleware/TrimStrings.php(40): Illuminate/Foundation/Http/Middleware/TransformsRequest->handle(Object(Illuminate/Http/Request), Object(Closure))
#42 D:/Kuliah/Semester 4/Pemweb/Projek/vendor/laravel/framework/src/Illuminate/Pipeline/Pipeline.php(183): Illuminate/Foundation/Http/Middleware/TrimStrings->handle(Object(Illuminate/Http/Request), Object(Closure))
#43 D:/Kuliah/Semester 4/Pemweb/Projek/vendor/laravel/framework/src/Illuminate/Foundation/Http/Middleware/ValidatePostSize.php(27): Illuminate/Pipeline/Pipeline->{closure:{closure:Illuminate/Pipeline/Pipeline::carry():158}:159}(Object(Illuminate/Http/Request))
#44 D:/Kuliah/Semester 4/Pemweb/Projek/vendor/laravel/framework/src/Illuminate/Pipeline/Pipeline.php(183): Illuminate/Foundation/Http/Middleware/ValidatePostSize->handle(Object(Illuminate/Http/Request), Object(Closure))
#45 D:/Kuliah/Semester 4/Pemweb/Projek/vendor/laravel/framework/src/Illuminate/Foundation/Http/Middleware/PreventRequestsDuringMaintenance.php(99): Illuminate/Pipeline/Pipeline->{closure:{closure:Illuminate/Pipeline/Pipeline::carry():158}:159}(Object(Illuminate/Http/Request))
#46 D:/Kuliah/Semester 4/Pemweb/Projek/vendor/laravel/framework/src/Illuminate/Pipeline/Pipeline.php(183): Illuminate/Foundation/Http/Middleware/PreventRequestsDuringMaintenance->handle(Object(Illuminate/Http/Request), Object(Closure))
#47 D:/Kuliah/Semester 4/Pemweb/Projek/vendor/laravel/framework/src/Illuminate/Pipeline/Pipeline.php(119): Illuminate/Pipeline/Pipeline->{closure:{closure:Illuminate/Pipeline/Pipeline::carry():158}:159}(Object(Illuminate/Http/Request))
#48 D:/Kuliah/Semester 4/Pemweb/Projek/vendor/laravel/framework/src/Illuminate/Foundation/Http/Kernel.php(175): Illuminate/Pipeline/Pipeline->then(Object(Closure))
#49 D:/Kuliah/Semester 4/Pemweb/Projek/vendor/laravel/framework/src/Illuminate/Foundation/Http/Kernel.php(144): Illuminate/Foundation/Http/Kernel->sendRequestThroughRouter(Object(Illuminate/Http/Request))
#50 D:/Kuliah/Semester 4/Pemweb/Projek/public/index.php(25): Illuminate/Foundation/Http/Kernel->handle(Object(Illuminate/Http/Request))
#51 D:/Kuliah/Semester 4/Pemweb/Projek/vendor/laravel/framework/src/Illuminate/Foundation/resources/server.php(16): require_once('D://Kuliah//Semes...')
#52 {main}
"} 
[2026-06-02 15:15:18] laravel.EMERGENCY: Unable to create configured logger. Using emergency logger. {"exception":"[object] (InvalidArgumentException(code: 0): Log [] is not defined. at D:/Kuliah/Semester 4/Pemweb/Projek/vendor/laravel/framework/src/Illuminate/Log/LogManager.php:212)
[stacktrace]
#0 D:/Kuliah/Semester 4/Pemweb/Projek/vendor/laravel/framework/src/Illuminate/Log/LogManager.php(137): Illuminate/Log/LogManager->resolve(NULL, NULL)
#1 D:/Kuliah/Semester 4/Pemweb/Projek/vendor/laravel/framework/src/Illuminate/Log/LogManager.php(124): Illuminate/Log/LogManager->get(NULL)
#2 D:/Kuliah/Semester 4/Pemweb/Projek/vendor/laravel/framework/src/Illuminate/Log/LogManager.php(681): Illuminate/Log/LogManager->driver()
#3 D:/Kuliah/Semester 4/Pemweb/Projek/vendor/laravel/framework/src/Illuminate/Foundation/Exceptions/Handler.php(317): Illuminate/Log/LogManager->error('SQLSTATE[HY000]...', Array)
#4 D:/Kuliah/Semester 4/Pemweb/Projek/vendor/laravel/framework/src/Illuminate/Foundation/Exceptions/Handler.php(278): Illuminate/Foundation/Exceptions/Handler->reportThrowable(Object(Illuminate/Database/QueryException))
#5 D:/Kuliah/Semester 4/Pemweb/Projek/vendor/nunomaduro/collision/src/Adapters/Laravel/ExceptionHandler.php(46): Illuminate/Foundation/Exceptions/Handler->report(Object(Illuminate/Database/QueryException))
#6 D:/Kuliah/Semester 4/Pemweb/Projek/vendor/laravel/framework/src/Illuminate/Foundation/Console/Kernel.php(523): NunoMaduro/Collision/Adapters/Laravel/ExceptionHandler->report(Object(Illuminate/Database/QueryException))
#7 D:/Kuliah/Semester 4/Pemweb/Projek/vendor/laravel/framework/src/Illuminate/Foundation/Console/Kernel.php(203): Illuminate/Foundation/Console/Kernel->reportException(Object(Illuminate/Database/QueryException))
#8 D:/Kuliah/Semester 4/Pemweb/Projek/artisan(17): Illuminate/Foundation/Console/Kernel->handle(Object(Symfony/Component/Console/Input/ArgvInput), Object(Symfony/Component/Console/Output/ConsoleOutput))
#9 {main}
"} 
[2026-06-02 15:15:18] laravel.ERROR: SQLSTATE[HY000]: General error: 3780 Referencing column 'pembeli_id' and referenced column 'akun_id' in foreign key constraint 'orders_pembeli_id_foreign' are incompatible. (Connection: mysql, SQL: alter table `orders` add constraint `orders_pembeli_id_foreign` foreign key (`pembeli_id`) references `akun` (`akun_id`) on delete cascade) {"exception":"[object] (Illuminate\\Database\\QueryException(code: HY000): SQLSTATE[HY000]: General error: 3780 Referencing column 'pembeli_id' and referenced column 'akun_id' in foreign key constraint 'orders_pembeli_id_foreign' are incompatible. (Connection: mysql, SQL: alter table `orders` add constraint `orders_pembeli_id_foreign` foreign key (`pembeli_id`) references `akun` (`akun_id`) on delete cascade) at D:/Kuliah/Semester 4/Pemweb/Projek/vendor/laravel/framework/src/Illuminate/Database/Connection.php:829)
[stacktrace]
#0 D:/Kuliah/Semester 4/Pemweb/Projek/vendor/laravel/framework/src/Illuminate/Database/Connection.php(783): Illuminate/Database/Connection->runQueryCallback('alter table `or...', Array, Object(Closure))
#1 D:/Kuliah/Semester 4/Pemweb/Projek/vendor/laravel/framework/src/Illuminate/Database/Connection.php(576): Illuminate/Database/Connection->run('alter table `or...', Array, Object(Closure))
#2 D:/Kuliah/Semester 4/Pemweb/Projek/vendor/laravel/framework/src/Illuminate/Database/Schema/Blueprint.php(110): Illuminate/Database/Connection->statement('alter table `or...')
#3 D:/Kuliah/Semester 4/Pemweb/Projek/vendor/laravel/framework/src/Illuminate/Database/Schema/Builder.php(602): Illuminate/Database/Schema/Blueprint->build(Object(Illuminate/Database/MySqlConnection), Object(Illuminate/Database/Schema/Grammars/MySqlGrammar))
#4 D:/Kuliah/Semester 4/Pemweb/Projek/vendor/laravel/framework/src/Illuminate/Database/Schema/Builder.php(456): Illuminate/Database/Schema/Builder->build(Object(Illuminate/Database/Schema/Blueprint))
#5 D:/Kuliah/Semester 4/Pemweb/Projek/vendor/laravel/framework/src/Illuminate/Support/Facades/Facade.php(355): Illuminate/Database/Schema/Builder->create('orders', Object(Closure))
#6 D:/Kuliah/Semester 4/Pemweb/Projek/database/migrations/2026_06_02_000005_create_orders_table.php(15): Illuminate/Support/Facades/Facade::__callStatic('create', Array)
#7 D:/Kuliah/Semester 4/Pemweb/Projek/vendor/laravel/framework/src/Illuminate/Database/Migrations/Migrator.php(501): Illuminate/Database/Migrations/Migration@anonymous->up()
#8 D:/Kuliah/Semester 4/Pemweb/Projek/vendor/laravel/framework/src/Illuminate/Database/Migrations/Migrator.php(418): Illuminate/Database/Migrations/Migrator->runMethod(Object(Illuminate/Database/MySqlConnection), Object(Illuminate/Database/Migrations/Migration@anonymous), 'up')
#9 D:/Kuliah/Semester 4/Pemweb/Projek/vendor/laravel/framework/src/Illuminate/Database/Migrations/Migrator.php(427): Illuminate/Database/Migrations/Migrator->{closure:Illuminate/Database/Migrations/Migrator::runMigration():414}()
#10 D:/Kuliah/Semester 4/Pemweb/Projek/vendor/laravel/framework/src/Illuminate/Database/Migrations/Migrator.php(224): Illuminate/Database/Migrations/Migrator->runMigration(Object(Illuminate/Database/Migrations/Migration@anonymous), 'up')
#11 D:/Kuliah/Semester 4/Pemweb/Projek/vendor/laravel/framework/src/Illuminate/Console/View/Components/Task.php(37): Illuminate/Database/Migrations/Migrator->{closure:Illuminate/Database/Migrations/Migrator::runUp():224}()
#12 D:/Kuliah/Semester 4/Pemweb/Projek/vendor/laravel/framework/src/Illuminate/Database/Migrations/Migrator.php(783): Illuminate/Console/View/Components/Task->render('2026_06_02_0000...', Object(Closure))
#13 D:/Kuliah/Semester 4/Pemweb/Projek/vendor/laravel/framework/src/Illuminate/Database/Migrations/Migrator.php(224): Illuminate/Database/Migrations/Migrator->write('Illuminate//Cons...', '2026_06_02_0000...', Object(Closure))
#14 D:/Kuliah/Semester 4/Pemweb/Projek/vendor/laravel/framework/src/Illuminate/Database/Migrations/Migrator.php(189): Illuminate/Database/Migrations/Migrator->runUp('D://Kuliah//Semes...', 1, false)
#15 D:/Kuliah/Semester 4/Pemweb/Projek/vendor/laravel/framework/src/Illuminate/Database/Migrations/Migrator.php(132): Illuminate/Database/Migrations/Migrator->runPending(Array, Array)
#16 D:/Kuliah/Semester 4/Pemweb/Projek/vendor/laravel/framework/src/Illuminate/Database/Console/Migrations/MigrateCommand.php(90): Illuminate/Database/Migrations/Migrator->run(Array, Array)
#17 D:/Kuliah/Semester 4/Pemweb/Projek/vendor/laravel/framework/src/Illuminate/Database/Migrations/Migrator.php(641): Illuminate/Database/Console/Migrations/MigrateCommand->{closure:Illuminate/Database/Console/Migrations/MigrateCommand::handle():83}()
#18 D:/Kuliah/Semester 4/Pemweb/Projek/vendor/laravel/framework/src/Illuminate/Database/Console/Migrations/MigrateCommand.php(83): Illuminate/Database/Migrations/Migrator->usingConnection(NULL, Object(Closure))
#19 D:/Kuliah/Semester 4/Pemweb/Projek/vendor/laravel/framework/src/Illuminate/Container/BoundMethod.php(36): Illuminate/Database/Console/Migrations/MigrateCommand->handle()
#20 D:/Kuliah/Semester 4/Pemweb/Projek/vendor/laravel/framework/src/Illuminate/Container/Util.php(41): Illuminate/Container/BoundMethod::{closure:Illuminate/Container/BoundMethod::call():35}()
#21 D:/Kuliah/Semester 4/Pemweb/Projek/vendor/laravel/framework/src/Illuminate/Container/BoundMethod.php(93): Illuminate/Container/Util::unwrapIfClosure(Object(Closure))
#22 D:/Kuliah/Semester 4/Pemweb/Projek/vendor/laravel/framework/src/Illuminate/Container/BoundMethod.php(35): Illuminate/Container/BoundMethod::callBoundMethod(Object(Illuminate/Foundation/Application), Array, Object(Closure))
#23 D:/Kuliah/Semester 4/Pemweb/Projek/vendor/laravel/framework/src/Illuminate/Container/Container.php(662): Illuminate/Container/BoundMethod::call(Object(Illuminate/Foundation/Application), Array, Array, NULL)
#24 D:/Kuliah/Semester 4/Pemweb/Projek/vendor/laravel/framework/src/Illuminate/Console/Command.php(211): Illuminate/Container/Container->call(Array)
#25 D:/Kuliah/Semester 4/Pemweb/Projek/vendor/symfony/console/Command/Command.php(326): Illuminate/Console/Command->execute(Object(Symfony/Component/Console/Input/ArgvInput), Object(Illuminate/Console/OutputStyle))
#26 D:/Kuliah/Semester 4/Pemweb/Projek/vendor/laravel/framework/src/Illuminate/Console/Command.php(180): Symfony/Component/Console/Command/Command->run(Object(Symfony/Component/Console/Input/ArgvInput), Object(Illuminate/Console/OutputStyle))
#27 D:/Kuliah/Semester 4/Pemweb/Projek/vendor/symfony/console/Application.php(1121): Illuminate/Console/Command->run(Object(Symfony/Component/Console/Input/ArgvInput), Object(Symfony/Component/Console/Output/ConsoleOutput))
#28 D:/Kuliah/Semester 4/Pemweb/Projek/vendor/symfony/console/Application.php(324): Symfony/Component/Console/Application->doRunCommand(Object(Illuminate/Database/Console/Migrations/MigrateCommand), Object(Symfony/Component/Console/Input/ArgvInput), Object(Symfony/Component/Console/Output/ConsoleOutput))
#29 D:/Kuliah/Semester 4/Pemweb/Projek/vendor/symfony/console/Application.php(175): Symfony/Component/Console/Application->doRun(Object(Symfony/Component/Console/Input/ArgvInput), Object(Symfony/Component/Console/Output/ConsoleOutput))
#30 D:/Kuliah/Semester 4/Pemweb/Projek/vendor/laravel/framework/src/Illuminate/Foundation/Console/Kernel.php(201): Symfony/Component/Console/Application->run(Object(Symfony/Component/Console/Input/ArgvInput), Object(Symfony/Component/Console/Output/ConsoleOutput))
#31 D:/Kuliah/Semester 4/Pemweb/Projek/artisan(17): Illuminate/Foundation/Console/Kernel->handle(Object(Symfony/Component/Console/Input/ArgvInput), Object(Symfony/Component/Console/Output/ConsoleOutput))
#32 {main}

[previous exception] [object] (PDOException(code: HY000): SQLSTATE[HY000]: General error: 3780 Referencing column 'pembeli_id' and referenced column 'akun_id' in foreign key constraint 'orders_pembeli_id_foreign' are incompatible. at D:/Kuliah/Semester 4/Pemweb/Projek/vendor/laravel/framework/src/Illuminate/Database/Connection.php:587)
[stacktrace]
#0 D:/Kuliah/Semester 4/Pemweb/Projek/vendor/laravel/framework/src/Illuminate/Database/Connection.php(587): PDOStatement->execute()
#1 D:/Kuliah/Semester 4/Pemweb/Projek/vendor/laravel/framework/src/Illuminate/Database/Connection.php(816): Illuminate/Database/Connection->{closure:Illuminate/Database/Connection::statement():576}('alter table `or...', Array)
#2 D:/Kuliah/Semester 4/Pemweb/Projek/vendor/laravel/framework/src/Illuminate/Database/Connection.php(783): Illuminate/Database/Connection->runQueryCallback('alter table `or...', Array, Object(Closure))
#3 D:/Kuliah/Semester 4/Pemweb/Projek/vendor/laravel/framework/src/Illuminate/Database/Connection.php(576): Illuminate/Database/Connection->run('alter table `or...', Array, Object(Closure))
#4 D:/Kuliah/Semester 4/Pemweb/Projek/vendor/laravel/framework/src/Illuminate/Database/Schema/Blueprint.php(110): Illuminate/Database/Connection->statement('alter table `or...')
#5 D:/Kuliah/Semester 4/Pemweb/Projek/vendor/laravel/framework/src/Illuminate/Database/Schema/Builder.php(602): Illuminate/Database/Schema/Blueprint->build(Object(Illuminate/Database/MySqlConnection), Object(Illuminate/Database/Schema/Grammars/MySqlGrammar))
#6 D:/Kuliah/Semester 4/Pemweb/Projek/vendor/laravel/framework/src/Illuminate/Database/Schema/Builder.php(456): Illuminate/Database/Schema/Builder->build(Object(Illuminate/Database/Schema/Blueprint))
#7 D:/Kuliah/Semester 4/Pemweb/Projek/vendor/laravel/framework/src/Illuminate/Support/Facades/Facade.php(355): Illuminate/Database/Schema/Builder->create('orders', Object(Closure))
#8 D:/Kuliah/Semester 4/Pemweb/Projek/database/migrations/2026_06_02_000005_create_orders_table.php(15): Illuminate/Support/Facades/Facade::__callStatic('create', Array)
#9 D:/Kuliah/Semester 4/Pemweb/Projek/vendor/laravel/framework/src/Illuminate/Database/Migrations/Migrator.php(501): Illuminate/Database/Migrations/Migration@anonymous->up()
#10 D:/Kuliah/Semester 4/Pemweb/Projek/vendor/laravel/framework/src/Illuminate/Database/Migrations/Migrator.php(418): Illuminate/Database/Migrations/Migrator->runMethod(Object(Illuminate/Database/MySqlConnection), Object(Illuminate/Database/Migrations/Migration@anonymous), 'up')
#11 D:/Kuliah/Semester 4/Pemweb/Projek/vendor/laravel/framework/src/Illuminate/Database/Migrations/Migrator.php(427): Illuminate/Database/Migrations/Migrator->{closure:Illuminate/Database/Migrations/Migrator::runMigration():414}()
#12 D:/Kuliah/Semester 4/Pemweb/Projek/vendor/laravel/framework/src/Illuminate/Database/Migrations/Migrator.php(224): Illuminate/Database/Migrations/Migrator->runMigration(Object(Illuminate/Database/Migrations/Migration@anonymous), 'up')
#13 D:/Kuliah/Semester 4/Pemweb/Projek/vendor/laravel/framework/src/Illuminate/Console/View/Components/Task.php(37): Illuminate/Database/Migrations/Migrator->{closure:Illuminate/Database/Migrations/Migrator::runUp():224}()
#14 D:/Kuliah/Semester 4/Pemweb/Projek/vendor/laravel/framework/src/Illuminate/Database/Migrations/Migrator.php(783): Illuminate/Console/View/Components/Task->render('2026_06_02_0000...', Object(Closure))
#15 D:/Kuliah/Semester 4/Pemweb/Projek/vendor/laravel/framework/src/Illuminate/Database/Migrations/Migrator.php(224): Illuminate/Database/Migrations/Migrator->write('Illuminate//Cons...', '2026_06_02_0000...', Object(Closure))
#16 D:/Kuliah/Semester 4/Pemweb/Projek/vendor/laravel/framework/src/Illuminate/Database/Migrations/Migrator.php(189): Illuminate/Database/Migrations/Migrator->runUp('D://Kuliah//Semes...', 1, false)
#17 D:/Kuliah/Semester 4/Pemweb/Projek/vendor/laravel/framework/src/Illuminate/Database/Migrations/Migrator.php(132): Illuminate/Database/Migrations/Migrator->runPending(Array, Array)
#18 D:/Kuliah/Semester 4/Pemweb/Projek/vendor/laravel/framework/src/Illuminate/Database/Console/Migrations/MigrateCommand.php(90): Illuminate/Database/Migrations/Migrator->run(Array, Array)
#19 D:/Kuliah/Semester 4/Pemweb/Projek/vendor/laravel/framework/src/Illuminate/Database/Migrations/Migrator.php(641): Illuminate/Database/Console/Migrations/MigrateCommand->{closure:Illuminate/Database/Console/Migrations/MigrateCommand::handle():83}()
#20 D:/Kuliah/Semester 4/Pemweb/Projek/vendor/laravel/framework/src/Illuminate/Database/Console/Migrations/MigrateCommand.php(83): Illuminate/Database/Migrations/Migrator->usingConnection(NULL, Object(Closure))
#21 D:/Kuliah/Semester 4/Pemweb/Projek/vendor/laravel/framework/src/Illuminate/Container/BoundMethod.php(36): Illuminate/Database/Console/Migrations/MigrateCommand->handle()
#22 D:/Kuliah/Semester 4/Pemweb/Projek/vendor/laravel/framework/src/Illuminate/Container/Util.php(41): Illuminate/Container/BoundMethod::{closure:Illuminate/Container/BoundMethod::call():35}()
#23 D:/Kuliah/Semester 4/Pemweb/Projek/vendor/laravel/framework/src/Illuminate/Container/BoundMethod.php(93): Illuminate/Container/Util::unwrapIfClosure(Object(Closure))
#24 D:/Kuliah/Semester 4/Pemweb/Projek/vendor/laravel/framework/src/Illuminate/Container/BoundMethod.php(35): Illuminate/Container/BoundMethod::callBoundMethod(Object(Illuminate/Foundation/Application), Array, Object(Closure))
#25 D:/Kuliah/Semester 4/Pemweb/Projek/vendor/laravel/framework/src/Illuminate/Container/Container.php(662): Illuminate/Container/BoundMethod::call(Object(Illuminate/Foundation/Application), Array, Array, NULL)
#26 D:/Kuliah/Semester 4/Pemweb/Projek/vendor/laravel/framework/src/Illuminate/Console/Command.php(211): Illuminate/Container/Container->call(Array)
#27 D:/Kuliah/Semester 4/Pemweb/Projek/vendor/symfony/console/Command/Command.php(326): Illuminate/Console/Command->execute(Object(Symfony/Component/Console/Input/ArgvInput), Object(Illuminate/Console/OutputStyle))
#28 D:/Kuliah/Semester 4/Pemweb/Projek/vendor/laravel/framework/src/Illuminate/Console/Command.php(180): Symfony/Component/Console/Command/Command->run(Object(Symfony/Component/Console/Input/ArgvInput), Object(Illuminate/Console/OutputStyle))
#29 D:/Kuliah/Semester 4/Pemweb/Projek/vendor/symfony/console/Application.php(1121): Illuminate/Console/Command->run(Object(Symfony/Component/Console/Input/ArgvInput), Object(Symfony/Component/Console/Output/ConsoleOutput))
#30 D:/Kuliah/Semester 4/Pemweb/Projek/vendor/symfony/console/Application.php(324): Symfony/Component/Console/Application->doRunCommand(Object(Illuminate/Database/Console/Migrations/MigrateCommand), Object(Symfony/Component/Console/Input/ArgvInput), Object(Symfony/Component/Console/Output/ConsoleOutput))
#31 D:/Kuliah/Semester 4/Pemweb/Projek/vendor/symfony/console/Application.php(175): Symfony/Component/Console/Application->doRun(Object(Symfony/Component/Console/Input/ArgvInput), Object(Symfony/Component/Console/Output/ConsoleOutput))
#32 D:/Kuliah/Semester 4/Pemweb/Projek/vendor/laravel/framework/src/Illuminate/Foundation/Console/Kernel.php(201): Symfony/Component/Console/Application->run(Object(Symfony/Component/Console/Input/ArgvInput), Object(Symfony/Component/Console/Output/ConsoleOutput))
#33 D:/Kuliah/Semester 4/Pemweb/Projek/artisan(17): Illuminate/Foundation/Console/Kernel->handle(Object(Symfony/Component/Console/Input/ArgvInput), Object(Symfony/Component/Console/Output/ConsoleOutput))
#34 {main}
"} 
[2026-06-02 15:16:14] laravel.EMERGENCY: Unable to create configured logger. Using emergency logger. {"exception":"[object] (InvalidArgumentException(code: 0): Log [] is not defined. at D:/Kuliah/Semester 4/Pemweb/Projek/vendor/laravel/framework/src/Illuminate/Log/LogManager.php:212)
[stacktrace]
#0 D:/Kuliah/Semester 4/Pemweb/Projek/vendor/laravel/framework/src/Illuminate/Log/LogManager.php(137): Illuminate/Log/LogManager->resolve(NULL, NULL)
#1 D:/Kuliah/Semester 4/Pemweb/Projek/vendor/laravel/framework/src/Illuminate/Log/LogManager.php(124): Illuminate/Log/LogManager->get(NULL)
#2 D:/Kuliah/Semester 4/Pemweb/Projek/vendor/laravel/framework/src/Illuminate/Log/LogManager.php(681): Illuminate/Log/LogManager->driver()
#3 D:/Kuliah/Semester 4/Pemweb/Projek/vendor/laravel/framework/src/Illuminate/Foundation/Exceptions/Handler.php(317): Illuminate/Log/LogManager->error('The \"--table\" o...', Array)
#4 D:/Kuliah/Semester 4/Pemweb/Projek/vendor/laravel/framework/src/Illuminate/Foundation/Exceptions/Handler.php(278): Illuminate/Foundation/Exceptions/Handler->reportThrowable(Object(Symfony/Component/Console/Exception/RuntimeException))
#5 D:/Kuliah/Semester 4/Pemweb/Projek/vendor/nunomaduro/collision/src/Adapters/Laravel/ExceptionHandler.php(46): Illuminate/Foundation/Exceptions/Handler->report(Object(Symfony/Component/Console/Exception/RuntimeException))
#6 D:/Kuliah/Semester 4/Pemweb/Projek/vendor/laravel/framework/src/Illuminate/Foundation/Console/Kernel.php(523): NunoMaduro/Collision/Adapters/Laravel/ExceptionHandler->report(Object(Symfony/Component/Console/Exception/RuntimeException))
#7 D:/Kuliah/Semester 4/Pemweb/Projek/vendor/laravel/framework/src/Illuminate/Foundation/Console/Kernel.php(203): Illuminate/Foundation/Console/Kernel->reportException(Object(Symfony/Component/Console/Exception/RuntimeException))
#8 D:/Kuliah/Semester 4/Pemweb/Projek/artisan(17): Illuminate/Foundation/Console/Kernel->handle(Object(Symfony/Component/Console/Input/ArgvInput), Object(Symfony/Component/Console/Output/ConsoleOutput))
#9 {main}
"} 
[2026-06-02 15:16:14] laravel.ERROR: The "--table" option does not exist. {"exception":"[object] (Symfony\\Component\\Console\\Exception\\RuntimeException(code: 0): The \"--table\" option does not exist. at D:/Kuliah/Semester 4/Pemweb/Projek/vendor/symfony/console/Input/ArgvInput.php:222)
[stacktrace]
#0 D:/Kuliah/Semester 4/Pemweb/Projek/vendor/symfony/console/Input/ArgvInput.php(149): Symfony/Component/Console/Input/ArgvInput->addLongOption('table', 'akun')
#1 D:/Kuliah/Semester 4/Pemweb/Projek/vendor/symfony/console/Input/ArgvInput.php(85): Symfony/Component/Console/Input/ArgvInput->parseLongOption('--table=akun')
#2 D:/Kuliah/Semester 4/Pemweb/Projek/vendor/symfony/console/Input/ArgvInput.php(74): Symfony/Component/Console/Input/ArgvInput->parseToken('--table=akun', true)
#3 D:/Kuliah/Semester 4/Pemweb/Projek/vendor/symfony/console/Input/Input.php(56): Symfony/Component/Console/Input/ArgvInput->parse()
#4 D:/Kuliah/Semester 4/Pemweb/Projek/vendor/symfony/console/Command/Command.php(285): Symfony/Component/Console/Input/Input->bind(Object(Symfony/Component/Console/Input/InputDefinition))
#5 D:/Kuliah/Semester 4/Pemweb/Projek/vendor/laravel/framework/src/Illuminate/Console/Command.php(180): Symfony/Component/Console/Command/Command->run(Object(Symfony/Component/Console/Input/ArgvInput), Object(Illuminate/Console/OutputStyle))
#6 D:/Kuliah/Semester 4/Pemweb/Projek/vendor/symfony/console/Application.php(1121): Illuminate/Console/Command->run(Object(Symfony/Component/Console/Input/ArgvInput), Object(Symfony/Component/Console/Output/ConsoleOutput))
#7 D:/Kuliah/Semester 4/Pemweb/Projek/vendor/symfony/console/Application.php(324): Symfony/Component/Console/Application->doRunCommand(Object(Illuminate/Database/Console/ShowCommand), Object(Symfony/Component/Console/Input/ArgvInput), Object(Symfony/Component/Console/Output/ConsoleOutput))
#8 D:/Kuliah/Semester 4/Pemweb/Projek/vendor/symfony/console/Application.php(175): Symfony/Component/Console/Application->doRun(Object(Symfony/Component/Console/Input/ArgvInput), Object(Symfony/Component/Console/Output/ConsoleOutput))
#9 D:/Kuliah/Semester 4/Pemweb/Projek/vendor/laravel/framework/src/Illuminate/Foundation/Console/Kernel.php(201): Symfony/Component/Console/Application->run(Object(Symfony/Component/Console/Input/ArgvInput), Object(Symfony/Component/Console/Output/ConsoleOutput))
#10 D:/Kuliah/Semester 4/Pemweb/Projek/artisan(17): Illuminate/Foundation/Console/Kernel->handle(Object(Symfony/Component/Console/Input/ArgvInput), Object(Symfony/Component/Console/Output/ConsoleOutput))
#11 {main}
"} 
[2026-06-02 15:24:39] laravel.EMERGENCY: Unable to create configured logger. Using emergency logger. {"exception":"[object] (InvalidArgumentException(code: 0): Log [] is not defined. at D:/Kuliah/Semester 4/Pemweb/Projek/vendor/laravel/framework/src/Illuminate/Log/LogManager.php:212)
[stacktrace]
#0 D:/Kuliah/Semester 4/Pemweb/Projek/vendor/laravel/framework/src/Illuminate/Log/LogManager.php(137): Illuminate/Log/LogManager->resolve(NULL, NULL)
#1 D:/Kuliah/Semester 4/Pemweb/Projek/vendor/laravel/framework/src/Illuminate/Log/LogManager.php(124): Illuminate/Log/LogManager->get(NULL)
#2 D:/Kuliah/Semester 4/Pemweb/Projek/vendor/laravel/framework/src/Illuminate/Log/LogManager.php(681): Illuminate/Log/LogManager->driver()
#3 D:/Kuliah/Semester 4/Pemweb/Projek/vendor/laravel/framework/src/Illuminate/Foundation/Exceptions/Handler.php(317): Illuminate/Log/LogManager->error('SQLSTATE[HY000]...', Array)
#4 D:/Kuliah/Semester 4/Pemweb/Projek/vendor/laravel/framework/src/Illuminate/Foundation/Exceptions/Handler.php(278): Illuminate/Foundation/Exceptions/Handler->reportThrowable(Object(Illuminate/Database/QueryException))
#5 D:/Kuliah/Semester 4/Pemweb/Projek/vendor/nunomaduro/collision/src/Adapters/Laravel/ExceptionHandler.php(46): Illuminate/Foundation/Exceptions/Handler->report(Object(Illuminate/Database/QueryException))
#6 D:/Kuliah/Semester 4/Pemweb/Projek/vendor/laravel/framework/src/Illuminate/Foundation/Console/Kernel.php(523): NunoMaduro/Collision/Adapters/Laravel/ExceptionHandler->report(Object(Illuminate/Database/QueryException))
#7 D:/Kuliah/Semester 4/Pemweb/Projek/vendor/laravel/framework/src/Illuminate/Foundation/Console/Kernel.php(203): Illuminate/Foundation/Console/Kernel->reportException(Object(Illuminate/Database/QueryException))
#8 D:/Kuliah/Semester 4/Pemweb/Projek/artisan(17): Illuminate/Foundation/Console/Kernel->handle(Object(Symfony/Component/Console/Input/ArgvInput), Object(Symfony/Component/Console/Output/ConsoleOutput))
#9 {main}
"} 
[2026-06-02 15:24:39] laravel.ERROR: SQLSTATE[HY000]: General error: 3780 Referencing column 'order_id' and referenced column 'order_id' in foreign key constraint 'order_items_order_id_foreign' are incompatible. (Connection: mysql, SQL: alter table `order_items` add constraint `order_items_order_id_foreign` foreign key (`order_id`) references `orders` (`order_id`) on delete cascade) {"exception":"[object] (Illuminate\\Database\\QueryException(code: HY000): SQLSTATE[HY000]: General error: 3780 Referencing column 'order_id' and referenced column 'order_id' in foreign key constraint 'order_items_order_id_foreign' are incompatible. (Connection: mysql, SQL: alter table `order_items` add constraint `order_items_order_id_foreign` foreign key (`order_id`) references `orders` (`order_id`) on delete cascade) at D:/Kuliah/Semester 4/Pemweb/Projek/vendor/laravel/framework/src/Illuminate/Database/Connection.php:829)
[stacktrace]
#0 D:/Kuliah/Semester 4/Pemweb/Projek/vendor/laravel/framework/src/Illuminate/Database/Connection.php(783): Illuminate/Database/Connection->runQueryCallback('alter table `or...', Array, Object(Closure))
#1 D:/Kuliah/Semester 4/Pemweb/Projek/vendor/laravel/framework/src/Illuminate/Database/Connection.php(576): Illuminate/Database/Connection->run('alter table `or...', Array, Object(Closure))
#2 D:/Kuliah/Semester 4/Pemweb/Projek/vendor/laravel/framework/src/Illuminate/Database/Schema/Blueprint.php(110): Illuminate/Database/Connection->statement('alter table `or...')
#3 D:/Kuliah/Semester 4/Pemweb/Projek/vendor/laravel/framework/src/Illuminate/Database/Schema/Builder.php(602): Illuminate/Database/Schema/Blueprint->build(Object(Illuminate/Database/MySqlConnection), Object(Illuminate/Database/Schema/Grammars/MySqlGrammar))
#4 D:/Kuliah/Semester 4/Pemweb/Projek/vendor/laravel/framework/src/Illuminate/Database/Schema/Builder.php(456): Illuminate/Database/Schema/Builder->build(Object(Illuminate/Database/Schema/Blueprint))
#5 D:/Kuliah/Semester 4/Pemweb/Projek/vendor/laravel/framework/src/Illuminate/Support/Facades/Facade.php(355): Illuminate/Database/Schema/Builder->create('order_items', Object(Closure))
#6 D:/Kuliah/Semester 4/Pemweb/Projek/database/migrations/2026_06_02_000006_create_order_items_table.php(15): Illuminate/Support/Facades/Facade::__callStatic('create', Array)
#7 D:/Kuliah/Semester 4/Pemweb/Projek/vendor/laravel/framework/src/Illuminate/Database/Migrations/Migrator.php(501): Illuminate/Database/Migrations/Migration@anonymous->up()
#8 D:/Kuliah/Semester 4/Pemweb/Projek/vendor/laravel/framework/src/Illuminate/Database/Migrations/Migrator.php(418): Illuminate/Database/Migrations/Migrator->runMethod(Object(Illuminate/Database/MySqlConnection), Object(Illuminate/Database/Migrations/Migration@anonymous), 'up')
#9 D:/Kuliah/Semester 4/Pemweb/Projek/vendor/laravel/framework/src/Illuminate/Database/Migrations/Migrator.php(427): Illuminate/Database/Migrations/Migrator->{closure:Illuminate/Database/Migrations/Migrator::runMigration():414}()
#10 D:/Kuliah/Semester 4/Pemweb/Projek/vendor/laravel/framework/src/Illuminate/Database/Migrations/Migrator.php(224): Illuminate/Database/Migrations/Migrator->runMigration(Object(Illuminate/Database/Migrations/Migration@anonymous), 'up')
#11 D:/Kuliah/Semester 4/Pemweb/Projek/vendor/laravel/framework/src/Illuminate/Console/View/Components/Task.php(37): Illuminate/Database/Migrations/Migrator->{closure:Illuminate/Database/Migrations/Migrator::runUp():224}()
#12 D:/Kuliah/Semester 4/Pemweb/Projek/vendor/laravel/framework/src/Illuminate/Database/Migrations/Migrator.php(783): Illuminate/Console/View/Components/Task->render('2026_06_02_0000...', Object(Closure))
#13 D:/Kuliah/Semester 4/Pemweb/Projek/vendor/laravel/framework/src/Illuminate/Database/Migrations/Migrator.php(224): Illuminate/Database/Migrations/Migrator->write('Illuminate//Cons...', '2026_06_02_0000...', Object(Closure))
#14 D:/Kuliah/Semester 4/Pemweb/Projek/vendor/laravel/framework/src/Illuminate/Database/Migrations/Migrator.php(189): Illuminate/Database/Migrations/Migrator->runUp('D://Kuliah//Semes...', 2, false)
#15 D:/Kuliah/Semester 4/Pemweb/Projek/vendor/laravel/framework/src/Illuminate/Database/Migrations/Migrator.php(132): Illuminate/Database/Migrations/Migrator->runPending(Array, Array)
#16 D:/Kuliah/Semester 4/Pemweb/Projek/vendor/laravel/framework/src/Illuminate/Database/Console/Migrations/MigrateCommand.php(90): Illuminate/Database/Migrations/Migrator->run(Array, Array)
#17 D:/Kuliah/Semester 4/Pemweb/Projek/vendor/laravel/framework/src/Illuminate/Database/Migrations/Migrator.php(641): Illuminate/Database/Console/Migrations/MigrateCommand->{closure:Illuminate/Database/Console/Migrations/MigrateCommand::handle():83}()
#18 D:/Kuliah/Semester 4/Pemweb/Projek/vendor/laravel/framework/src/Illuminate/Database/Console/Migrations/MigrateCommand.php(83): Illuminate/Database/Migrations/Migrator->usingConnection(NULL, Object(Closure))
#19 D:/Kuliah/Semester 4/Pemweb/Projek/vendor/laravel/framework/src/Illuminate/Container/BoundMethod.php(36): Illuminate/Database/Console/Migrations/MigrateCommand->handle()
#20 D:/Kuliah/Semester 4/Pemweb/Projek/vendor/laravel/framework/src/Illuminate/Container/Util.php(41): Illuminate/Container/BoundMethod::{closure:Illuminate/Container/BoundMethod::call():35}()
#21 D:/Kuliah/Semester 4/Pemweb/Projek/vendor/laravel/framework/src/Illuminate/Container/BoundMethod.php(93): Illuminate/Container/Util::unwrapIfClosure(Object(Closure))
#22 D:/Kuliah/Semester 4/Pemweb/Projek/vendor/laravel/framework/src/Illuminate/Container/BoundMethod.php(35): Illuminate/Container/BoundMethod::callBoundMethod(Object(Illuminate/Foundation/Application), Array, Object(Closure))
#23 D:/Kuliah/Semester 4/Pemweb/Projek/vendor/laravel/framework/src/Illuminate/Container/Container.php(662): Illuminate/Container/BoundMethod::call(Object(Illuminate/Foundation/Application), Array, Array, NULL)
#24 D:/Kuliah/Semester 4/Pemweb/Projek/vendor/laravel/framework/src/Illuminate/Console/Command.php(211): Illuminate/Container/Container->call(Array)
#25 D:/Kuliah/Semester 4/Pemweb/Projek/vendor/symfony/console/Command/Command.php(326): Illuminate/Console/Command->execute(Object(Symfony/Component/Console/Input/ArgvInput), Object(Illuminate/Console/OutputStyle))
#26 D:/Kuliah/Semester 4/Pemweb/Projek/vendor/laravel/framework/src/Illuminate/Console/Command.php(180): Symfony/Component/Console/Command/Command->run(Object(Symfony/Component/Console/Input/ArgvInput), Object(Illuminate/Console/OutputStyle))
#27 D:/Kuliah/Semester 4/Pemweb/Projek/vendor/symfony/console/Application.php(1121): Illuminate/Console/Command->run(Object(Symfony/Component/Console/Input/ArgvInput), Object(Symfony/Component/Console/Output/ConsoleOutput))
#28 D:/Kuliah/Semester 4/Pemweb/Projek/vendor/symfony/console/Application.php(324): Symfony/Component/Console/Application->doRunCommand(Object(Illuminate/Database/Console/Migrations/MigrateCommand), Object(Symfony/Component/Console/Input/ArgvInput), Object(Symfony/Component/Console/Output/ConsoleOutput))
#29 D:/Kuliah/Semester 4/Pemweb/Projek/vendor/symfony/console/Application.php(175): Symfony/Component/Console/Application->doRun(Object(Symfony/Component/Console/Input/ArgvInput), Object(Symfony/Component/Console/Output/ConsoleOutput))
#30 D:/Kuliah/Semester 4/Pemweb/Projek/vendor/laravel/framework/src/Illuminate/Foundation/Console/Kernel.php(201): Symfony/Component/Console/Application->run(Object(Symfony/Component/Console/Input/ArgvInput), Object(Symfony/Component/Console/Output/ConsoleOutput))
#31 D:/Kuliah/Semester 4/Pemweb/Projek/artisan(17): Illuminate/Foundation/Console/Kernel->handle(Object(Symfony/Component/Console/Input/ArgvInput), Object(Symfony/Component/Console/Output/ConsoleOutput))
#32 {main}

[previous exception] [object] (PDOException(code: HY000): SQLSTATE[HY000]: General error: 3780 Referencing column 'order_id' and referenced column 'order_id' in foreign key constraint 'order_items_order_id_foreign' are incompatible. at D:/Kuliah/Semester 4/Pemweb/Projek/vendor/laravel/framework/src/Illuminate/Database/Connection.php:587)
[stacktrace]
#0 D:/Kuliah/Semester 4/Pemweb/Projek/vendor/laravel/framework/src/Illuminate/Database/Connection.php(587): PDOStatement->execute()
#1 D:/Kuliah/Semester 4/Pemweb/Projek/vendor/laravel/framework/src/Illuminate/Database/Connection.php(816): Illuminate/Database/Connection->{closure:Illuminate/Database/Connection::statement():576}('alter table `or...', Array)
#2 D:/Kuliah/Semester 4/Pemweb/Projek/vendor/laravel/framework/src/Illuminate/Database/Connection.php(783): Illuminate/Database/Connection->runQueryCallback('alter table `or...', Array, Object(Closure))
#3 D:/Kuliah/Semester 4/Pemweb/Projek/vendor/laravel/framework/src/Illuminate/Database/Connection.php(576): Illuminate/Database/Connection->run('alter table `or...', Array, Object(Closure))
#4 D:/Kuliah/Semester 4/Pemweb/Projek/vendor/laravel/framework/src/Illuminate/Database/Schema/Blueprint.php(110): Illuminate/Database/Connection->statement('alter table `or...')
#5 D:/Kuliah/Semester 4/Pemweb/Projek/vendor/laravel/framework/src/Illuminate/Database/Schema/Builder.php(602): Illuminate/Database/Schema/Blueprint->build(Object(Illuminate/Database/MySqlConnection), Object(Illuminate/Database/Schema/Grammars/MySqlGrammar))
#6 D:/Kuliah/Semester 4/Pemweb/Projek/vendor/laravel/framework/src/Illuminate/Database/Schema/Builder.php(456): Illuminate/Database/Schema/Builder->build(Object(Illuminate/Database/Schema/Blueprint))
#7 D:/Kuliah/Semester 4/Pemweb/Projek/vendor/laravel/framework/src/Illuminate/Support/Facades/Facade.php(355): Illuminate/Database/Schema/Builder->create('order_items', Object(Closure))
#8 D:/Kuliah/Semester 4/Pemweb/Projek/database/migrations/2026_06_02_000006_create_order_items_table.php(15): Illuminate/Support/Facades/Facade::__callStatic('create', Array)
#9 D:/Kuliah/Semester 4/Pemweb/Projek/vendor/laravel/framework/src/Illuminate/Database/Migrations/Migrator.php(501): Illuminate/Database/Migrations/Migration@anonymous->up()
#10 D:/Kuliah/Semester 4/Pemweb/Projek/vendor/laravel/framework/src/Illuminate/Database/Migrations/Migrator.php(418): Illuminate/Database/Migrations/Migrator->runMethod(Object(Illuminate/Database/MySqlConnection), Object(Illuminate/Database/Migrations/Migration@anonymous), 'up')
#11 D:/Kuliah/Semester 4/Pemweb/Projek/vendor/laravel/framework/src/Illuminate/Database/Migrations/Migrator.php(427): Illuminate/Database/Migrations/Migrator->{closure:Illuminate/Database/Migrations/Migrator::runMigration():414}()
#12 D:/Kuliah/Semester 4/Pemweb/Projek/vendor/laravel/framework/src/Illuminate/Database/Migrations/Migrator.php(224): Illuminate/Database/Migrations/Migrator->runMigration(Object(Illuminate/Database/Migrations/Migration@anonymous), 'up')
#13 D:/Kuliah/Semester 4/Pemweb/Projek/vendor/laravel/framework/src/Illuminate/Console/View/Components/Task.php(37): Illuminate/Database/Migrations/Migrator->{closure:Illuminate/Database/Migrations/Migrator::runUp():224}()
#14 D:/Kuliah/Semester 4/Pemweb/Projek/vendor/laravel/framework/src/Illuminate/Database/Migrations/Migrator.php(783): Illuminate/Console/View/Components/Task->render('2026_06_02_0000...', Object(Closure))
#15 D:/Kuliah/Semester 4/Pemweb/Projek/vendor/laravel/framework/src/Illuminate/Database/Migrations/Migrator.php(224): Illuminate/Database/Migrations/Migrator->write('Illuminate//Cons...', '2026_06_02_0000...', Object(Closure))
#16 D:/Kuliah/Semester 4/Pemweb/Projek/vendor/laravel/framework/src/Illuminate/Database/Migrations/Migrator.php(189): Illuminate/Database/Migrations/Migrator->runUp('D://Kuliah//Semes...', 2, false)
#17 D:/Kuliah/Semester 4/Pemweb/Projek/vendor/laravel/framework/src/Illuminate/Database/Migrations/Migrator.php(132): Illuminate/Database/Migrations/Migrator->runPending(Array, Array)
#18 D:/Kuliah/Semester 4/Pemweb/Projek/vendor/laravel/framework/src/Illuminate/Database/Console/Migrations/MigrateCommand.php(90): Illuminate/Database/Migrations/Migrator->run(Array, Array)
#19 D:/Kuliah/Semester 4/Pemweb/Projek/vendor/laravel/framework/src/Illuminate/Database/Migrations/Migrator.php(641): Illuminate/Database/Console/Migrations/MigrateCommand->{closure:Illuminate/Database/Console/Migrations/MigrateCommand::handle():83}()
#20 D:/Kuliah/Semester 4/Pemweb/Projek/vendor/laravel/framework/src/Illuminate/Database/Console/Migrations/MigrateCommand.php(83): Illuminate/Database/Migrations/Migrator->usingConnection(NULL, Object(Closure))
#21 D:/Kuliah/Semester 4/Pemweb/Projek/vendor/laravel/framework/src/Illuminate/Container/BoundMethod.php(36): Illuminate/Database/Console/Migrations/MigrateCommand->handle()
#22 D:/Kuliah/Semester 4/Pemweb/Projek/vendor/laravel/framework/src/Illuminate/Container/Util.php(41): Illuminate/Container/BoundMethod::{closure:Illuminate/Container/BoundMethod::call():35}()
#23 D:/Kuliah/Semester 4/Pemweb/Projek/vendor/laravel/framework/src/Illuminate/Container/BoundMethod.php(93): Illuminate/Container/Util::unwrapIfClosure(Object(Closure))
#24 D:/Kuliah/Semester 4/Pemweb/Projek/vendor/laravel/framework/src/Illuminate/Container/BoundMethod.php(35): Illuminate/Container/BoundMethod::callBoundMethod(Object(Illuminate/Foundation/Application), Array, Object(Closure))
#25 D:/Kuliah/Semester 4/Pemweb/Projek/vendor/laravel/framework/src/Illuminate/Container/Container.php(662): Illuminate/Container/BoundMethod::call(Object(Illuminate/Foundation/Application), Array, Array, NULL)
#26 D:/Kuliah/Semester 4/Pemweb/Projek/vendor/laravel/framework/src/Illuminate/Console/Command.php(211): Illuminate/Container/Container->call(Array)
#27 D:/Kuliah/Semester 4/Pemweb/Projek/vendor/symfony/console/Command/Command.php(326): Illuminate/Console/Command->execute(Object(Symfony/Component/Console/Input/ArgvInput), Object(Illuminate/Console/OutputStyle))
#28 D:/Kuliah/Semester 4/Pemweb/Projek/vendor/laravel/framework/src/Illuminate/Console/Command.php(180): Symfony/Component/Console/Command/Command->run(Object(Symfony/Component/Console/Input/ArgvInput), Object(Illuminate/Console/OutputStyle))
#29 D:/Kuliah/Semester 4/Pemweb/Projek/vendor/symfony/console/Application.php(1121): Illuminate/Console/Command->run(Object(Symfony/Component/Console/Input/ArgvInput), Object(Symfony/Component/Console/Output/ConsoleOutput))
#30 D:/Kuliah/Semester 4/Pemweb/Projek/vendor/symfony/console/Application.php(324): Symfony/Component/Console/Application->doRunCommand(Object(Illuminate/Database/Console/Migrations/MigrateCommand), Object(Symfony/Component/Console/Input/ArgvInput), Object(Symfony/Component/Console/Output/ConsoleOutput))
#31 D:/Kuliah/Semester 4/Pemweb/Projek/vendor/symfony/console/Application.php(175): Symfony/Component/Console/Application->doRun(Object(Symfony/Component/Console/Input/ArgvInput), Object(Symfony/Component/Console/Output/ConsoleOutput))
#32 D:/Kuliah/Semester 4/Pemweb/Projek/vendor/laravel/framework/src/Illuminate/Foundation/Console/Kernel.php(201): Symfony/Component/Console/Application->run(Object(Symfony/Component/Console/Input/ArgvInput), Object(Symfony/Component/Console/Output/ConsoleOutput))
#33 D:/Kuliah/Semester 4/Pemweb/Projek/artisan(17): Illuminate/Foundation/Console/Kernel->handle(Object(Symfony/Component/Console/Input/ArgvInput), Object(Symfony/Component/Console/Output/ConsoleOutput))
#34 {main}
"} 
[2026-06-02 15:27:43] laravel.EMERGENCY: Unable to create configured logger. Using emergency logger. {"exception":"[object] (InvalidArgumentException(code: 0): Log [] is not defined. at D:/Kuliah/Semester 4/Pemweb/Projek/vendor/laravel/framework/src/Illuminate/Log/LogManager.php:212)
[stacktrace]
#0 D:/Kuliah/Semester 4/Pemweb/Projek/vendor/laravel/framework/src/Illuminate/Log/LogManager.php(137): Illuminate/Log/LogManager->resolve(NULL, NULL)
#1 D:/Kuliah/Semester 4/Pemweb/Projek/vendor/laravel/framework/src/Illuminate/Log/LogManager.php(124): Illuminate/Log/LogManager->get(NULL)
#2 D:/Kuliah/Semester 4/Pemweb/Projek/vendor/laravel/framework/src/Illuminate/Log/LogManager.php(681): Illuminate/Log/LogManager->driver()
#3 D:/Kuliah/Semester 4/Pemweb/Projek/vendor/laravel/framework/src/Illuminate/Foundation/Exceptions/Handler.php(317): Illuminate/Log/LogManager->error('SQLSTATE[HY000]...', Array)
#4 D:/Kuliah/Semester 4/Pemweb/Projek/vendor/laravel/framework/src/Illuminate/Foundation/Exceptions/Handler.php(278): Illuminate/Foundation/Exceptions/Handler->reportThrowable(Object(Illuminate/Database/QueryException))
#5 D:/Kuliah/Semester 4/Pemweb/Projek/vendor/nunomaduro/collision/src/Adapters/Laravel/ExceptionHandler.php(46): Illuminate/Foundation/Exceptions/Handler->report(Object(Illuminate/Database/QueryException))
#6 D:/Kuliah/Semester 4/Pemweb/Projek/vendor/laravel/framework/src/Illuminate/Foundation/Console/Kernel.php(523): NunoMaduro/Collision/Adapters/Laravel/ExceptionHandler->report(Object(Illuminate/Database/QueryException))
#7 D:/Kuliah/Semester 4/Pemweb/Projek/vendor/laravel/framework/src/Illuminate/Foundation/Console/Kernel.php(203): Illuminate/Foundation/Console/Kernel->reportException(Object(Illuminate/Database/QueryException))
#8 D:/Kuliah/Semester 4/Pemweb/Projek/artisan(17): Illuminate/Foundation/Console/Kernel->handle(Object(Symfony/Component/Console/Input/ArgvInput), Object(Symfony/Component/Console/Output/ConsoleOutput))
#9 {main}
"} 
[2026-06-02 15:27:43] laravel.ERROR: SQLSTATE[HY000]: General error: 1824 Failed to open the referenced table 'orders' (Connection: mysql, SQL: alter table `order_items` add constraint `order_items_order_id_foreign` foreign key (`order_id`) references `orders` (`order_id`) on delete cascade) {"exception":"[object] (Illuminate\\Database\\QueryException(code: HY000): SQLSTATE[HY000]: General error: 1824 Failed to open the referenced table 'orders' (Connection: mysql, SQL: alter table `order_items` add constraint `order_items_order_id_foreign` foreign key (`order_id`) references `orders` (`order_id`) on delete cascade) at D:/Kuliah/Semester 4/Pemweb/Projek/vendor/laravel/framework/src/Illuminate/Database/Connection.php:829)
[stacktrace]
#0 D:/Kuliah/Semester 4/Pemweb/Projek/vendor/laravel/framework/src/Illuminate/Database/Connection.php(783): Illuminate/Database/Connection->runQueryCallback('alter table `or...', Array, Object(Closure))
#1 D:/Kuliah/Semester 4/Pemweb/Projek/vendor/laravel/framework/src/Illuminate/Database/Connection.php(576): Illuminate/Database/Connection->run('alter table `or...', Array, Object(Closure))
#2 D:/Kuliah/Semester 4/Pemweb/Projek/vendor/laravel/framework/src/Illuminate/Database/Schema/Blueprint.php(110): Illuminate/Database/Connection->statement('alter table `or...')
#3 D:/Kuliah/Semester 4/Pemweb/Projek/vendor/laravel/framework/src/Illuminate/Database/Schema/Builder.php(602): Illuminate/Database/Schema/Blueprint->build(Object(Illuminate/Database/MySqlConnection), Object(Illuminate/Database/Schema/Grammars/MySqlGrammar))
#4 D:/Kuliah/Semester 4/Pemweb/Projek/vendor/laravel/framework/src/Illuminate/Database/Schema/Builder.php(456): Illuminate/Database/Schema/Builder->build(Object(Illuminate/Database/Schema/Blueprint))
#5 D:/Kuliah/Semester 4/Pemweb/Projek/vendor/laravel/framework/src/Illuminate/Support/Facades/Facade.php(355): Illuminate/Database/Schema/Builder->create('order_items', Object(Closure))
#6 D:/Kuliah/Semester 4/Pemweb/Projek/database/migrations/2026_06_02_000006_create_order_items_table.php(15): Illuminate/Support/Facades/Facade::__callStatic('create', Array)
#7 D:/Kuliah/Semester 4/Pemweb/Projek/vendor/laravel/framework/src/Illuminate/Database/Migrations/Migrator.php(501): Illuminate/Database/Migrations/Migration@anonymous->up()
#8 D:/Kuliah/Semester 4/Pemweb/Projek/vendor/laravel/framework/src/Illuminate/Database/Migrations/Migrator.php(418): Illuminate/Database/Migrations/Migrator->runMethod(Object(Illuminate/Database/MySqlConnection), Object(Illuminate/Database/Migrations/Migration@anonymous), 'up')
#9 D:/Kuliah/Semester 4/Pemweb/Projek/vendor/laravel/framework/src/Illuminate/Database/Migrations/Migrator.php(427): Illuminate/Database/Migrations/Migrator->{closure:Illuminate/Database/Migrations/Migrator::runMigration():414}()
#10 D:/Kuliah/Semester 4/Pemweb/Projek/vendor/laravel/framework/src/Illuminate/Database/Migrations/Migrator.php(224): Illuminate/Database/Migrations/Migrator->runMigration(Object(Illuminate/Database/Migrations/Migration@anonymous), 'up')
#11 D:/Kuliah/Semester 4/Pemweb/Projek/vendor/laravel/framework/src/Illuminate/Console/View/Components/Task.php(37): Illuminate/Database/Migrations/Migrator->{closure:Illuminate/Database/Migrations/Migrator::runUp():224}()
#12 D:/Kuliah/Semester 4/Pemweb/Projek/vendor/laravel/framework/src/Illuminate/Database/Migrations/Migrator.php(783): Illuminate/Console/View/Components/Task->render('2026_06_02_0000...', Object(Closure))
#13 D:/Kuliah/Semester 4/Pemweb/Projek/vendor/laravel/framework/src/Illuminate/Database/Migrations/Migrator.php(224): Illuminate/Database/Migrations/Migrator->write('Illuminate//Cons...', '2026_06_02_0000...', Object(Closure))
#14 D:/Kuliah/Semester 4/Pemweb/Projek/vendor/laravel/framework/src/Illuminate/Database/Migrations/Migrator.php(189): Illuminate/Database/Migrations/Migrator->runUp('D://Kuliah//Semes...', 3, false)
#15 D:/Kuliah/Semester 4/Pemweb/Projek/vendor/laravel/framework/src/Illuminate/Database/Migrations/Migrator.php(132): Illuminate/Database/Migrations/Migrator->runPending(Array, Array)
#16 D:/Kuliah/Semester 4/Pemweb/Projek/vendor/laravel/framework/src/Illuminate/Database/Console/Migrations/MigrateCommand.php(90): Illuminate/Database/Migrations/Migrator->run(Array, Array)
#17 D:/Kuliah/Semester 4/Pemweb/Projek/vendor/laravel/framework/src/Illuminate/Database/Migrations/Migrator.php(641): Illuminate/Database/Console/Migrations/MigrateCommand->{closure:Illuminate/Database/Console/Migrations/MigrateCommand::handle():83}()
#18 D:/Kuliah/Semester 4/Pemweb/Projek/vendor/laravel/framework/src/Illuminate/Database/Console/Migrations/MigrateCommand.php(83): Illuminate/Database/Migrations/Migrator->usingConnection(NULL, Object(Closure))
#19 D:/Kuliah/Semester 4/Pemweb/Projek/vendor/laravel/framework/src/Illuminate/Container/BoundMethod.php(36): Illuminate/Database/Console/Migrations/MigrateCommand->handle()
#20 D:/Kuliah/Semester 4/Pemweb/Projek/vendor/laravel/framework/src/Illuminate/Container/Util.php(41): Illuminate/Container/BoundMethod::{closure:Illuminate/Container/BoundMethod::call():35}()
#21 D:/Kuliah/Semester 4/Pemweb/Projek/vendor/laravel/framework/src/Illuminate/Container/BoundMethod.php(93): Illuminate/Container/Util::unwrapIfClosure(Object(Closure))
#22 D:/Kuliah/Semester 4/Pemweb/Projek/vendor/laravel/framework/src/Illuminate/Container/BoundMethod.php(35): Illuminate/Container/BoundMethod::callBoundMethod(Object(Illuminate/Foundation/Application), Array, Object(Closure))
#23 D:/Kuliah/Semester 4/Pemweb/Projek/vendor/laravel/framework/src/Illuminate/Container/Container.php(662): Illuminate/Container/BoundMethod::call(Object(Illuminate/Foundation/Application), Array, Array, NULL)
#24 D:/Kuliah/Semester 4/Pemweb/Projek/vendor/laravel/framework/src/Illuminate/Console/Command.php(211): Illuminate/Container/Container->call(Array)
#25 D:/Kuliah/Semester 4/Pemweb/Projek/vendor/symfony/console/Command/Command.php(326): Illuminate/Console/Command->execute(Object(Symfony/Component/Console/Input/ArgvInput), Object(Illuminate/Console/OutputStyle))
#26 D:/Kuliah/Semester 4/Pemweb/Projek/vendor/laravel/framework/src/Illuminate/Console/Command.php(180): Symfony/Component/Console/Command/Command->run(Object(Symfony/Component/Console/Input/ArgvInput), Object(Illuminate/Console/OutputStyle))
#27 D:/Kuliah/Semester 4/Pemweb/Projek/vendor/symfony/console/Application.php(1121): Illuminate/Console/Command->run(Object(Symfony/Component/Console/Input/ArgvInput), Object(Symfony/Component/Console/Output/ConsoleOutput))
#28 D:/Kuliah/Semester 4/Pemweb/Projek/vendor/symfony/console/Application.php(324): Symfony/Component/Console/Application->doRunCommand(Object(Illuminate/Database/Console/Migrations/MigrateCommand), Object(Symfony/Component/Console/Input/ArgvInput), Object(Symfony/Component/Console/Output/ConsoleOutput))
#29 D:/Kuliah/Semester 4/Pemweb/Projek/vendor/symfony/console/Application.php(175): Symfony/Component/Console/Application->doRun(Object(Symfony/Component/Console/Input/ArgvInput), Object(Symfony/Component/Console/Output/ConsoleOutput))
#30 D:/Kuliah/Semester 4/Pemweb/Projek/vendor/laravel/framework/src/Illuminate/Foundation/Console/Kernel.php(201): Symfony/Component/Console/Application->run(Object(Symfony/Component/Console/Input/ArgvInput), Object(Symfony/Component/Console/Output/ConsoleOutput))
#31 D:/Kuliah/Semester 4/Pemweb/Projek/artisan(17): Illuminate/Foundation/Console/Kernel->handle(Object(Symfony/Component/Console/Input/ArgvInput), Object(Symfony/Component/Console/Output/ConsoleOutput))
#32 {main}

[previous exception] [object] (PDOException(code: HY000): SQLSTATE[HY000]: General error: 1824 Failed to open the referenced table 'orders' at D:/Kuliah/Semester 4/Pemweb/Projek/vendor/laravel/framework/src/Illuminate/Database/Connection.php:587)
[stacktrace]
#0 D:/Kuliah/Semester 4/Pemweb/Projek/vendor/laravel/framework/src/Illuminate/Database/Connection.php(587): PDOStatement->execute()
#1 D:/Kuliah/Semester 4/Pemweb/Projek/vendor/laravel/framework/src/Illuminate/Database/Connection.php(816): Illuminate/Database/Connection->{closure:Illuminate/Database/Connection::statement():576}('alter table `or...', Array)
#2 D:/Kuliah/Semester 4/Pemweb/Projek/vendor/laravel/framework/src/Illuminate/Database/Connection.php(783): Illuminate/Database/Connection->runQueryCallback('alter table `or...', Array, Object(Closure))
#3 D:/Kuliah/Semester 4/Pemweb/Projek/vendor/laravel/framework/src/Illuminate/Database/Connection.php(576): Illuminate/Database/Connection->run('alter table `or...', Array, Object(Closure))
#4 D:/Kuliah/Semester 4/Pemweb/Projek/vendor/laravel/framework/src/Illuminate/Database/Schema/Blueprint.php(110): Illuminate/Database/Connection->statement('alter table `or...')
#5 D:/Kuliah/Semester 4/Pemweb/Projek/vendor/laravel/framework/src/Illuminate/Database/Schema/Builder.php(602): Illuminate/Database/Schema/Blueprint->build(Object(Illuminate/Database/MySqlConnection), Object(Illuminate/Database/Schema/Grammars/MySqlGrammar))
#6 D:/Kuliah/Semester 4/Pemweb/Projek/vendor/laravel/framework/src/Illuminate/Database/Schema/Builder.php(456): Illuminate/Database/Schema/Builder->build(Object(Illuminate/Database/Schema/Blueprint))
#7 D:/Kuliah/Semester 4/Pemweb/Projek/vendor/laravel/framework/src/Illuminate/Support/Facades/Facade.php(355): Illuminate/Database/Schema/Builder->create('order_items', Object(Closure))
#8 D:/Kuliah/Semester 4/Pemweb/Projek/database/migrations/2026_06_02_000006_create_order_items_table.php(15): Illuminate/Support/Facades/Facade::__callStatic('create', Array)
#9 D:/Kuliah/Semester 4/Pemweb/Projek/vendor/laravel/framework/src/Illuminate/Database/Migrations/Migrator.php(501): Illuminate/Database/Migrations/Migration@anonymous->up()
#10 D:/Kuliah/Semester 4/Pemweb/Projek/vendor/laravel/framework/src/Illuminate/Database/Migrations/Migrator.php(418): Illuminate/Database/Migrations/Migrator->runMethod(Object(Illuminate/Database/MySqlConnection), Object(Illuminate/Database/Migrations/Migration@anonymous), 'up')
#11 D:/Kuliah/Semester 4/Pemweb/Projek/vendor/laravel/framework/src/Illuminate/Database/Migrations/Migrator.php(427): Illuminate/Database/Migrations/Migrator->{closure:Illuminate/Database/Migrations/Migrator::runMigration():414}()
#12 D:/Kuliah/Semester 4/Pemweb/Projek/vendor/laravel/framework/src/Illuminate/Database/Migrations/Migrator.php(224): Illuminate/Database/Migrations/Migrator->runMigration(Object(Illuminate/Database/Migrations/Migration@anonymous), 'up')
#13 D:/Kuliah/Semester 4/Pemweb/Projek/vendor/laravel/framework/src/Illuminate/Console/View/Components/Task.php(37): Illuminate/Database/Migrations/Migrator->{closure:Illuminate/Database/Migrations/Migrator::runUp():224}()
#14 D:/Kuliah/Semester 4/Pemweb/Projek/vendor/laravel/framework/src/Illuminate/Database/Migrations/Migrator.php(783): Illuminate/Console/View/Components/Task->render('2026_06_02_0000...', Object(Closure))
#15 D:/Kuliah/Semester 4/Pemweb/Projek/vendor/laravel/framework/src/Illuminate/Database/Migrations/Migrator.php(224): Illuminate/Database/Migrations/Migrator->write('Illuminate//Cons...', '2026_06_02_0000...', Object(Closure))
#16 D:/Kuliah/Semester 4/Pemweb/Projek/vendor/laravel/framework/src/Illuminate/Database/Migrations/Migrator.php(189): Illuminate/Database/Migrations/Migrator->runUp('D://Kuliah//Semes...', 3, false)
#17 D:/Kuliah/Semester 4/Pemweb/Projek/vendor/laravel/framework/src/Illuminate/Database/Migrations/Migrator.php(132): Illuminate/Database/Migrations/Migrator->runPending(Array, Array)
#18 D:/Kuliah/Semester 4/Pemweb/Projek/vendor/laravel/framework/src/Illuminate/Database/Console/Migrations/MigrateCommand.php(90): Illuminate/Database/Migrations/Migrator->run(Array, Array)
#19 D:/Kuliah/Semester 4/Pemweb/Projek/vendor/laravel/framework/src/Illuminate/Database/Migrations/Migrator.php(641): Illuminate/Database/Console/Migrations/MigrateCommand->{closure:Illuminate/Database/Console/Migrations/MigrateCommand::handle():83}()
#20 D:/Kuliah/Semester 4/Pemweb/Projek/vendor/laravel/framework/src/Illuminate/Database/Console/Migrations/MigrateCommand.php(83): Illuminate/Database/Migrations/Migrator->usingConnection(NULL, Object(Closure))
#21 D:/Kuliah/Semester 4/Pemweb/Projek/vendor/laravel/framework/src/Illuminate/Container/BoundMethod.php(36): Illuminate/Database/Console/Migrations/MigrateCommand->handle()
#22 D:/Kuliah/Semester 4/Pemweb/Projek/vendor/laravel/framework/src/Illuminate/Container/Util.php(41): Illuminate/Container/BoundMethod::{closure:Illuminate/Container/BoundMethod::call():35}()
#23 D:/Kuliah/Semester 4/Pemweb/Projek/vendor/laravel/framework/src/Illuminate/Container/BoundMethod.php(93): Illuminate/Container/Util::unwrapIfClosure(Object(Closure))
#24 D:/Kuliah/Semester 4/Pemweb/Projek/vendor/laravel/framework/src/Illuminate/Container/BoundMethod.php(35): Illuminate/Container/BoundMethod::callBoundMethod(Object(Illuminate/Foundation/Application), Array, Object(Closure))
#25 D:/Kuliah/Semester 4/Pemweb/Projek/vendor/laravel/framework/src/Illuminate/Container/Container.php(662): Illuminate/Container/BoundMethod::call(Object(Illuminate/Foundation/Application), Array, Array, NULL)
#26 D:/Kuliah/Semester 4/Pemweb/Projek/vendor/laravel/framework/src/Illuminate/Console/Command.php(211): Illuminate/Container/Container->call(Array)
#27 D:/Kuliah/Semester 4/Pemweb/Projek/vendor/symfony/console/Command/Command.php(326): Illuminate/Console/Command->execute(Object(Symfony/Component/Console/Input/ArgvInput), Object(Illuminate/Console/OutputStyle))
#28 D:/Kuliah/Semester 4/Pemweb/Projek/vendor/laravel/framework/src/Illuminate/Console/Command.php(180): Symfony/Component/Console/Command/Command->run(Object(Symfony/Component/Console/Input/ArgvInput), Object(Illuminate/Console/OutputStyle))
#29 D:/Kuliah/Semester 4/Pemweb/Projek/vendor/symfony/console/Application.php(1121): Illuminate/Console/Command->run(Object(Symfony/Component/Console/Input/ArgvInput), Object(Symfony/Component/Console/Output/ConsoleOutput))
#30 D:/Kuliah/Semester 4/Pemweb/Projek/vendor/symfony/console/Application.php(324): Symfony/Component/Console/Application->doRunCommand(Object(Illuminate/Database/Console/Migrations/MigrateCommand), Object(Symfony/Component/Console/Input/ArgvInput), Object(Symfony/Component/Console/Output/ConsoleOutput))
#31 D:/Kuliah/Semester 4/Pemweb/Projek/vendor/symfony/console/Application.php(175): Symfony/Component/Console/Application->doRun(Object(Symfony/Component/Console/Input/ArgvInput), Object(Symfony/Component/Console/Output/ConsoleOutput))
#32 D:/Kuliah/Semester 4/Pemweb/Projek/vendor/laravel/framework/src/Illuminate/Foundation/Console/Kernel.php(201): Symfony/Component/Console/Application->run(Object(Symfony/Component/Console/Input/ArgvInput), Object(Symfony/Component/Console/Output/ConsoleOutput))
#33 D:/Kuliah/Semester 4/Pemweb/Projek/artisan(17): Illuminate/Foundation/Console/Kernel->handle(Object(Symfony/Component/Console/Input/ArgvInput), Object(Symfony/Component/Console/Output/ConsoleOutput))
#34 {main}
"} 
